root_reference,current_reference,added,replacement_added,executed,cancelled,deleted,replaced_out,remaining,balanced
8881,8881,2000,0,0,0,2000,0,0,1
8913,32997,400,400,0,0,400,400,0,1
8933,8933,2000,0,0,0,2000,0,0,1
8961,8961,600,0,0,0,600,0,0,1
8993,121553,900,900,0,0,900,900,0,1
9013,9013,600,0,0,0,600,0,0,1
9033,9033,900,0,0,0,900,0,0,1
496,496,700,0,0,0,700,0,0,1
42,31266,1000,500,0,0,500,1000,0,1
604,604,700,0,0,0,700,0,0,1
652,120448,2200,6600,0,0,2200,6600,0,1
692,58036,700,300,0,0,300,700,0,1
62,62,1500,0,0,0,1500,0,0,1
748,748,700,0,0,0,700,0,0,1
70,13502,1000,500,0,0,500,1000,0,1
800,800,2200,0,0,0,2200,0,0,1
82,82,1500,0,0,0,1500,0,0,1
155,155,25000,0,0,0,25000,0,0,1
163,163,8800,0,0,0,8800,0,0,1
167,167,6200,0,0,0,6200,0,0,1
171,171,25000,0,0,0,25000,0,0,1
175,175,15000,0,0,12500,2500,0,0,1
183,126183,1000,2500,0,0,500,3000,0,1
187,187,15000,0,0,7500,7500,0,0,1
199,158219,1500,1500,0,0,1500,1500,0,1
211,64587,1000,1000,0,0,1000,1000,0,1
219,219,15000,0,0,0,15000,0,0,1
223,223,15000,0,0,0,15000,0,0,1
227,202703,1500,4500,0,0,1500,4500,0,1
9901,9901,500,0,0,0,500,0,0,1
239,239,1000,0,0,0,1000,0,0,1
243,243,1000,0,0,0,1000,0,0,1
9921,9921,500,0,0,0,500,0,0,1
9945,9945,1500,0,0,0,1500,0,0,1
263,79715,1000,1000,0,0,500,1500,0,1
267,267,2000,0,0,0,2000,0,0,1
275,275,1000,0,0,0,1000,0,0,1
9989,57741,500,500,0,0,500,500,0,1
10017,10017,500,0,0,0,500,0,0,1
283,283,1000,0,0,0,1000,0,0,1
287,287,1000,0,0,0,1000,0,0,1
291,291,2000,0,0,0,2000,0,0,1
10061,10061,1500,0,0,0,1500,0,0,1
299,483107,2000,2000,0,0,2000,2000,0,1
303,303,1000,0,0,0,1000,0,0,1
311,104475,1000,1000,0,0,500,1500,0,1
315,168731,2000,500,0,0,500,2000,0,1
319,103587,1200,2200,0,0,200,3200,0,1
10165,192093,3900,5700,0,0,1900,7700,0,1
327,327,1200,0,0,0,1200,0,0,1
10209,108837,4000,4600,0,0,600,8000,0,1
335,335,800,0,0,0,800,0,0,1
343,343,700,0,0,200,500,0,0,1
10249,10249,3900,0,0,0,3900,0,0,1
10281,10281,4000,0,0,0,4000,0,0,1
347,347,400,0,0,0,400,0,0,1
351,351,1200,0,0,0,1200,0,0,1
10345,10345,200,0,0,0,200,0,0,1
10365,62117,200,200,0,0,200,200,0,1
10393,10393,500,0,0,0,500,0,0,1
383,383,1000,0,0,0,1000,0,0,1
10417,10417,210,0,0,0,210,0,0,1
387,77539,2000,500,0,0,500,2000,0,1
391,391,3000,0,0,0,3000,0,0,1
10469,10469,200,0,0,0,200,0,0,1
399,399,1000,0,0,0,1000,0,0,1
10513,83981,200,200,0,0,100,300,0,1
431,77535,800,700,0,0,500,1000,0,1
10537,10537,10,0,0,0,10,0,0,1
1548,1548,132,0,0,0,132,0,0,1
10561,487473,500,1000,0,0,500,1000,0,1
447,447,3000,0,0,0,3000,0,0,1
10581,10581,2000,0,0,0,2000,0,0,1
1596,1596,4500,0,0,3800,700,0,0,1
1608,1608,62,0,0,0,62,0,0,1
10605,10605,1000,0,0,0,1000,0,0,1
10637,10637,1500,0,0,0,1500,0,0,1
1644,1644,38500,0,2700,0,35800,0,0,1
1648,1648,4500,0,0,0,4500,0,0,1
10673,10673,1000,0,0,0,1000,0,0,1
491,491,500,0,0,0,500,0,0,1
10693,589689,1500,12000,0,0,1500,12000,0,1
182,182,32,0,0,0,32,0,0,1
10717,10717,900,0,0,0,900,0,0,1
499,499,2200,0,0,0,2200,0,0,1
503,503,40,0,0,0,40,0,0,1
1720,1720,4500,0,0,2300,2200,0,0,1
1724,1724,25000,0,0,0,25000,0,0,1
1728,1728,500,0,0,0,500,0,0,1
1764,1764,24,0,24,0,0,0,0,1
1768,1768,4500,0,0,0,4500,0,0,1
1772,1772,500,0,0,0,500,0,0,1
10777,10777,10900,0,0,0,10900,0,0,1
202,202,209,0,0,0,209,0,0,1
1804,1804,1000,0,0,0,1000,0,0,1
559,559,1100,0,0,600,500,0,0,1
10829,52225,1000,1300,0,0,300,2000,0,1
1832,1832,24,0,0,0,24,0,0,1
1840,1840,500,0,0,0,500,0,0,1
10853,52221,700,700,0,0,700,700,0,1
10885,10885,1000,0,0,0,1000,0,0,1
10889,10889,2000,0,0,0,2000,0,0,1
599,599,1100,0,0,0,1100,0,0,1
1916,1916,300,0,0,0,300,0,0,1
1924,1924,26,0,0,0,26,0,0,1
1944,1944,1000,0,0,0,1000,0,0,1
10917,10917,1000,0,0,0,1000,0,0,1
234,234,2828,0,0,0,2828,0,0,1
10937,10937,661,0,0,0,661,0,0,1
1972,1972,500,0,0,0,500,0,0,1
10945,10945,700,0,0,0,700,0,0,1
10965,10965,2000,0,0,0,2000,0,0,1
2032,60752,1000,2000,0,0,300,2700,0,1
2068,77844,1000,3000,0,0,1000,3000,0,1
11153,11153,1000,0,0,0,1000,0,0,1
679,679,8,0,0,0,8,0,0,1
278,278,100,0,0,0,100,0,0,1
2088,2088,3000,0,0,0,3000,0,0,1
11169,11169,126,0,0,0,126,0,0,1
2092,2092,100,0,0,0,100,0,0,1
699,699,2200,0,0,1100,1100,0,0,1
2120,2120,1500,0,0,0,1500,0,0,1
2124,2124,400,0,0,0,400,0,0,1
2148,2148,500,0,0,0,500,0,0,1
2168,2168,1500,0,0,0,1500,0,0,1
735,735,100,0,0,0,100,0,0,1
2208,2208,1500,0,0,0,1500,0,0,1
11493,11493,400,0,0,0,400,0,0,1
2236,2236,1000,0,0,0,1000,0,0,1
2248,81240,4500,800,0,0,800,4500,0,1
755,755,1100,0,0,0,1100,0,0,1
2252,2252,10,0,0,0,10,0,0,1
11545,11545,45,0,0,0,45,0,0,1
11549,11549,90,0,0,0,90,0,0,1
771,771,3000,0,0,1000,2000,0,0,1
2288,18476,1500,1500,0,0,1500,1500,0,1
11625,11625,34,0,0,0,34,0,0,1
2332,2332,1500,0,0,0,1500,0,0,1
791,791,1000,0,0,0,1000,0,0,1
11677,11677,2000,0,0,200,1800,0,0,1
2360,2360,750,0,0,0,750,0,0,1
2372,2372,400,0,0,0,400,0,0,1
2376,2376,1500,0,0,0,1500,0,0,1
807,807,1000,0,0,0,1000,0,0,1
2388,2388,100,0,0,0,100,0,0,1
811,811,9757,0,87,0,9670,0,0,1
2428,2428,4500,0,0,0,4500,0,0,1
11825,11825,16,0,0,0,16,0,0,1
11845,11845,100,0,0,0,100,0,0,1
2460,2460,1000,0,0,0,1000,0,0,1
2472,2472,200,0,0,0,200,0,0,1
843,843,2000,0,0,0,2000,0,0,1
2504,132404,1500,2000,0,0,1000,2500,0,1
871,871,50,0,0,0,50,0,0,1
2512,2512,300,0,0,0,300,0,0,1
422,422,100,0,100,0,0,0,0,1
883,883,1000,0,0,0,1000,0,0,1
2548,2548,1000,0,0,0,1000,0,0,1
891,891,1000,0,0,500,500,0,0,1
2592,86928,1500,2500,0,0,1500,2500,0,1
2600,2600,30,0,0,0,30,0,0,1
2604,2604,200,0,0,0,200,0,0,1
510,510,1000,0,0,0,1000,0,0,1
530,530,1000,0,0,0,1000,0,0,1
12053,12053,115,0,0,0,115,0,0,1
12057,12057,13000,0,0,0,13000,0,0,1
554,554,1000,0,0,0,1000,0,0,1
578,578,1000,0,0,0,1000,0,0,1
2676,2676,1000,0,0,0,1000,0,0,1
947,947,1000,0,0,500,500,0,0,1
598,79230,3000,2000,0,0,500,4500,0,1
2720,2720,500,0,0,0,500,0,0,1
626,626,3000,0,0,0,3000,0,0,1
12149,12149,400,0,0,0,400,0,0,1
650,650,700,0,0,0,700,0,0,1
654,654,100,0,0,0,100,0,0,1
662,76674,3000,2000,0,0,500,4500,0,1
682,682,3000,0,0,0,3000,0,0,1
12201,12201,1000,0,0,0,1000,0,0,1
971,36331,300,400,0,0,400,300,0,1
702,702,199,0,0,0,199,0,0,1
975,975,300,0,0,0,300,0,0,1
979,155275,1000,1000,0,0,1000,1000,0,1
983,983,700,0,0,0,700,0,0,1
12241,12241,450,0,0,0,450,0,0,1
12245,12245,2000,0,0,1000,1000,0,0,1
991,155479,1000,200,0,0,200,1000,0,1
1015,1015,2000,0,0,0,2000,0,0,1
794,64006,3000,5000,0,0,1500,6500,0,1
1019,1019,100,0,0,0,100,0,0,1
1023,1023,1900,0,0,900,1000,0,0,1
818,70042,3000,3000,0,0,3000,3000,0,1
842,68950,3000,2500,0,0,1000,4500,0,1
3060,3060,500,0,0,0,500,0,0,1
858,76590,3000,500,0,0,500,3000,0,1
878,878,51,0,0,0,51,0,0,1
898,898,50,0,0,0,50,0,0,1
3132,3132,600,0,0,0,600,0,0,1
12369,12369,2000,0,0,200,1800,0,0,1
12377,12377,2000,0,0,1000,1000,0,0,1
3180,3180,900,0,0,0,900,0,0,1
1063,1063,1000,0,0,0,1000,0,0,1
1002,1002,125,0,0,0,125,0,0,1
12429,12429,900,0,0,0,900,0,0,1
12433,12433,100,0,0,0,100,0,0,1
3228,3228,600,0,0,0,600,0,0,1
12465,12465,2000,0,0,1000,1000,0,0,1
3268,3268,100,0,0,0,100,0,0,1
3276,3276,900,0,0,0,900,0,0,1
12509,12509,2000,0,0,0,2000,0,0,1
1115,1115,4400,0,0,0,4400,0,0,1
1127,1127,1500,0,0,0,1500,0,0,1
1102,1102,70,0,0,0,70,0,0,1
1135,1135,1000,0,0,0,1000,0,0,1
1139,1139,300,0,0,0,300,0,0,1
1143,1143,200,0,0,0,200,0,0,1
1155,80687,12500,10600,0,0,10600,12500,0,1
1159,1159,200,0,200,0,0,0,0,1
1167,1167,3100,0,0,0,3100,0,0,1
1183,241679,1000,1000,0,0,1000,1000,0,1
1195,80691,12500,11900,0,0,11900,12500,0,1
12689,12689,1000,0,0,0,1000,0,0,1
1199,1199,1000,0,0,0,1000,0,0,1
1211,1211,1000,0,0,0,1000,0,0,1
3560,57480,500,200,0,0,200,500,0,1
1243,1243,400,0,0,0,400,0,0,1
3608,900872,1500,200,0,0,200,1500,0,1
3652,41932,400,900,0,0,300,1000,0,1
3692,186956,1500,1500,0,0,1500,1500,0,1
12845,12845,700,0,0,0,700,0,0,1
1283,1283,2000,0,0,1000,1000,0,0,1
12861,89593,1000,500,0,0,500,1000,0,1
12877,12877,1000,0,0,0,1000,0,0,1
12893,430293,3000,6500,0,0,500,9000,0,1
12909,12909,1000,0,0,500,500,0,0,1
12913,109721,1000,1000,0,0,500,1500,0,1
1398,1398,500,0,0,0,500,0,0,1
12921,12921,1000,0,0,0,1000,0,0,1
12941,171145,3000,500,0,0,500,3000,0,1
1319,1319,199,0,0,0,199,0,0,1
3916,3916,370,0,0,0,370,0,0,1
12957,45745,1000,1000,0,0,500,1500,0,1
12969,12969,1000,0,0,0,1000,0,0,1
1343,1343,1500,0,0,0,1500,0,0,1
12973,122601,1500,3000,0,0,1500,3000,0,1
12989,12989,500,0,0,0,500,0,0,1
1490,1490,100,0,0,0,100,0,0,1
13009,13009,500,0,0,0,500,0,0,1
13021,13021,1500,0,0,0,1500,0,0,1
13041,13041,1000,0,0,0,1000,0,0,1
1534,75302,1500,700,0,0,700,1500,0,1
4084,4084,500,0,0,0,500,0,0,1
1558,1558,3000,0,0,0,3000,0,0,1
1582,1582,1500,0,0,0,1500,0,0,1
1606,1606,3000,0,0,0,3000,0,0,1
4156,4156,300,0,0,0,300,0,0,1
13137,13137,1000,0,0,0,1000,0,0,1
13141,107489,3000,2200,0,0,700,4500,0,1
13149,13149,3000,0,0,0,3000,0,0,1
13153,115653,3000,3000,0,0,3000,3000,0,1
13157,13157,300,0,0,0,300,0,0,1
13161,13161,2593,0,0,0,2593,0,0,1
1650,1650,900,0,0,0,900,0,0,1
13173,84949,3000,1500,0,0,1500,3000,0,1
13185,114393,3000,3000,0,0,3000,3000,0,1
13193,13193,100,0,0,0,100,0,0,1
13197,13197,1000,0,0,0,1000,0,0,1
1714,1714,2000,0,0,1000,1000,0,0,1
13213,13213,1000,0,0,0,1000,0,0,1
13225,91089,1000,500,0,0,500,1000,0,1
13229,13229,1000,0,0,0,1000,0,0,1
4204,4204,5000,0,0,0,5000,0,0,1
13241,13241,1000,0,0,0,1000,0,0,1
13253,13253,1500,0,0,0,1500,0,0,1
13257,13257,1000,0,0,0,1000,0,0,1
4208,4208,300,0,0,0,300,0,0,1
1798,1798,250,0,0,0,250,0,0,1
13269,249073,1500,2000,0,0,500,3000,0,1
4216,4216,500,0,0,0,500,0,0,1
13273,124201,1000,5500,0,0,1000,5500,0,1
13285,13285,1000,0,0,0,1000,0,0,1
13289,13289,2000,0,0,0,2000,0,0,1
13297,124241,3000,3000,0,0,3000,3000,0,1
13305,13305,1000,0,0,0,1000,0,0,1
13309,95157,2000,1500,0,0,500,3000,0,1
1926,1926,1000,0,0,500,500,0,0,1
13313,114061,3000,1000,0,0,500,3500,0,1
13317,13317,400,0,0,0,400,0,0,1
13333,13333,500,0,0,0,500,0,0,1
13341,212373,1500,1500,0,0,1500,1500,0,1
13357,13357,500,0,0,0,500,0,0,1
13361,13361,1500,0,0,0,1500,0,0,1
1839,1839,500,0,0,0,500,0,0,1
1851,1851,500,0,0,0,500,0,0,1
4244,4244,200,0,0,0,200,0,0,1
4252,4252,2000,0,0,1000,1000,0,0,1
13373,13373,200,0,0,0,200,0,0,1
4256,4256,1000,0,0,300,700,0,0,1
2091,2091,1000,0,0,0,1000,0,0,1
2242,2242,1000,0,0,0,1000,0,0,1
13421,13421,1000,0,0,0,1000,0,0,1
2127,2127,150,0,0,0,150,0,0,1
2278,2278,900,0,0,0,900,0,0,1
4280,4280,200,0,0,0,200,0,0,1
2302,2302,1000,0,0,0,1000,0,0,1
2350,2350,50,0,0,0,50,0,0,1
2382,2382,2000,0,0,0,2000,0,0,1
13489,13489,1800,0,0,659,1141,0,0,1
13525,13525,100,0,0,0,100,0,0,1
13541,13541,3000,0,0,0,3000,0,0,1
13593,13593,10600,0,0,6700,3900,0,0,1
4352,4352,273,0,0,0,273,0,0,1
2719,2719,100,0,0,0,100,0,0,1
13641,13641,1000,0,0,0,1000,0,0,1
2890,2890,1000,0,0,500,500,0,0,1
13645,13645,1800,0,0,0,1800,0,0,1
4404,4404,20000,0,0,0,20000,0,0,1
13649,13649,100,0,100,0,0,0,0,1
2902,2902,3000,0,0,0,3000,0,0,1
2918,2918,1000,0,0,400,600,0,0,1
13693,13693,1000,0,0,500,500,0,0,1
4448,4448,150,0,0,0,150,0,0,1
13725,13725,7900,0,0,0,7900,0,0,1
13745,13745,200,0,0,0,200,0,0,1
13749,13749,5300,0,0,4000,1300,0,0,1
3235,3235,100,0,0,0,100,0,0,1
3058,3058,300,0,0,0,300,0,0,1
3291,3291,100,0,0,0,100,0,0,1
3082,3082,500,0,0,0,500,0,0,1
3335,3335,100,0,0,0,100,0,0,1
3447,3447,300,0,0,0,300,0,0,1
4520,4520,162,0,0,0,162,0,0,1
4524,4524,1000,0,0,0,1000,0,0,1
13833,13833,17,0,0,0,17,0,0,1
3194,3194,220,0,0,0,220,0,0,1
13841,13841,200,0,0,0,200,0,0,1
4544,4544,2000,0,0,0,2000,0,0,1
3254,3254,600,0,0,0,600,0,0,1
3262,3262,1000,0,0,500,500,0,0,1
13853,13853,1000,0,0,0,1000,0,0,1
3775,3775,100,0,0,0,100,0,0,1
4572,4572,81,0,81,0,0,0,0,1
4580,4580,1000,0,0,0,1000,0,0,1
4584,4584,100,0,0,0,100,0,0,1
3338,3338,300,0,0,0,300,0,0,1
13921,13921,3000,0,0,2000,1000,0,0,1
13961,13961,3000,0,0,0,3000,0,0,1
4660,4660,10,0,0,0,10,0,0,1
4668,4668,1000,0,0,0,1000,0,0,1
14001,14001,125,0,0,0,125,0,0,1
14009,14009,8000,0,0,0,8000,0,0,1
3502,3502,1000,0,0,0,1000,0,0,1
4635,4635,400,0,400,0,0,0,0,1
4728,4728,550,0,0,0,550,0,0,1
3674,3674,300,0,0,0,300,0,0,1
3694,3694,1000,0,0,0,1000,0,0,1
5023,5023,103,0,0,0,103,0,0,1
14141,14141,250,0,0,0,250,0,0,1
3790,3790,2000,0,0,0,2000,0,0,1
5307,5307,100,0,0,0,100,0,0,1
4836,4836,75,0,0,0,75,0,0,1
14221,14221,1000,0,0,0,1000,0,0,1
3918,3918,1000,0,0,0,1000,0,0,1
4864,4864,1000,0,0,0,1000,0,0,1
3938,3938,366,0,0,0,366,0,0,1
14285,14285,100,0,0,0,100,0,0,1
6115,6115,100,0,0,0,100,0,0,1
4110,4110,1000,0,0,0,1000,0,0,1
4936,4936,75,0,0,0,75,0,0,1
6231,6231,4000,0,0,0,4000,0,0,1
14365,14365,100,0,0,0,100,0,0,1
6539,6539,300,0,0,0,300,0,0,1
4242,4242,3000,0,0,0,3000,0,0,1
6627,6627,5600,0,0,0,5600,0,0,1
6631,6631,98,0,0,0,98,0,0,1
4350,4350,200,0,0,0,200,0,0,1
5060,5060,75,0,0,0,75,0,0,1
14529,14529,50,0,0,0,50,0,0,1
14533,14533,50,0,0,0,50,0,0,1
14537,14537,8000,0,0,0,8000,0,0,1
5112,5112,2000,0,0,0,2000,0,0,1
7475,7475,200,0,0,0,200,0,0,1
4502,4502,1000,0,0,0,1000,0,0,1
5132,5132,75,0,0,0,75,0,0,1
8227,8227,4000,0,0,3000,1000,0,0,1
8499,8499,1000,0,0,500,500,0,0,1
14725,14725,1000,0,0,0,1000,0,0,1
4638,4638,3000,0,0,0,3000,0,0,1
14753,14753,200,0,0,0,200,0,0,1
5260,5260,73,0,0,0,73,0,0,1
14797,14797,1000,0,0,500,500,0,0,1
9731,26403,700,300,0,0,300,700,0,1
9851,9851,200,0,0,0,200,0,0,1
5058,5058,200,0,0,0,200,0,0,1
14933,14933,1000,0,1000,0,0,0,0,1
14937,14937,1725,0,0,0,1725,0,0,1
14949,14949,300,0,0,100,200,0,0,1
10107,10107,2000,0,0,1000,1000,0,0,1
10175,10175,3000,0,0,0,3000,0,0,1
5748,5748,1000,0,0,0,1000,0,0,1
10183,10183,2000,0,0,0,2000,0,0,1
10215,10215,500,0,0,0,500,0,0,1
6430,6430,410,0,0,0,410,0,0,1
10475,10475,1500,0,0,0,1500,0,0,1
15269,15269,400,0,0,0,400,0,0,1
15281,15281,12026,0,0,0,12026,0,0,1
6360,6360,3000,0,0,0,3000,0,0,1
10575,10575,2000,0,0,0,2000,0,0,1
15385,15385,200,0,0,0,200,0,0,1
10791,10791,7000,0,0,0,7000,0,0,1
15509,15509,1000,0,0,0,1000,0,0,1
15525,15525,10,0,0,0,10,0,0,1
10835,10835,6000,0,0,0,6000,0,0,1
10855,10855,1600,0,0,0,1600,0,0,1
6752,6752,1000,0,0,0,1000,0,0,1
11027,11027,3000,0,0,0,3000,0,0,1
6796,6796,2500,0,0,0,2500,0,0,1
16217,16217,1000,0,0,0,1000,0,0,1
16701,16701,3000,0,0,0,3000,0,0,1
9542,9542,3000,0,0,0,3000,0,0,1
11311,11311,50,0,0,0,50,0,0,1
11467,11467,200,0,0,0,200,0,0,1
17697,17697,400,0,0,200,200,0,0,1
9634,9634,6000,0,0,0,6000,0,0,1
17945,17945,2,0,0,0,2,0,0,1
7052,7052,1000,0,0,0,1000,0,0,1
7056,7056,1000,0,0,0,1000,0,0,1
11583,11583,200,0,0,0,200,0,0,1
18621,18621,1000,0,0,0,1000,0,0,1
9742,9742,1000,0,0,0,1000,0,0,1
11683,11683,200,0,0,100,100,0,0,1
11727,11727,200,0,0,0,200,0,0,1
9918,9918,6000,0,0,0,6000,0,0,1
20509,20509,9000,0,0,7500,1500,0,0,1
7436,7436,1000,0,0,0,1000,0,0,1
9966,9966,2000,0,0,1000,1000,0,0,1
7440,7440,3000,0,0,0,3000,0,0,1
7524,7524,1800,0,0,100,1700,0,0,1
12087,12087,100,0,0,0,100,0,0,1
21797,21797,3000,0,0,0,3000,0,0,1
7764,7764,1000,0,0,500,500,0,0,1
12275,12275,6000,0,0,0,6000,0,0,1
12295,12295,3,0,0,0,3,0,0,1
10266,10266,900,0,0,0,900,0,0,1
12367,12367,597,0,0,0,597,0,0,1
10326,10326,1000,0,0,0,1000,0,0,1
24213,24213,2000,0,0,1500,500,0,0,1
12419,12419,100,0,0,0,100,0,0,1
24509,24509,200,0,0,0,200,0,0,1
12467,12467,503,0,0,0,503,0,0,1
12511,12511,55,0,0,0,55,0,0,1
12551,12551,597,0,0,0,597,0,0,1
12671,12671,503,0,0,0,503,0,0,1
25305,25305,1000,0,0,0,1000,0,0,1
8404,8404,100,0,0,0,100,0,0,1
10682,10682,1300,0,0,0,1300,0,0,1
25621,25621,1000,0,0,0,1000,0,0,1
8484,8484,5000,0,0,2500,2500,0,0,1
12823,12823,68,0,0,0,68,0,0,1
8516,8516,2000,0,0,1000,1000,0,0,1
10906,10906,800,0,0,0,800,0,0,1
8624,8624,1000,0,0,0,1000,0,0,1
10966,10966,1500,0,0,0,1500,0,0,1
13047,13047,1100,0,0,0,1100,0,0,1
26641,26641,2000,0,0,1000,1000,0,0,1
8676,8676,5000,0,0,0,5000,0,0,1
27181,27181,3000,0,0,1500,1500,0,0,1
11166,11166,400,0,0,0,400,0,0,1
27285,27285,3000,0,0,0,3000,0,0,1
27549,27549,300,0,0,0,300,0,0,1
27697,27697,1000,0,0,0,1000,0,0,1
8868,8868,3000,0,0,0,3000,0,0,1
28009,28009,6000,0,0,3000,3000,0,0,1
13607,13607,600,0,0,0,600,0,0,1
13619,13619,9900,0,0,0,9900,0,0,1
13667,13667,1200,0,0,0,1200,0,0,1
28149,28149,6000,0,0,0,6000,0,0,1
13771,13771,200,0,0,0,200,0,0,1
13787,13787,600,0,0,300,300,0,0,1
9212,9212,2000,0,0,0,2000,0,0,1
13959,13959,200,0,0,0,200,0,0,1
12822,12822,2500,0,0,1300,1200,0,0,1
9372,9372,3000,0,0,0,3000,0,0,1
14111,14111,300,0,0,0,300,0,0,1
13278,13278,2000,0,0,0,2000,0,0,1
28625,28625,900,0,0,0,900,0,0,1
13494,13494,5000,0,0,2000,3000,0,0,1
13538,13538,500,0,0,0,500,0,0,1
28737,28737,1000,0,0,400,600,0,0,1
13742,13742,600,0,0,0,600,0,0,1
14283,14283,100,0,0,0,100,0,0,1
14287,14287,11000,0,0,0,11000,0,0,1
14130,14130,600,0,0,0,600,0,0,1
14246,14246,600,0,0,300,300,0,0,1
9652,9652,3000,0,0,0,3000,0,0,1
9656,9656,5000,0,0,0,5000,0,0,1
28961,28961,500,0,0,0,500,0,0,1
14363,14363,500,0,0,0,500,0,0,1
14411,14411,500,0,0,0,500,0,0,1
14435,14435,500,0,0,300,200,0,0,1
29121,29121,300,0,0,100,200,0,0,1
9720,9720,15000,0,0,0,15000,0,0,1
14459,14459,500,0,0,0,500,0,0,1
29145,45733,1000,1000,0,0,1000,1000,0,1
15282,15282,1500,0,0,0,1500,0,0,1
14471,14471,100,0,0,0,100,0,0,1
14483,14483,5000,0,0,0,5000,0,0,1
29197,29197,4500,0,0,0,4500,0,0,1
14487,14487,1000,0,0,0,1000,0,0,1
14495,14495,500,0,0,0,500,0,0,1
9756,9756,15000,0,0,0,15000,0,0,1
14523,14523,1000,0,0,0,1000,0,0,1
16042,16042,2500,0,0,100,2400,0,0,1
9820,9820,1200,0,0,0,1200,0,0,1
14563,14563,5000,0,0,0,5000,0,0,1
14595,14595,5000,0,0,0,5000,0,0,1
29305,29305,3000,0,0,0,3000,0,0,1
14607,14607,100,0,0,0,100,0,0,1
14623,14623,1000,0,0,0,1000,0,0,1
14627,14627,3000,0,0,0,3000,0,0,1
14635,14635,28,0,0,0,28,0,0,1
9880,9880,15000,0,0,0,15000,0,0,1
16806,16806,5000,0,0,0,5000,0,0,1
14643,14643,5000,0,0,0,5000,0,0,1
14655,14655,2500,0,0,0,2500,0,0,1
14667,14667,3700,0,0,0,3700,0,0,1
14679,14679,1200,0,0,0,1200,0,0,1
14687,14687,300,0,0,0,300,0,0,1
14711,14711,2500,0,0,1300,1200,0,0,1
14715,14715,10,0,0,0,10,0,0,1
14879,14879,3700,0,0,0,3700,0,0,1
17426,17426,2500,0,0,0,2500,0,0,1
17430,17430,5000,0,0,2500,2500,0,0,1
15127,15127,1200,0,0,0,1200,0,0,1
17458,17458,2500,0,0,0,2500,0,0,1
15399,15399,1800,0,0,0,1800,0,0,1
29517,29517,5,0,0,0,5,0,0,1
15451,15451,100,0,0,0,100,0,0,1
9960,9960,1,0,0,0,1,0,0,1
9964,9964,1000,0,0,0,1000,0,0,1
15623,15623,1200,0,0,600,600,0,0,1
16051,16051,1800,0,0,0,1800,0,0,1
9992,9992,2000,0,0,0,2000,0,0,1
10000,10000,3000,0,0,0,3000,0,0,1
16387,16387,6000,0,0,2000,4000,0,0,1
16423,16423,4000,0,0,2000,2000,0,0,1
16443,16443,5000,0,0,0,5000,0,0,1
10012,10012,2000,0,0,0,2000,0,0,1
16563,16563,4000,0,0,0,4000,0,0,1
17610,17610,1000,0,0,0,1000,0,0,1
10044,10044,1000,0,0,0,1000,0,0,1
17658,17658,1000,0,0,500,500,0,0,1
17666,17666,600,0,0,300,300,0,0,1
17670,17670,2500,0,0,100,2400,0,0,1
17686,17686,1000,0,0,0,1000,0,0,1
17690,17690,1000,0,0,500,500,0,0,1
17339,17339,4400,0,0,0,4400,0,0,1
17718,17718,300,0,0,0,300,0,0,1
17734,17734,2200,0,0,0,2200,0,0,1
17746,17746,2500,0,0,0,2500,0,0,1
17762,17762,300,0,0,0,300,0,0,1
17770,17770,15000,0,0,0,15000,0,0,1
10116,10116,500,0,0,0,500,0,0,1
10120,10120,500,0,0,0,500,0,0,1
10136,10136,500,0,0,300,200,0,0,1
17834,17834,1200,0,0,0,1200,0,0,1
18119,18119,3000,0,0,0,3000,0,0,1
10140,10140,1800,0,0,0,1800,0,0,1
18367,18367,1000,0,0,0,1000,0,0,1
17890,17890,900,0,0,0,900,0,0,1
17898,17898,1200,0,0,0,1200,0,0,1
17910,17910,500,0,0,0,500,0,0,1
10168,10168,4700,0,0,0,4700,0,0,1
17930,17930,15000,0,0,7500,7500,0,0,1
17958,17958,2500,0,0,0,2500,0,0,1
17962,17962,1000,0,0,0,1000,0,0,1
17978,17978,1000,0,0,0,1000,0,0,1
17994,17994,400,0,0,0,400,0,0,1
19051,19051,29900,0,0,14900,15000,0,0,1
30129,30129,100000,0,0,0,100000,0,0,1
19187,19187,90000,0,0,0,90000,0,0,1
19247,19247,500,0,0,0,500,0,0,1
19263,19263,1000,0,0,500,500,0,0,1
19359,19359,1000,0,0,0,1000,0,0,1
19419,19419,30000,0,0,7500,22500,0,0,1
19575,19575,5000,0,0,0,5000,0,0,1
19799,19799,17600,0,0,2700,14900,0,0,1
19807,19807,90000,0,0,0,90000,0,0,1
19927,19927,5000,0,0,0,5000,0,0,1
18114,18114,1000,0,0,0,1000,0,0,1
20019,20019,1000,0,0,0,1000,0,0,1
20023,20023,1000,0,0,0,1000,0,0,1
18138,18138,1000,0,0,500,500,0,0,1
18166,18166,1000,0,0,0,1000,0,0,1
10264,10264,900,0,91,0,809,0,0,1
18186,18186,1000,0,0,500,500,0,0,1
20435,20435,6000,0,0,2000,4000,0,0,1
20467,20467,4000,0,0,2000,2000,0,0,1
10324,10324,15000,0,0,10000,5000,0,0,1
10428,10428,15000,0,0,12500,2500,0,0,1
10516,10516,15000,0,0,0,15000,0,0,1
20515,20515,5000,0,0,0,5000,0,0,1
10612,10612,15000,0,0,7500,7500,0,0,1
10764,10764,200,0,0,0,200,0,0,1
18274,18274,300,0,0,0,300,0,0,1
18286,18286,300,0,0,0,300,0,0,1
18306,18306,1600,0,0,0,1600,0,0,1
18318,18318,1200,0,0,0,1200,0,0,1
18330,18330,1200,0,0,0,1200,0,0,1
18358,18358,10000,0,0,0,10000,0,0,1
18390,18390,10000,0,0,0,10000,0,0,1
20663,20663,2800,0,0,2200,600,0,0,1
18410,18410,500,0,0,0,500,0,0,1
11720,11720,1900,0,0,0,1900,0,0,1
11796,11796,3200,0,0,300,2900,0,0,1
20711,20711,500,0,0,0,500,0,0,1
20739,20739,1500,0,0,0,1500,0,0,1
20775,20775,1500,0,0,0,1500,0,0,1
20791,20791,1000,0,0,0,1000,0,0,1
20795,20795,1000,0,0,0,1000,0,0,1
20803,20803,20000,0,0,0,20000,0,0,1
20835,20835,10000,0,0,0,10000,0,0,1
20839,20839,20000,0,0,0,20000,0,0,1
20903,20903,500,0,0,300,200,0,0,1
31405,31405,5000,0,0,0,5000,0,0,1
21943,21943,5000,0,0,0,5000,0,0,1
15128,15128,5000,0,0,0,5000,0,0,1
15320,15320,1000,0,0,0,1000,0,0,1
15404,15404,5000,0,0,0,5000,0,0,1
32409,32409,5000,0,0,0,5000,0,0,1
19690,19690,5000,0,0,0,5000,0,0,1
15516,15516,1200,0,0,0,1200,0,0,1
19798,19798,5000,0,0,0,5000,0,0,1
32845,32845,5000,0,0,0,5000,0,0,1
15732,15732,100,0,0,0,100,0,0,1
15736,15736,100,0,0,0,100,0,0,1
15744,15744,100,0,0,0,100,0,0,1
15748,15748,100,0,0,0,100,0,0,1
15752,15752,100,0,0,0,100,0,0,1
15908,15908,100,0,0,0,100,0,0,1
15912,15912,100,0,0,0,100,0,0,1
23639,23639,5000,0,0,0,5000,0,0,1
33229,33229,5000,0,0,0,5000,0,0,1
24091,26335,800,800,0,0,400,1200,0,1
20586,20586,5000,0,0,0,5000,0,0,1
24359,24359,100,0,0,0,100,0,0,1
20922,20922,100,0,0,0,100,0,0,1
24391,24391,100,0,0,0,100,0,0,1
33917,33917,100,0,0,0,100,0,0,1
24415,24415,100,0,0,0,100,0,0,1
20942,20942,100,0,0,0,100,0,0,1
24419,24419,100,0,0,0,100,0,0,1
20946,20946,100,0,0,0,100,0,0,1
24423,24423,100,0,0,0,100,0,0,1
33925,33925,100,0,0,0,100,0,0,1
20970,20970,100,0,0,0,100,0,0,1
24431,24431,100,0,0,0,100,0,0,1
24435,24435,100,0,0,0,100,0,0,1
16720,16720,200,0,0,0,200,0,0,1
16728,16728,200,0,0,0,200,0,0,1
24443,24443,100,0,0,0,100,0,0,1
20986,20986,100,0,0,0,100,0,0,1
20994,20994,100,0,0,0,100,0,0,1
24491,24491,100,0,0,0,100,0,0,1
24503,24503,100,0,0,0,100,0,0,1
34221,34221,100,0,0,0,100,0,0,1
34229,34229,100,0,0,0,100,0,0,1
24771,24771,100,0,0,0,100,0,0,1
24779,24779,100,0,0,0,100,0,0,1
34405,34405,100,0,0,0,100,0,0,1
34413,34413,100,0,0,0,100,0,0,1
34433,34433,100,0,0,0,100,0,0,1
16984,16984,200,0,0,0,200,0,0,1
34441,34441,100,0,0,0,100,0,0,1
21294,21294,100,0,0,0,100,0,0,1
17000,17000,200,0,0,0,200,0,0,1
17004,17004,100,0,0,0,100,0,0,1
17024,17024,5000,0,0,0,5000,0,0,1
21302,21302,400,0,0,0,400,0,0,1
21306,21306,100,0,0,0,100,0,0,1
21310,21310,400,0,0,0,400,0,0,1
21314,21314,100,0,0,0,100,0,0,1
24843,24843,100,0,0,0,100,0,0,1
17032,17032,100,0,0,0,100,0,0,1
17044,17044,100,0,0,0,100,0,0,1
24847,24847,100,0,0,0,100,0,0,1
17048,17048,100,0,0,0,100,0,0,1
24851,24851,100,0,0,0,100,0,0,1
17060,17060,100,0,0,0,100,0,0,1
21330,21330,100,0,0,0,100,0,0,1
24859,24859,100,0,0,0,100,0,0,1
24863,24863,100,0,0,0,100,0,0,1
24875,24875,400,0,400,0,0,0,0,1
34517,34517,100,0,0,0,100,0,0,1
17076,17076,100,0,0,0,100,0,0,1
34525,34525,100,0,0,0,100,0,0,1
17088,17088,100,0,0,0,100,0,0,1
24883,24883,100,0,0,0,100,0,0,1
24895,24895,100,0,0,0,100,0,0,1
34573,34573,100,0,0,0,100,0,0,1
34577,34577,100,0,0,0,100,0,0,1
17112,17112,100,0,0,0,100,0,0,1
21358,21358,100,0,0,0,100,0,0,1
34593,34593,100,0,0,0,100,0,0,1
21362,21362,100,0,0,0,100,0,0,1
34601,34601,100,0,0,0,100,0,0,1
34605,34605,100,0,0,0,100,0,0,1
24931,24931,100,0,0,0,100,0,0,1
21374,21374,100,0,0,0,100,0,0,1
21378,21378,100,0,0,0,100,0,0,1
24947,24947,100,0,0,0,100,0,0,1
21386,21386,100,0,0,0,100,0,0,1
34633,34633,100,0,0,0,100,0,0,1
21394,21394,100,0,0,0,100,0,0,1
34641,34641,100,0,0,0,100,0,0,1
24971,24971,100,0,0,0,100,0,0,1
24987,24987,100,0,0,0,100,0,0,1
24995,24995,100,0,0,0,100,0,0,1
34661,34661,100,0,0,0,100,0,0,1
34669,34669,100,0,0,0,100,0,0,1
34677,34677,100,0,0,0,100,0,0,1
24999,24999,100,0,0,0,100,0,0,1
34689,34689,200,0,0,0,200,0,0,1
34697,34697,100,0,0,0,100,0,0,1
25031,25031,100,0,0,0,100,0,0,1
17180,17180,100,0,0,0,100,0,0,1
34729,34729,200,0,0,0,200,0,0,1
34741,34741,200,0,0,0,200,0,0,1
34745,34745,200,0,0,0,200,0,0,1
34757,34757,100,0,0,0,100,0,0,1
34761,34761,100,0,0,0,100,0,0,1
34765,34765,100,0,0,0,100,0,0,1
17200,17200,100,0,0,0,100,0,0,1
21614,21614,20,0,0,0,20,0,0,1
17344,17344,1000,0,0,0,1000,0,0,1
21646,21646,20,0,0,0,20,0,0,1
21670,21670,100,0,0,0,100,0,0,1
35101,35101,100,0,0,0,100,0,0,1
21710,21710,100,0,0,0,100,0,0,1
21770,21770,20,0,0,0,20,0,0,1
35249,35249,100,0,0,0,100,0,0,1
21794,21794,20,0,0,0,20,0,0,1
21810,21810,20,0,0,0,20,0,0,1
25463,25463,5000,0,0,0,5000,0,0,1
21826,21826,20,0,0,0,20,0,0,1
17572,17572,1,0,0,0,1,0,0,1
21842,21842,100,0,0,0,100,0,0,1
25499,25499,100,0,0,0,100,0,0,1
25503,25503,100,0,0,0,100,0,0,1
35397,35397,100,0,0,0,100,0,0,1
35401,35401,100,0,0,0,100,0,0,1
25515,25515,100,0,0,0,100,0,0,1
25519,25519,100,0,0,0,100,0,0,1
35413,35413,100,0,0,0,100,0,0,1
25527,25527,100,0,0,0,100,0,0,1
35421,35421,100,0,0,0,100,0,0,1
25547,25547,600,0,0,0,600,0,0,1
25555,25555,100,0,0,0,100,0,0,1
17624,17624,100,0,0,0,100,0,0,1
25571,25571,600,0,0,0,600,0,0,1
25575,25575,100,0,100,0,0,0,0,1
25591,25591,100,0,0,0,100,0,0,1
21910,21910,100,0,0,0,100,0,0,1
17644,17644,100,0,0,0,100,0,0,1
21918,21918,20,0,0,0,20,0,0,1
25603,25603,100,0,0,0,100,0,0,1
25635,25635,100,0,0,0,100,0,0,1
35485,35485,100,0,0,0,100,0,0,1
25643,25643,1000,0,0,0,1000,0,0,1
21954,21954,100,0,0,0,100,0,0,1
25647,25647,100,0,0,0,100,0,0,1
25651,25651,100,0,0,0,100,0,0,1
25655,25655,100,0,0,0,100,0,0,1
17676,17676,5,0,0,0,5,0,0,1
21958,21958,100,0,0,0,100,0,0,1
21962,21962,100,0,0,0,100,0,0,1
35517,35517,100,0,0,0,100,0,0,1
25667,25667,100,0,0,0,100,0,0,1
21970,21970,20,0,0,0,20,0,0,1
25671,25671,100,0,0,0,100,0,0,1
35537,35537,100,0,0,0,100,0,0,1
21974,21974,100,0,0,0,100,0,0,1
25679,25679,800,0,0,0,800,0,0,1
35541,35541,100,0,0,0,100,0,0,1
21990,21990,100,0,0,0,100,0,0,1
25687,25687,100,0,0,0,100,0,0,1
35549,35549,100,0,0,0,100,0,0,1
25695,25695,800,0,0,0,800,0,0,1
25699,25699,100,0,0,0,100,0,0,1
22002,22002,6,0,0,0,6,0,0,1
17688,17688,100,0,0,0,100,0,0,1
35561,35561,100,0,0,0,100,0,0,1
25711,25711,100,0,0,0,100,0,0,1
17700,17700,100,0,0,0,100,0,0,1
17704,17704,100,0,0,0,100,0,0,1
22014,22014,100,0,0,0,100,0,0,1
22022,22022,100,0,0,0,100,0,0,1
17716,17716,100,0,0,0,100,0,0,1
22030,22030,100,0,0,0,100,0,0,1
25727,25727,100,0,0,0,100,0,0,1
35593,35593,800,0,0,0,800,0,0,1
17732,17732,100,0,0,0,100,0,0,1
17736,17736,100,0,0,0,100,0,0,1
25747,25747,600,0,0,0,600,0,0,1
25767,25767,100,0,0,0,100,0,0,1
22042,22042,2404,0,0,0,2404,0,0,1
22046,22046,100,0,0,0,100,0,0,1
35617,35617,5000,0,0,0,5000,0,0,1
25779,25779,5000,0,0,0,5000,0,0,1
17776,17776,135,0,0,0,135,0,0,1
25791,25791,5000,0,0,0,5000,0,0,1
25795,25795,5000,0,0,0,5000,0,0,1
22054,22054,100,0,0,0,100,0,0,1
22058,22058,5000,0,0,0,5000,0,0,1
17780,17780,100,0,0,0,100,0,0,1
17784,17784,100,0,0,0,100,0,0,1
17788,17788,100,0,0,0,100,0,0,1
25811,25811,4,0,4,0,0,0,0,1
17792,17792,100,0,0,0,100,0,0,1
17804,17804,100,0,0,0,100,0,0,1
25835,25835,276,0,0,0,276,0,0,1
25843,25843,100,0,0,0,100,0,0,1
35665,35665,12,0,0,0,12,0,0,1
35689,35689,5,0,0,0,5,0,0,1
35717,35717,100,0,0,0,100,0,0,1
25871,25871,100,0,100,0,0,0,0,1
25883,25883,1000,0,0,0,1000,0,0,1
25887,25887,1,0,0,0,1,0,0,1
17848,17848,1,0,0,0,1,0,0,1
17856,17856,10000,0,0,0,10000,0,0,1
17868,17868,247,0,0,0,247,0,0,1
17880,17880,15,0,0,0,15,0,0,1
22170,22170,350,0,0,0,350,0,0,1
35813,35813,171,0,0,0,171,0,0,1
26031,26031,100,0,0,0,100,0,0,1
22250,22250,100,0,0,0,100,0,0,1
22262,22262,100,0,0,0,100,0,0,1
22282,22282,100,0,0,0,100,0,0,1
22286,22286,100,0,0,0,100,0,0,1
26059,26059,100,0,0,0,100,0,0,1
26063,26063,100,0,0,0,100,0,0,1
26067,26067,100,0,0,0,100,0,0,1
26087,26087,100,0,0,0,100,0,0,1
22326,22326,100,0,0,0,100,0,0,1
22338,22338,100,0,0,0,100,0,0,1
22342,22342,100,0,0,0,100,0,0,1
18004,18004,100,0,0,0,100,0,0,1
22358,22358,100,0,0,0,100,0,0,1
35961,35961,100,0,0,0,100,0,0,1
18020,18020,100,0,0,0,100,0,0,1
22374,22374,100,0,0,0,100,0,0,1
26123,26123,100,0,0,0,100,0,0,1
35981,35981,100,0,0,0,100,0,0,1
22398,22398,100,0,0,0,100,0,0,1
26151,26151,100,0,0,0,100,0,0,1
18092,18092,100,0,0,0,100,0,0,1
18100,18100,100,0,0,0,100,0,0,1
18104,18104,100,0,0,0,100,0,0,1
18116,18116,100,0,0,0,100,0,0,1
18120,18120,100,0,0,0,100,0,0,1
18124,18124,100,0,0,0,100,0,0,1
18128,18128,100,0,0,0,100,0,0,1
18132,18132,100,0,0,0,100,0,0,1
18136,18136,100,0,0,0,100,0,0,1
18140,18140,100,0,0,0,100,0,0,1
26235,26235,400,0,0,0,400,0,0,1
18292,18292,1500,0,0,0,1500,0,0,1
18364,18364,1500,0,0,0,1500,0,0,1
36253,36253,500,0,0,0,500,0,0,1
18388,18388,1500,0,0,0,1500,0,0,1
26411,26411,300,0,0,0,300,0,0,1
18420,18420,1500,0,0,0,1500,0,0,1
18428,18428,1500,0,0,0,1500,0,0,1
36269,36269,500,0,0,0,500,0,0,1
18456,18456,1000,0,0,0,1000,0,0,1
22682,22682,1000,0,0,0,1000,0,0,1
36281,46837,500,1000,0,0,500,1000,0,1
18544,18544,1500,0,0,0,1500,0,0,1
18560,18560,1500,0,0,0,1500,0,0,1
26555,26555,600,0,0,300,300,0,0,1
26571,26571,600,0,0,0,600,0,0,1
18620,18620,1000,0,0,0,1000,0,0,1
18628,18628,100,0,0,0,100,0,0,1
18632,18632,100,0,0,0,100,0,0,1
18636,18636,100,0,0,0,100,0,0,1
18640,18640,100,0,0,0,100,0,0,1
18644,18644,100,0,0,0,100,0,0,1
18648,18648,100,0,0,0,100,0,0,1
18652,18652,100,0,0,0,100,0,0,1
18664,18664,100,0,0,0,100,0,0,1
18668,18668,100,0,0,0,100,0,0,1
18672,18672,100,0,0,0,100,0,0,1
18676,18676,100,0,0,0,100,0,0,1
18680,18680,100,0,0,0,100,0,0,1
18684,18684,100,0,0,0,100,0,0,1
18688,18688,100,0,0,0,100,0,0,1
18692,18692,100,0,0,0,100,0,0,1
18696,18696,100,0,0,0,100,0,0,1
18700,18700,100,0,0,0,100,0,0,1
18704,18704,100,0,0,0,100,0,0,1
18708,18708,100,0,0,0,100,0,0,1
18712,18712,100,0,0,0,100,0,0,1
18716,18716,100,0,0,0,100,0,0,1
18720,18720,100,0,0,0,100,0,0,1
18724,18724,100,0,0,0,100,0,0,1
18728,18728,100,0,0,0,100,0,0,1
18736,18736,100,0,0,0,100,0,0,1
18740,18740,100,0,0,0,100,0,0,1
18744,18744,100,0,0,0,100,0,0,1
18748,18748,100,0,0,0,100,0,0,1
18752,18752,100,0,0,0,100,0,0,1
18756,18756,100,0,0,0,100,0,0,1
18760,18760,100,0,0,0,100,0,0,1
18764,18764,100,0,0,0,100,0,0,1
18768,18768,100,0,0,0,100,0,0,1
18772,18772,100,0,0,0,100,0,0,1
18776,18776,100,0,0,0,100,0,0,1
18780,18780,100,0,0,0,100,0,0,1
18784,18784,100,0,0,0,100,0,0,1
18788,18788,100,0,0,0,100,0,0,1
18792,18792,100,0,0,0,100,0,0,1
18796,18796,100,0,0,0,100,0,0,1
18800,18800,100,0,0,0,100,0,0,1
18804,18804,100,0,0,0,100,0,0,1
18808,18808,100,0,0,0,100,0,0,1
18812,18812,100,0,0,0,100,0,0,1
18816,18816,100,0,0,0,100,0,0,1
18820,18820,100,0,0,0,100,0,0,1
18824,18824,100,0,0,0,100,0,0,1
18828,18828,100,0,0,0,100,0,0,1
18832,18832,100,0,0,0,100,0,0,1
18836,18836,100,0,0,0,100,0,0,1
18840,18840,100,0,0,0,100,0,0,1
18844,18844,100,0,0,0,100,0,0,1
18848,18848,100,0,0,0,100,0,0,1
18852,18852,100,0,0,0,100,0,0,1
18856,18856,100,0,0,0,100,0,0,1
18860,18860,100,0,0,0,100,0,0,1
18864,18864,100,0,0,0,100,0,0,1
18868,18868,100,0,0,0,100,0,0,1
18872,18872,100,0,0,0,100,0,0,1
18876,18876,100,0,0,0,100,0,0,1
18880,18880,100,0,0,0,100,0,0,1
18884,18884,100,0,0,0,100,0,0,1
18888,18888,100,0,0,0,100,0,0,1
18892,18892,100,0,0,0,100,0,0,1
18896,18896,100,0,0,0,100,0,0,1
18900,18900,100,0,0,0,100,0,0,1
18904,18904,100,0,0,0,100,0,0,1
18908,18908,100,0,0,0,100,0,0,1
18912,18912,100,0,0,0,100,0,0,1
18916,18916,100,0,0,0,100,0,0,1
18920,18920,100,0,0,0,100,0,0,1
18924,18924,100,0,0,0,100,0,0,1
18928,18928,100,0,0,0,100,0,0,1
18932,18932,100,0,0,0,100,0,0,1
18936,18936,100,0,0,0,100,0,0,1
18940,18940,100,0,0,0,100,0,0,1
18944,18944,100,0,0,0,100,0,0,1
18948,18948,100,0,0,0,100,0,0,1
18952,18952,100,0,0,0,100,0,0,1
18956,18956,100,0,0,0,100,0,0,1
18960,18960,100,0,0,0,100,0,0,1
18964,18964,100,0,0,0,100,0,0,1
18968,18968,100,0,0,0,100,0,0,1
18972,18972,100,0,0,0,100,0,0,1
18976,18976,100,0,0,0,100,0,0,1
18980,18980,100,0,0,0,100,0,0,1
18984,18984,100,0,0,0,100,0,0,1
18988,18988,100,0,0,0,100,0,0,1
18992,18992,100,0,0,0,100,0,0,1
18996,18996,100,0,0,0,100,0,0,1
19000,19000,100,0,0,0,100,0,0,1
19004,19004,100,0,0,0,100,0,0,1
19008,19008,100,0,0,0,100,0,0,1
19012,19012,100,0,0,0,100,0,0,1
19016,19016,100,0,0,0,100,0,0,1
19020,19020,100,0,0,0,100,0,0,1
19024,19024,100,0,0,0,100,0,0,1
19028,19028,100,0,0,0,100,0,0,1
19032,19032,100,0,0,0,100,0,0,1
19036,19036,100,0,0,0,100,0,0,1
19040,19040,100,0,0,0,100,0,0,1
19044,19044,100,0,0,0,100,0,0,1
19048,19048,100,0,0,0,100,0,0,1
19052,19052,100,0,0,0,100,0,0,1
19056,19056,100,0,0,0,100,0,0,1
19060,19060,100,0,0,0,100,0,0,1
19064,19064,100,0,0,0,100,0,0,1
19068,19068,100,0,0,0,100,0,0,1
19072,19072,100,0,0,0,100,0,0,1
19076,19076,100,0,0,0,100,0,0,1
19080,19080,100,0,0,0,100,0,0,1
19084,19084,100,0,0,0,100,0,0,1
19088,19088,100,0,0,0,100,0,0,1
19092,19092,100,0,0,0,100,0,0,1
19096,19096,100,0,0,0,100,0,0,1
19100,19100,100,0,0,0,100,0,0,1
19104,19104,100,0,0,0,100,0,0,1
19108,19108,100,0,0,0,100,0,0,1
19112,19112,100,0,0,0,100,0,0,1
19116,19116,100,0,0,0,100,0,0,1
19120,19120,100,0,0,0,100,0,0,1
19124,19124,100,0,0,0,100,0,0,1
19128,19128,100,0,0,0,100,0,0,1
19132,19132,100,0,0,0,100,0,0,1
19136,19136,100,0,0,0,100,0,0,1
19140,19140,100,0,0,0,100,0,0,1
19144,19144,100,0,0,0,100,0,0,1
19148,19148,100,0,0,0,100,0,0,1
19152,19152,100,0,0,0,100,0,0,1
19156,19156,100,0,0,0,100,0,0,1
19160,19160,100,0,0,0,100,0,0,1
19164,19164,100,0,0,0,100,0,0,1
19168,19168,100,0,0,0,100,0,0,1
19172,19172,100,0,0,0,100,0,0,1
19176,19176,100,0,0,0,100,0,0,1
19180,19180,100,0,0,0,100,0,0,1
19184,19184,100,0,0,0,100,0,0,1
19188,19188,100,0,0,0,100,0,0,1
19192,19192,100,0,0,0,100,0,0,1
19196,19196,100,0,0,0,100,0,0,1
19200,19200,100,0,0,0,100,0,0,1
26651,26651,5000,0,0,0,5000,0,0,1
19204,19204,100,0,0,0,100,0,0,1
19208,19208,100,0,0,0,100,0,0,1
19212,19212,100,0,0,0,100,0,0,1
19216,19216,100,0,0,0,100,0,0,1
19220,19220,100,0,0,0,100,0,0,1
19224,19224,100,0,0,0,100,0,0,1
19228,19228,100,0,0,0,100,0,0,1
19232,19232,100,0,0,0,100,0,0,1
19236,19236,100,0,0,0,100,0,0,1
19240,19240,100,0,0,0,100,0,0,1
19244,19244,100,0,0,0,100,0,0,1
19248,19248,100,0,0,0,100,0,0,1
19252,19252,100,0,0,0,100,0,0,1
19256,19256,100,0,0,0,100,0,0,1
19260,19260,100,0,0,0,100,0,0,1
19264,19264,100,0,0,0,100,0,0,1
19268,19268,100,0,0,0,100,0,0,1
19272,19272,100,0,0,0,100,0,0,1
19276,19276,100,0,0,0,100,0,0,1
19280,19280,100,0,0,0,100,0,0,1
19284,19284,100,0,0,0,100,0,0,1
19288,19288,100,0,0,0,100,0,0,1
36945,36945,5000,0,0,0,5000,0,0,1
27951,27951,1000,0,0,0,1000,0,0,1
19972,19972,100,0,0,0,100,0,0,1
19980,19980,2,0,0,0,2,0,0,1
28131,28131,100,0,0,0,100,0,0,1
28135,28135,1,0,0,0,1,0,0,1
37729,37729,500,0,0,0,500,0,0,1
23670,23670,316,0,0,0,316,0,0,1
37737,37737,199,0,0,0,199,0,0,1
20016,20016,1,0,0,0,1,0,0,1
20024,20024,36,0,0,0,36,0,0,1
28203,28203,750,0,0,0,750,0,0,1
28211,28211,1,0,0,0,1,0,0,1
20072,20072,100,0,0,0,100,0,0,1
20080,20080,19000,0,0,0,19000,0,0,1
37813,37813,500,0,0,0,500,0,0,1
20084,20084,100,0,0,0,100,0,0,1
20088,20088,100,0,0,0,100,0,0,1
20092,20092,100,0,0,0,100,0,0,1
20096,20096,100,0,0,0,100,0,0,1
23714,23714,10,0,0,0,10,0,0,1
20112,20112,600,0,0,0,600,0,0,1
28235,28235,3,0,0,0,3,0,0,1
28243,28243,1,0,0,0,1,0,0,1
28251,28251,1500,0,0,0,1500,0,0,1
28259,28259,500,0,0,0,500,0,0,1
28267,28267,26,0,0,0,26,0,0,1
28283,28283,5,0,5,0,0,0,0,1
28295,28295,500,0,0,0,500,0,0,1
37885,37885,1,0,0,0,1,0,0,1
28303,28303,100,0,0,0,100,0,0,1
20144,20144,3,0,0,0,3,0,0,1
20148,20148,625,0,0,0,625,0,0,1
28323,28323,40,0,0,0,40,0,0,1
28327,28327,1500,0,0,1000,500,0,0,1
23762,23762,50,0,0,0,50,0,0,1
37949,37949,2,0,0,0,2,0,0,1
20172,20172,1500,0,0,0,1500,0,0,1
20176,20176,1,0,0,0,1,0,0,1
20180,20180,1500,0,0,0,1500,0,0,1
37973,37973,98,0,0,0,98,0,0,1
37981,37981,100,0,0,0,100,0,0,1
20208,20208,100,0,100,0,0,0,0,1
20212,20212,30,0,0,0,30,0,0,1
23790,23790,1200,0,0,0,1200,0,0,1
37989,37989,50,0,0,0,50,0,0,1
20220,20220,16,0,0,0,16,0,0,1
28439,28439,1,0,0,0,1,0,0,1
28455,28455,500,0,0,0,500,0,0,1
23826,23826,7,0,0,0,7,0,0,1
20244,20244,20,0,0,0,20,0,0,1
28479,28479,5,0,0,0,5,0,0,1
28487,28487,5,0,0,0,5,0,0,1
28499,28499,50,0,0,0,50,0,0,1
28515,28515,100,0,0,0,100,0,0,1
28547,28547,105,0,0,0,105,0,0,1
28567,28567,10,0,0,0,10,0,0,1
38085,38085,100,0,0,0,100,0,0,1
28615,28615,766,0,0,0,766,0,0,1
38121,38121,3911,0,0,0,3911,0,0,1
28647,28647,10,0,0,0,10,0,0,1
20320,20320,200,0,0,0,200,0,0,1
23902,23902,50,0,0,0,50,0,0,1
28687,28687,1,0,0,0,1,0,0,1
23910,23910,1200,0,0,0,1200,0,0,1
20340,20340,179,0,0,0,179,0,0,1
23926,23926,1,0,0,0,1,0,0,1
23938,23938,10,0,0,0,10,0,0,1
38189,38189,500,0,0,0,500,0,0,1
28755,28755,100,0,0,0,100,0,0,1
23954,23954,1200,0,0,0,1200,0,0,1
28775,28775,10,0,0,0,10,0,0,1
38217,38217,100,0,0,0,100,0,0,1
23994,23994,50,0,0,0,50,0,0,1
20392,20392,2,0,0,0,2,0,0,1
28827,28827,500,0,0,0,500,0,0,1
28851,28851,60,0,0,0,60,0,0,1
28875,28875,9,0,0,0,9,0,0,1
28887,28887,100,0,0,0,100,0,0,1
20424,20424,7,0,0,0,7,0,0,1
24058,24058,1550,0,0,0,1550,0,0,1
28923,28923,3,0,0,0,3,0,0,1
24074,24074,25,0,0,0,25,0,0,1
28943,28943,200,0,0,0,200,0,0,1
38337,38337,128,0,0,0,128,0,0,1
38341,38341,1000,0,0,0,1000,0,0,1
28995,28995,300,0,0,0,300,0,0,1
28999,28999,3,0,0,0,3,0,0,1
29015,29015,1,0,0,0,1,0,0,1
38361,38361,30,0,0,0,30,0,0,1
20480,20480,3,0,0,0,3,0,0,1
38393,38393,10,0,0,0,10,0,0,1
20500,20500,18,0,0,0,18,0,0,1
29051,29051,100,0,0,0,100,0,0,1
29055,29055,1,0,0,0,1,0,0,1
20524,20524,1,0,0,0,1,0,0,1
20532,20532,1,0,0,0,1,0,0,1
29075,29075,20,0,0,0,20,0,0,1
29079,29079,47,0,0,0,47,0,0,1
24190,24190,150,0,0,0,150,0,0,1
29099,29099,1,0,0,0,1,0,0,1
20556,20556,800,0,0,0,800,0,0,1
29115,29115,8,0,0,0,8,0,0,1
20564,20564,1,0,0,0,1,0,0,1
20580,20580,2,0,0,0,2,0,0,1
20596,20596,1,0,0,0,1,0,0,1
29143,29143,24,0,0,0,24,0,0,1
29159,29159,40,0,0,0,40,0,0,1
24222,24222,1200,0,0,0,1200,0,0,1
29171,29171,10,0,0,0,10,0,0,1
29183,29183,40,0,0,0,40,0,0,1
29195,29195,1,0,0,0,1,0,0,1
24246,24246,50,0,0,0,50,0,0,1
20648,20648,15,0,0,0,15,0,0,1
29223,29223,50,0,0,0,50,0,0,1
20664,20664,5,0,0,0,5,0,0,1
20668,20668,10,0,0,0,10,0,0,1
29267,29267,18,0,0,0,18,0,0,1
20684,20684,1,0,0,0,1,0,0,1
29283,29283,20,0,0,0,20,0,0,1
20692,20692,375,0,0,0,375,0,0,1
24310,24310,1,0,0,0,1,0,0,1
24314,24314,9,0,0,0,9,0,0,1
38657,38657,4,0,0,0,4,0,0,1
24338,24338,50,0,0,0,50,0,0,1
29335,29335,600,0,0,0,600,0,0,1
24346,24346,1,0,0,0,1,0,0,1
24362,24362,5000,0,0,0,5000,0,0,1
29351,29351,1,0,0,0,1,0,0,1
20760,20760,75,0,0,0,75,0,0,1
38749,38749,8,0,0,0,8,0,0,1
38769,38769,73,0,0,0,73,0,0,1
29387,29387,1,0,0,0,1,0,0,1
24438,24438,4909,0,0,0,4909,0,0,1
24446,24446,1,0,0,0,1,0,0,1
29427,29427,20,0,0,0,20,0,0,1
38861,38861,162,0,0,0,162,0,0,1
24490,24490,4,0,0,0,4,0,0,1
24506,24506,1,0,0,0,1,0,0,1
38897,38897,1,0,0,0,1,0,0,1
29515,29515,10,0,0,0,10,0,0,1
24554,24554,4,0,0,0,4,0,0,1
24566,24566,20,0,0,0,20,0,0,1
20812,20812,50,0,0,0,50,0,0,1
29583,29583,1,0,0,0,1,0,0,1
38961,38961,100,0,0,0,100,0,0,1
24606,24606,20000,0,0,0,20000,0,0,1
29619,29619,9,0,9,0,0,0,0,1
29627,29627,100,0,0,0,100,0,0,1
29651,29651,1,0,0,0,1,0,0,1
24662,24662,3,0,0,0,3,0,0,1
39057,39057,10,0,10,0,0,0,0,1
20868,20868,100,0,0,0,100,0,0,1
29715,29715,20000,0,0,0,20000,0,0,1
24706,24706,15,0,0,0,15,0,0,1
29731,29731,500,0,64,0,436,0,0,1
29743,29743,2,0,0,0,2,0,0,1
39157,39157,200,0,0,0,200,0,0,1
20892,20892,1000,0,0,0,1000,0,0,1
20904,20904,2200,0,0,0,2200,0,0,1
20924,20924,100,0,0,0,100,0,0,1
39197,39197,5,0,0,0,5,0,0,1
29795,29795,1000,0,0,0,1000,0,0,1
29811,29811,20,0,0,0,20,0,0,1
29819,29819,1,0,0,0,1,0,0,1
20960,20960,1,0,0,0,1,0,0,1
20972,20972,312,0,0,0,312,0,0,1
29867,29867,100,0,0,0,100,0,0,1
39277,39277,200,0,0,0,200,0,0,1
29891,29891,2,0,0,0,2,0,0,1
29927,29927,1,0,0,0,1,0,0,1
24822,24822,20000,0,0,0,20000,0,0,1
29955,29955,19,0,0,0,19,0,0,1
39337,39337,1,0,0,0,1,0,0,1
21052,21052,100,0,0,0,100,0,0,1
29987,29987,34,0,0,0,34,0,0,1
24874,24874,1000,0,0,0,1000,0,0,1
24902,24902,1,0,0,0,1,0,0,1
24926,24926,62,0,0,0,62,0,0,1
21148,21148,1,0,0,0,1,0,0,1
30027,30027,70,0,0,0,70,0,0,1
21176,21176,10,0,0,0,10,0,0,1
39445,39445,135,0,0,0,135,0,0,1
39473,39473,10,0,0,0,10,0,0,1
24990,24990,50,0,0,0,50,0,0,1
21224,21224,50,0,0,0,50,0,0,1
30123,30123,150,0,0,0,150,0,0,1
39509,39509,1,0,0,0,1,0,0,1
30151,30151,74,0,0,0,74,0,0,1
30159,30159,800,0,0,0,800,0,0,1
21268,21268,200,0,0,0,200,0,0,1
39545,39545,11,0,0,0,11,0,0,1
30207,30207,2,0,0,0,2,0,0,1
39565,39565,500,0,0,0,500,0,0,1
39569,39569,36,0,0,0,36,0,0,1
30223,30223,166,0,0,0,166,0,0,1
21336,21336,615,0,0,0,615,0,0,1
25154,25154,200,0,0,0,200,0,0,1
30255,30255,300,0,0,0,300,0,0,1
21348,21348,1,0,0,0,1,0,0,1
21364,21364,5,0,0,0,5,0,0,1
39677,39677,200,0,0,0,200,0,0,1
39697,39697,603,0,0,0,603,0,0,1
25522,25522,100,0,0,0,100,0,0,1
40017,40017,100,0,0,0,100,0,0,1
25606,25606,100,0,0,0,100,0,0,1
25618,25618,800,0,0,0,800,0,0,1
40109,40109,100,0,0,0,100,0,0,1
25782,25782,100,0,0,0,100,0,0,1
25798,25798,100,0,0,0,100,0,0,1
21728,21728,100,0,0,0,100,0,0,1
25890,25890,100,0,0,0,100,0,0,1
21840,21840,100,0,100,0,0,0,0,1
21844,21844,100,0,100,0,0,0,0,1
21848,21848,100,0,100,0,0,0,0,1
21852,21852,100,0,100,0,0,0,0,1
21856,21856,100,0,100,0,0,0,0,1
21860,21860,100,0,100,0,0,0,0,1
21864,21864,100,0,0,0,100,0,0,1
21868,21868,100,0,0,0,100,0,0,1
21872,21872,100,0,0,0,100,0,0,1
21892,21892,100,0,0,0,100,0,0,1
25946,25946,100,0,0,0,100,0,0,1
21940,21940,100,0,0,0,100,0,0,1
21960,21960,100,0,0,0,100,0,0,1
40577,40577,100,0,0,0,100,0,0,1
31063,31063,100,0,0,0,100,0,0,1
31103,31103,100,0,0,0,100,0,0,1
22056,22056,14,0,0,0,14,0,0,1
26214,26214,800,0,0,0,800,0,0,1
22104,22104,100,0,0,0,100,0,0,1
26486,26486,50000,0,0,0,50000,0,0,1
31471,31471,500,0,0,0,500,0,0,1
41109,41109,1200,0,0,0,1200,0,0,1
41669,41669,100,0,0,0,100,0,0,1
22776,22776,100,0,0,0,100,0,0,1
22808,22808,1000,0,0,0,1000,0,0,1
22820,22820,100,0,0,0,100,0,0,1
32219,32219,20,0,0,0,20,0,0,1
32295,32295,20,0,0,0,20,0,0,1
23052,23052,1000,0,0,0,1000,0,0,1
42041,42041,100,0,0,0,100,0,0,1
32643,32643,591,0,0,0,591,0,0,1
32663,32663,11000,0,0,0,11000,0,0,1
42157,42157,100,0,0,0,100,0,0,1
32695,32695,100,0,0,0,100,0,0,1
32727,32727,9900,0,0,0,9900,0,0,1
32731,32731,100,0,0,0,100,0,0,1
32771,32771,100,0,0,0,100,0,0,1
32807,32807,100,0,0,0,100,0,0,1
23332,23332,100,0,0,0,100,0,0,1
32923,32923,100,0,0,0,100,0,0,1
23404,23404,100,0,0,0,100,0,0,1
23424,23424,100,0,0,0,100,0,0,1
27766,27766,100,0,0,0,100,0,0,1
27786,27786,100,0,0,0,100,0,0,1
27838,27838,100,0,0,0,100,0,0,1
33079,33079,100,0,0,0,100,0,0,1
27874,27874,100,0,0,0,100,0,0,1
33227,33227,100,0,0,0,100,0,0,1
33335,33335,100,0,0,0,100,0,0,1
33499,33499,100,0,0,0,100,0,0,1
28142,28142,100,0,0,0,100,0,0,1
33559,33559,100,0,0,0,100,0,0,1
28150,28150,1600,0,0,0,1600,0,0,1
28162,28162,100,0,0,0,100,0,0,1
23828,23828,1000,0,0,0,1000,0,0,1
33623,33623,100,0,0,0,100,0,0,1
33663,33663,500,0,0,0,500,0,0,1
33695,33695,100,0,0,0,100,0,0,1
33735,33735,100,0,0,0,100,0,0,1
33755,33755,100,0,0,0,100,0,0,1
23948,23948,1000,0,0,0,1000,0,0,1
33919,33919,100,0,0,0,100,0,0,1
33979,33979,100,0,0,0,100,0,0,1
43505,43505,100,0,0,0,100,0,0,1
43669,43669,100,0,0,0,100,0,0,1
43701,43701,1000,0,0,0,1000,0,0,1
24256,24256,1100,0,0,0,1100,0,0,1
43821,43821,100,0,0,0,100,0,0,1
43933,43933,100,0,0,0,100,0,0,1
28814,28814,100,0,0,0,100,0,0,1
28830,28830,100,0,0,0,100,0,0,1
44261,52181,600,600,20,0,600,580,0,1
28842,28842,100,0,0,0,100,0,0,1
34631,34631,300,0,0,0,300,0,0,1
24520,24520,100,0,0,0,100,0,0,1
44289,44289,500,0,0,0,500,0,0,1
44317,44317,31,0,0,0,31,0,0,1
34683,34683,500,0,0,0,500,0,0,1
44341,44341,28,0,0,0,28,0,0,1
28950,28950,100,0,0,0,100,0,0,1
24656,24656,100,0,0,0,100,0,0,1
34927,34927,100,0,0,0,100,0,0,1
24680,24680,100,0,0,0,100,0,0,1
35279,35279,150,0,0,0,150,0,0,1
35691,35691,100,0,0,0,100,0,0,1
29770,29770,100,0,0,0,100,0,0,1
25096,25096,100,0,0,0,100,0,0,1
35759,35759,100,0,0,0,100,0,0,1
25132,25132,22,0,0,0,22,0,0,1
45325,45325,20,0,0,0,20,0,0,1
45373,45373,1000,0,0,0,1000,0,0,1
25180,25180,21,0,0,0,21,0,0,1
45441,45441,20,0,0,0,20,0,0,1
29994,29994,100,0,0,0,100,0,0,1
35971,35971,1000,0,77,0,923,0,0,1
35991,35991,300,0,300,0,0,0,0,1
25228,25228,800,0,0,0,800,0,0,1
45513,88477,500,200,0,0,200,500,0,1
36107,36107,1000,0,0,0,1000,0,0,1
36147,36147,10,0,0,0,10,0,0,1
36159,36159,2,0,0,0,2,0,0,1
30090,30090,1000,0,1000,0,0,0,0,1
36207,36207,800,0,0,0,800,0,0,1
45517,45517,1000,0,0,0,1000,0,0,1
30106,30106,400,0,0,0,400,0,0,1
25348,25348,1000,0,0,0,1000,0,0,1
25384,25384,2000,0,0,600,1400,0,0,1
25388,25388,1600,0,0,800,800,0,0,1
25392,25392,3000,0,0,2500,500,0,0,1
25396,25396,1900,0,0,0,1900,0,0,1
25400,25400,2000,0,0,1900,100,0,0,1
25404,25404,2000,0,0,1900,100,0,0,1
25440,25440,3000,0,0,2200,800,0,0,1
25444,25444,100,0,0,0,100,0,0,1
25472,25472,2000,0,0,1100,900,0,0,1
25476,25476,2000,0,0,1500,500,0,0,1
25480,25480,3000,0,0,2900,100,0,0,1
25484,25484,3000,0,0,2600,400,0,0,1
25488,25488,2000,0,0,600,1400,0,0,1
25492,25492,2000,0,0,800,1200,0,0,1
45533,45533,1500,0,0,0,1500,0,0,1
45537,45537,1500,0,0,600,900,0,0,1
25540,25540,800,0,0,700,100,0,0,1
25544,25544,3000,0,0,2400,600,0,0,1
45541,45541,1500,0,0,1300,200,0,0,1
45545,45545,1500,0,0,0,1500,0,0,1
45549,45549,1200,0,0,900,300,0,0,1
45553,45553,100,0,0,0,100,0,0,1
45557,45557,1500,0,0,1200,300,0,0,1
45561,45561,1500,0,0,0,1500,0,0,1
45565,45565,1200,0,0,900,300,0,0,1
45569,45569,1200,0,0,1100,100,0,0,1
37163,37163,400,0,0,0,400,0,0,1
45573,45573,1200,0,0,1100,100,0,0,1
45577,45577,1200,0,0,1000,200,0,0,1
37215,37215,1200,0,0,1100,100,0,0,1
37219,37219,4000,0,0,3900,100,0,0,1
45581,45581,1200,0,0,1000,200,0,0,1
25640,25640,1500,0,0,0,1500,0,0,1
25656,25656,1500,0,0,0,1500,0,0,1
37319,37319,3700,0,200,3400,100,0,0,1
37323,37323,4000,0,0,3200,800,0,0,1
37327,37327,300,0,0,0,300,0,0,1
25660,25660,500,0,0,0,500,0,0,1
37355,37355,800,0,0,0,800,0,0,1
30114,30114,50,0,50,0,0,0,0,1
37411,37411,600,0,0,0,600,0,0,1
25664,25664,940,0,0,826,114,0,0,1
25668,25668,2000,0,0,0,2000,0,0,1
37419,37419,4000,0,0,3400,600,0,0,1
37423,37423,2000,0,0,1900,100,0,0,1
37487,37487,800,0,0,700,100,0,0,1
37491,37491,100,0,0,0,100,0,0,1
37511,37511,2000,0,0,1800,200,0,0,1
37515,37515,4000,0,0,3000,1000,0,0,1
25688,25688,2000,0,0,0,2000,0,0,1
25692,25692,1882,0,0,1488,394,0,0,1
25696,25696,2000,0,0,0,2000,0,0,1
25700,25700,100,0,0,0,100,0,0,1
25704,25704,300,0,0,0,300,0,0,1
37607,37607,200,0,0,100,100,0,0,1
37611,37611,600,0,0,500,100,0,0,1
25812,25812,2000,0,0,0,2000,0,0,1
45585,45585,5000,0,0,0,5000,0,0,1
45589,45589,5000,0,0,4400,600,0,0,1
37675,37675,1000,0,0,900,100,0,0,1
37679,37679,100,0,0,0,100,0,0,1
45593,45593,5000,0,0,4200,800,0,0,1
45597,45597,5000,0,0,400,4600,0,0,1
37735,37735,500,0,0,400,100,0,0,1
37739,37739,300,0,0,100,200,0,0,1
37779,37779,800,0,0,449,351,0,0,1
37783,37783,209,0,0,49,160,0,0,1
45601,45601,5000,0,0,900,4100,0,0,1
45605,45605,5000,0,0,4000,1000,0,0,1
30126,30126,6000,0,0,600,5400,0,0,1
25816,25816,1000,0,0,0,1000,0,0,1
37847,37847,500,0,0,0,500,0,0,1
37851,37851,800,0,0,559,241,0,0,1
37855,37855,206,0,0,106,100,0,0,1
45721,45721,4200,0,0,3200,1000,0,0,1
45725,45725,5000,0,0,0,5000,0,0,1
25820,25820,800,0,0,0,800,0,0,1
45757,45757,1000,0,0,0,1000,0,0,1
37995,37995,800,0,0,595,205,0,0,1
37999,37999,100,0,0,0,100,0,0,1
30274,30274,3600,0,0,3500,100,0,0,1
45849,45849,1200,0,0,1000,200,0,0,1
45889,45889,1000,0,0,0,1000,0,0,1
38171,38171,800,0,0,629,171,0,0,1
38175,38175,100,0,0,0,100,0,0,1
45949,45949,1000,0,0,0,1000,0,0,1
30326,30326,2500,0,0,2400,100,0,0,1
38223,38539,400,400,0,0,400,400,0,1
30346,30346,300,0,0,100,200,0,0,1
30350,30350,200,0,0,100,100,0,0,1
30490,30490,1200,0,0,1100,100,0,0,1
30522,30522,300,0,0,200,100,0,0,1
30526,30526,200,0,0,0,200,0,0,1
46237,46237,165,0,0,0,165,0,0,1
46273,46273,200,0,0,0,200,0,0,1
46281,46281,100,0,0,0,100,0,0,1
46285,46285,92,0,0,0,92,0,0,1
46301,46301,1000,0,0,0,1000,0,0,1
30678,30678,500,0,0,400,100,0,0,1
30682,30682,500,0,0,400,100,0,0,1
30830,30830,400,0,0,100,300,0,0,1
30854,30854,10,0,0,0,10,0,0,1
26484,26484,10000,0,0,0,10000,0,0,1
38547,38547,400,0,0,0,400,0,0,1
46645,46645,100,0,100,0,0,0,0,1
38675,38675,300,0,0,0,300,0,0,1
31238,31238,500,0,0,0,500,0,0,1
27020,27020,1000,0,0,0,1000,0,0,1
31270,31270,500,0,0,0,500,0,0,1
38899,44515,400,300,0,0,300,400,0,1
46845,46845,500,0,0,0,500,0,0,1
38903,38903,500,0,0,0,500,0,0,1
27260,27260,1000,0,0,0,1000,0,0,1
46917,46917,20,0,20,0,0,0,0,1
27336,27336,1000,0,0,0,1000,0,0,1
38935,38935,101,0,0,0,101,0,0,1
27352,64196,1000,1500,0,0,500,2000,0,1
27380,27380,1400,0,0,1300,100,0,0,1
27384,27384,1500,0,0,1100,400,0,0,1
27452,72416,600,900,0,0,300,1200,0,1
27456,27456,4000,0,0,3900,100,0,0,1
27460,27460,3000,0,0,1500,1500,0,0,1
39055,111319,400,1400,0,0,200,1600,0,1
39059,39059,400,0,0,0,400,0,0,1
27552,27552,4000,0,0,3800,200,0,0,1
27556,27556,1500,0,0,0,1500,0,0,1
27612,27612,4000,0,0,2600,1400,0,0,1
39191,74215,400,200,0,0,200,400,0,1
46989,46989,2000,0,0,0,2000,0,0,1
27800,27800,1100,0,0,0,1100,0,0,1
31506,31506,2700,0,0,0,2700,0,0,1
31510,31510,11400,0,0,0,11400,0,0,1
31514,31514,2500,0,0,0,2500,0,0,1
31518,31518,2700,0,0,100,2600,0,0,1
31522,31522,1900,0,0,0,1900,0,0,1
39363,39363,100,0,0,0,100,0,0,1
39367,39367,3000,0,0,2400,600,0,0,1
39371,39371,2000,0,0,1900,100,0,0,1
39375,39375,3000,0,0,2300,700,0,0,1
39379,39379,3000,0,0,2900,100,0,0,1
39383,39383,3000,0,0,2900,100,0,0,1
39387,39387,2900,0,0,2200,700,0,0,1
39391,39391,2700,0,0,2600,100,0,0,1
39395,39395,2600,0,0,2100,500,0,0,1
46993,46993,100,0,0,0,100,0,0,1
39399,39399,700,0,0,0,700,0,0,1
39407,39407,6000,0,0,0,6000,0,0,1
39411,39411,700,0,700,0,0,0,0,1
39415,39415,100,0,0,0,100,0,0,1
46997,46997,243,0,0,0,243,0,0,1
47001,47001,226,0,0,51,175,0,0,1
39419,39419,5000,0,0,3800,1200,0,0,1
39423,39423,5000,0,0,800,4200,0,0,1
39427,39427,400,0,0,0,400,0,0,1
39435,39435,400,0,0,0,400,0,0,1
39443,39443,5000,0,0,2500,2500,0,0,1
39447,39447,5000,0,0,0,5000,0,0,1
39455,39455,7000,0,24,0,6976,0,0,1
39459,39459,5000,0,0,0,5000,0,0,1
31670,31670,8000,0,0,0,8000,0,0,1
39559,39559,5000,0,0,0,5000,0,0,1
28760,28760,15,0,0,0,15,0,0,1
47281,47281,300,0,0,0,300,0,0,1
47285,47285,600,0,0,300,300,0,0,1
39719,39719,400,0,0,0,400,0,0,1
47465,47465,100,0,0,0,100,0,0,1
47469,47469,100,0,0,0,100,0,0,1
39735,39735,700,0,0,0,700,0,0,1
39739,39739,2000,0,0,1900,100,0,0,1
47697,47697,500,0,0,0,500,0,0,1
47737,47737,400,0,0,300,100,0,0,1
39831,39831,3000,0,0,2800,200,0,0,1
39835,39835,3000,0,0,2900,100,0,0,1
47825,47825,1100,0,0,1000,100,0,0,1
32154,32154,800,0,0,0,800,0,0,1
39931,39931,3000,0,0,2900,100,0,0,1
39935,39935,3000,0,0,2900,100,0,0,1
32434,32434,1000,0,0,0,1000,0,0,1
39947,39947,3000,0,0,2900,100,0,0,1
39951,39951,3000,0,0,2900,100,0,0,1
32446,32446,1000,0,0,0,1000,0,0,1
32458,32458,1000,0,0,0,1000,0,0,1
32466,32466,100,0,0,0,100,0,0,1
39971,39971,1000,0,0,0,1000,0,0,1
29340,29340,5000,0,0,0,5000,0,0,1
29344,29344,5000,0,0,0,5000,0,0,1
29376,29376,100,0,0,0,100,0,0,1
32610,32610,100,0,0,0,100,0,0,1
32614,32614,206,0,0,100,106,0,0,1
48233,48233,500,0,0,0,500,0,0,1
48237,48237,330,0,0,110,220,0,0,1
48241,48241,441,0,0,35,406,0,0,1
48245,48245,100,0,0,0,100,0,0,1
48249,48249,1200,0,0,0,1200,0,0,1
48289,48289,591,0,0,0,591,0,0,1
48309,48309,600,0,0,0,600,0,0,1
48313,48313,1200,0,0,0,1200,0,0,1
48317,48317,800,0,0,0,800,0,0,1
48377,48377,100,0,0,0,100,0,0,1
32866,32866,1100,0,0,800,300,0,0,1
32870,32870,3000,0,0,2900,100,0,0,1
29552,29552,3150,0,0,0,3150,0,0,1
29556,29556,100,0,0,0,100,0,0,1
32874,32874,3000,0,0,2900,100,0,0,1
29560,29560,1500,0,0,0,1500,0,0,1
32878,32878,3000,0,0,1600,1400,0,0,1
48385,48385,1200,0,0,1100,100,0,0,1
48389,48389,1000,0,0,700,300,0,0,1
48393,48393,1200,0,0,700,500,0,0,1
48397,48397,1200,0,0,1100,100,0,0,1
48401,48401,1000,0,0,0,1000,0,0,1
40619,40619,100,0,0,0,100,0,0,1
48405,48405,1200,0,0,1100,100,0,0,1
48409,48409,1200,0,0,1100,100,0,0,1
48413,48413,1200,0,0,1100,100,0,0,1
48417,48417,1200,0,0,1000,200,0,0,1
48421,48421,500,0,0,0,500,0,0,1
48425,48425,500,0,0,0,500,0,0,1
40663,40663,100,0,0,0,100,0,0,1
48429,48429,500,0,0,0,500,0,0,1
48433,48433,500,0,0,0,500,0,0,1
48437,48437,500,0,0,0,500,0,0,1
32882,32882,300,0,0,0,300,0,0,1
32886,32886,300,0,0,0,300,0,0,1
29656,29656,100,0,0,0,100,0,0,1
29660,29660,250,0,0,0,250,0,0,1
29664,29664,15,0,0,0,15,0,0,1
29668,29668,5,0,0,0,5,0,0,1
40667,40667,100,0,0,0,100,0,0,1
29672,29672,30,0,0,0,30,0,0,1
40675,40675,500,0,0,0,500,0,0,1
40679,40679,500,0,0,0,500,0,0,1
40683,40683,500,0,0,0,500,0,0,1
40687,40687,500,0,0,0,500,0,0,1
40691,40691,500,0,0,0,500,0,0,1
40695,40695,500,0,0,0,500,0,0,1
40699,40699,500,0,0,0,500,0,0,1
40703,40703,500,0,0,0,500,0,0,1
48521,48521,100,0,0,0,100,0,0,1
48525,48525,200,0,0,0,200,0,0,1
40759,40759,400,0,0,0,400,0,0,1
33002,33002,400,0,0,0,400,0,0,1
40847,40847,1000,0,0,0,1000,0,0,1
48717,48717,50,0,0,0,50,0,0,1
29960,29960,900,0,0,0,900,0,0,1
48817,48817,1400,0,0,0,1400,0,0,1
48821,48821,2600,0,0,1700,900,0,0,1
48841,48841,100,0,0,0,100,0,0,1
33166,33166,2100,0,0,0,2100,0,0,1
48929,48929,3000,0,0,1300,1700,0,0,1
48933,48933,3000,0,0,0,3000,0,0,1
33310,33310,15000,0,0,14800,200,0,0,1
33314,33314,15000,0,0,12500,2500,0,0,1
49157,49157,3000,0,0,2600,400,0,0,1
49165,49165,3000,0,0,1900,1100,0,0,1
33330,33330,15000,0,0,12500,2500,0,0,1
33334,33334,15000,0,0,14500,500,0,0,1
40999,40999,6100,0,0,5300,800,0,0,1
41003,41003,10000,0,0,9700,300,0,0,1
49221,49221,3000,0,0,1100,1900,0,0,1
49225,49225,3000,0,0,2700,300,0,0,1
41063,41063,10000,0,0,8700,1300,0,0,1
41067,41067,10000,0,0,0,10000,0,0,1
33542,33542,15000,0,0,14800,200,0,0,1
33546,33546,11100,0,0,8600,2500,0,0,1
41211,41211,10000,0,0,0,10000,0,0,1
41215,41215,10000,0,0,0,10000,0,0,1
33782,33782,5000,0,0,4200,800,0,0,1
41219,41219,1500,0,0,1300,200,0,0,1
41223,41223,900,0,0,800,100,0,0,1
41227,41227,2100,0,0,1900,200,0,0,1
41231,41231,100,0,0,0,100,0,0,1
41235,41235,10000,0,0,0,10000,0,0,1
41239,41239,10000,0,0,0,10000,0,0,1
41243,41243,1000,0,0,0,1000,0,0,1
49553,49553,1100,0,0,0,1100,0,0,1
41335,41335,1400,0,0,1300,100,0,0,1
41339,41339,2400,0,0,2300,100,0,0,1
41391,41391,600,0,0,500,100,0,0,1
30592,30592,19,0,0,0,19,0,0,1
33994,33994,500,0,0,400,100,0,0,1
33998,33998,200,0,0,0,200,0,0,1
34002,34002,500,0,0,400,100,0,0,1
34034,34034,500,0,0,400,100,0,0,1
30704,30704,1000,0,0,0,1000,0,0,1
49725,49725,500,0,0,0,500,0,0,1
49729,49729,500,0,0,300,200,0,0,1
34110,34110,500,0,0,400,100,0,0,1
49789,49789,500,0,0,0,500,0,0,1
49793,49793,500,0,0,0,500,0,0,1
49797,49797,500,0,0,0,500,0,0,1
49801,49801,500,0,0,0,500,0,0,1
49805,49805,500,0,0,200,300,0,0,1
49809,49809,500,0,0,0,500,0,0,1
34262,34262,1000,0,0,900,100,0,0,1
34266,34266,1000,0,0,800,200,0,0,1
49813,49813,552,0,0,0,552,0,0,1
49817,49817,618,0,0,336,282,0,0,1
34270,34270,1000,0,0,0,1000,0,0,1
34274,34274,1000,0,0,800,200,0,0,1
34278,34278,1000,0,0,900,100,0,0,1
49821,49821,994,0,0,0,994,0,0,1
49825,49825,1104,0,0,0,1104,0,0,1
34282,34282,1000,0,0,700,300,0,0,1
34286,34286,1000,0,0,800,200,0,0,1
41843,41843,1500,0,0,0,1500,0,0,1
41847,41847,785,0,0,585,200,0,0,1
49829,49829,688,0,0,0,688,0,0,1
49833,49833,965,0,0,0,965,0,0,1
41851,41851,1500,0,0,1380,120,0,0,1
41855,41855,1500,0,0,1301,199,0,0,1
34290,34290,1000,0,0,700,300,0,0,1
34294,34294,1000,0,0,900,100,0,0,1
41867,41867,100,0,0,0,100,0,0,1
41871,41871,763,0,0,0,763,0,0,1
49837,49837,1004,0,0,82,922,0,0,1
41875,41875,721,0,0,374,347,0,0,1
41879,41879,605,0,0,0,605,0,0,1
41923,41923,300,0,0,0,300,0,0,1
41927,41927,1500,0,0,1159,341,0,0,1
41931,41931,600,0,0,0,600,0,0,1
30808,30808,1000,0,0,0,1000,0,0,1
41975,41975,1200,0,0,0,1200,0,0,1
30812,30812,300,0,0,100,200,0,0,1
30816,30816,100,0,0,0,100,0,0,1
41979,41979,300,0,300,0,0,0,0,1
41983,41983,300,0,0,0,300,0,0,1
41991,41991,300,0,0,0,300,0,0,1
42355,42355,40000,0,0,38600,1400,0,0,1
42359,42359,40000,0,0,39600,400,0,0,1
42467,42467,40000,0,0,0,40000,0,0,1
42471,42471,40000,0,0,38900,1100,0,0,1
34918,34918,127,0,0,0,127,0,0,1
42635,42635,40000,0,0,0,40000,0,0,1
42639,42639,40000,0,4230,35770,0,0,0,1
34930,34930,1000,0,0,0,1000,0,0,1
42931,42931,40000,0,0,34200,5800,0,0,1
42935,42935,40000,0,0,22200,17800,0,0,1
35462,35462,113,0,0,0,113,0,0,1
32048,32048,1000,0,0,0,1000,0,0,1
32052,32052,2400,0,0,100,2300,0,0,1
51813,51813,97,0,0,0,97,0,0,1
36082,36082,600,0,0,0,600,0,0,1
32456,32456,234,0,0,0,234,0,0,1
32460,32460,100,0,0,0,100,0,0,1
32464,32464,951,0,0,0,951,0,0,1
32468,32468,525,0,0,0,525,0,0,1
32472,32472,100,0,0,0,100,0,0,1
36414,36414,100,0,0,0,100,0,0,1
44071,44071,100,0,0,0,100,0,0,1
44075,44075,100,0,0,0,100,0,0,1
44079,44079,100,0,0,0,100,0,0,1
44083,44083,100,0,0,0,100,0,0,1
52185,52185,100,0,0,0,100,0,0,1
36418,36418,100,0,0,0,100,0,0,1
52189,52189,100,0,0,0,100,0,0,1
44175,44175,800,0,0,0,800,0,0,1
44179,44179,40000,0,266,39634,100,0,0,1
32496,32496,1200,0,0,0,1200,0,0,1
52201,52201,500,0,0,0,500,0,0,1
36422,36422,32,0,0,0,32,0,0,1
44183,44183,1000,0,0,500,500,0,0,1
44187,44187,14800,0,0,14000,800,0,0,1
44191,44191,50000,0,0,49500,500,0,0,1
44195,44195,9900,0,0,9400,500,0,0,1
44199,44199,38600,0,0,21200,17400,0,0,1
52205,52205,500,0,0,0,500,0,0,1
36426,36426,400,0,0,100,300,0,0,1
36430,36430,800,0,0,100,700,0,0,1
52209,90673,1000,500,0,0,500,1000,0,1
44203,44203,50000,0,0,4100,45900,0,0,1
44207,44207,4000,0,0,2700,1300,0,0,1
36434,36434,1000,0,0,0,1000,0,0,1
32500,32500,100,0,0,0,100,0,0,1
32504,32504,100,0,0,0,100,0,0,1
44211,44211,2000,0,0,1900,100,0,0,1
44215,44215,50000,0,0,31200,18800,0,0,1
36438,36438,100,0,0,0,100,0,0,1
44219,44219,1000,0,0,0,1000,0,0,1
44223,44223,705,0,0,399,306,0,0,1
44227,44227,2248,0,0,2148,100,0,0,1
44231,44231,1800,0,0,900,900,0,0,1
32508,32508,951,0,0,0,951,0,0,1
44235,44235,124,0,0,0,124,0,0,1
44239,44239,200,0,0,100,100,0,0,1
44243,44243,1000,0,0,500,500,0,0,1
44247,44247,583,0,0,483,100,0,0,1
44251,44251,1546,0,0,1351,195,0,0,1
44255,44255,100,0,0,0,100,0,0,1
44259,44259,1388,0,0,1288,100,0,0,1
52217,52217,1000,0,0,0,1000,0,0,1
44263,44263,2279,0,0,2077,202,0,0,1
44267,44267,1879,0,0,1720,159,0,0,1
44271,44271,1700,0,0,1600,100,0,0,1
44275,44275,500,0,0,0,500,0,0,1
44279,44279,20,0,0,0,20,0,0,1
36442,36442,1000,0,0,0,1000,0,0,1
36446,66054,1000,500,0,0,500,1000,0,1
52241,52241,400,0,400,0,0,0,0,1
52313,52313,100,0,0,0,100,0,0,1
52317,52317,100,0,0,0,100,0,0,1
44387,44387,10,0,0,0,10,0,0,1
52529,52529,11,0,0,0,11,0,0,1
52545,52545,100,0,0,0,100,0,0,1
52577,52577,600,0,50,0,550,0,0,1
52581,52581,600,0,0,0,600,0,0,1
52593,52593,100,0,0,0,100,0,0,1
52629,52629,600,0,0,0,600,0,0,1
37006,37006,500,0,0,0,500,0,0,1
44607,44607,100,0,0,0,100,0,0,1
53105,53105,3000,0,0,0,3000,0,0,1
53221,53221,420,0,0,0,420,0,0,1
53225,53225,100,0,0,0,100,0,0,1
53237,74477,500,1000,0,0,500,1000,0,1
44791,44791,300,0,0,0,300,0,0,1
37386,37386,1000,0,0,0,1000,0,0,1
33220,33220,1000,0,0,0,1000,0,0,1
37402,37402,300,0,0,0,300,0,0,1
53385,53385,4000,0,0,3700,300,0,0,1
53389,53389,2000,0,0,1000,1000,0,0,1
53393,53393,1000,0,0,0,1000,0,0,1
33228,33228,100,0,0,0,100,0,0,1
33232,33232,100,0,0,0,100,0,0,1
53441,53441,2000,0,0,1800,200,0,0,1
44959,44959,145,0,0,45,100,0,0,1
44963,44963,800,0,0,697,103,0,0,1
37466,37466,1100,0,0,1000,100,0,0,1
33320,33320,4000,0,0,0,4000,0,0,1
33324,33324,4000,0,0,0,4000,0,0,1
44995,44995,180,0,0,0,180,0,0,1
44999,44999,800,0,0,583,217,0,0,1
33400,33400,400,0,0,0,400,0,0,1
45051,45051,207,0,0,107,100,0,0,1
45079,45079,358,0,0,258,100,0,0,1
37538,37538,2000,0,0,0,2000,0,0,1
37614,37614,100,0,0,0,100,0,0,1
37618,37618,100,0,0,0,100,0,0,1
37622,37622,100,0,0,0,100,0,0,1
53589,53589,100,0,0,0,100,0,0,1
53593,53593,150,0,0,0,150,0,0,1
45191,45191,300,0,0,0,300,0,0,1
33408,33408,100,0,0,0,100,0,0,1
53621,53621,100,0,0,0,100,0,0,1
37738,37738,1200,0,0,1100,100,0,0,1
45235,45235,10000,0,0,0,10000,0,0,1
45239,45239,10000,0,0,0,10000,0,0,1
37758,37758,300,0,0,0,300,0,0,1
53629,53629,100,0,0,0,100,0,0,1
37762,37762,500,0,0,0,500,0,0,1
53633,53633,600,0,0,0,600,0,0,1
37766,37766,500,0,0,0,500,0,0,1
53637,53637,800,0,0,700,100,0,0,1
53641,53641,800,0,0,0,800,0,0,1
53645,53645,800,0,0,700,100,0,0,1
53649,53649,600,0,0,500,100,0,0,1
53653,53653,100,0,0,0,100,0,0,1
53657,53657,800,0,0,700,100,0,0,1
53661,53661,600,0,0,500,100,0,0,1
45503,45503,300,0,0,0,300,0,0,1
53665,53665,1104,0,0,845,259,0,0,1
33412,33412,10000,0,0,0,10000,0,0,1
33416,33416,10000,0,0,0,10000,0,0,1
33420,33420,1500,0,0,0,1500,0,0,1
45507,45507,300,0,0,0,300,0,0,1
53669,53669,100,0,0,0,100,0,0,1
37770,37770,300,0,0,0,300,0,0,1
37774,37774,1200,0,0,1100,100,0,0,1
37778,37778,1000,0,0,0,1000,0,0,1
37782,37782,1000,0,0,0,1000,0,0,1
45511,45511,800,0,0,400,400,0,0,1
45515,45515,1500,0,700,800,0,0,0,1
33444,33444,100,0,0,0,100,0,0,1
37786,37786,1000,0,0,900,100,0,0,1
45519,45519,800,0,0,400,400,0,0,1
53677,53677,20,0,0,0,20,0,0,1
53681,53681,20,0,0,0,20,0,0,1
33448,33448,20,0,0,0,20,0,0,1
53685,53685,100,0,0,0,100,0,0,1
45523,45523,400,0,0,0,400,0,0,1
45527,45527,100,0,0,0,100,0,0,1
37790,37790,100,0,0,0,100,0,0,1
45535,45535,800,0,0,400,400,0,0,1
37794,37794,1300,0,0,800,500,0,0,1
37798,37798,100,0,0,0,100,0,0,1
37802,37802,100,0,0,0,100,0,0,1
37806,37806,1100,0,0,200,900,0,0,1
37810,37810,2100,0,0,900,1200,0,0,1
38102,38102,200,0,0,0,200,0,0,1
38158,38158,300,0,0,100,200,0,0,1
38226,38226,1000,0,0,0,1000,0,0,1
38230,38230,1600,0,0,100,1500,0,0,1
38238,38238,400,0,0,0,400,0,0,1
33776,33776,800,0,0,500,300,0,0,1
33780,33780,2600,0,0,2500,100,0,0,1
33784,33784,1400,0,0,100,1300,0,0,1
33788,33788,8000,0,0,7500,500,0,0,1
33792,33792,8000,0,0,7900,100,0,0,1
54429,54429,500,0,0,0,500,0,0,1
33796,33796,8000,0,0,7700,300,0,0,1
33800,33800,8000,0,0,7800,200,0,0,1
33804,33804,8000,0,0,7600,400,0,0,1
33808,33808,8000,0,0,7200,800,0,0,1
54685,54685,100,0,0,0,100,0,0,1
46139,46139,300,0,0,0,300,0,0,1
38766,38766,2000,0,0,1000,1000,0,0,1
38770,38770,4800,0,0,2800,2000,0,0,1
46147,46147,400,0,0,0,400,0,0,1
38854,38854,6000,0,0,5900,100,0,0,1
38858,38858,6000,0,0,4000,2000,0,0,1
38894,38894,2000,0,0,0,2000,0,0,1
38898,38898,2000,0,0,0,2000,0,0,1
38902,38902,4000,0,0,2000,2000,0,0,1
38906,38906,4000,0,0,2000,2000,0,0,1
46515,46515,1000,0,0,0,1000,0,0,1
46519,48083,200,1000,0,0,1000,200,0,1
54973,54973,9700,0,0,0,9700,0,0,1
34152,34152,500,0,0,0,500,0,0,1
34156,34156,500,0,0,0,500,0,0,1
34160,34160,2700,0,0,0,2700,0,0,1
34164,34164,2700,0,0,0,2700,0,0,1
46567,101571,3300,3300,0,0,3300,3300,0,1
46571,122399,3300,3300,0,0,3300,3300,0,1
34168,2974156,4200,172200,0,0,4200,172200,0,1
46575,46575,900,0,0,0,900,0,0,1
34172,164056,4200,8400,0,0,4200,8400,0,1
46579,46579,900,0,0,0,900,0,0,1
54989,156977,500,7000,0,0,500,7000,0,1
54993,54993,500,0,0,0,500,0,0,1
39150,39150,600,0,0,0,600,0,0,1
39154,39154,600,0,0,0,600,0,0,1
46695,46695,400,0,0,0,400,0,0,1
46699,46699,400,0,0,0,400,0,0,1
39158,39158,1600,0,0,0,1600,0,0,1
34176,34176,4000,0,0,0,4000,0,0,1
34180,34180,4000,0,0,0,4000,0,0,1
34184,34184,1000,0,0,0,1000,0,0,1
39162,39162,500,0,0,0,500,0,0,1
39166,39166,500,0,0,0,500,0,0,1
34188,34188,700,0,0,0,700,0,0,1
34192,34192,700,0,0,0,700,0,0,1
54997,54997,1200,0,0,0,1200,0,0,1
46735,125855,3800,3800,0,0,3800,3800,0,1
46739,46739,3800,0,0,0,3800,0,0,1
34196,34196,600,0,0,0,600,0,0,1
34200,34200,600,0,0,0,600,0,0,1
46783,142775,6800,20400,0,0,6800,20400,0,1
46787,46787,6800,0,0,0,6800,0,0,1
34204,34204,500,0,0,0,500,0,0,1
34208,34208,2800,0,0,0,2800,0,0,1
34212,84380,2800,2800,0,0,2800,2800,0,1
34216,34216,600,0,0,0,600,0,0,1
34220,34220,600,0,0,0,600,0,0,1
34224,81576,900,3600,0,0,900,3600,0,1
34228,55340,900,900,0,0,900,900,0,1
39170,39170,1600,0,0,0,1600,0,0,1
55001,55001,1000,0,0,200,800,0,0,1
55005,55005,1000,0,0,0,1000,0,0,1
55009,55009,1000,0,0,0,1000,0,0,1
55013,55013,1000,0,0,0,1000,0,0,1
55017,55017,1000,0,0,0,1000,0,0,1
55021,55021,1000,0,0,0,1000,0,0,1
34236,58092,800,800,0,0,800,800,0,1
34240,34240,800,0,0,0,800,0,0,1
34244,34244,400,0,0,0,400,0,0,1
34248,34248,400,0,0,0,400,0,0,1
55025,55025,1000,0,0,0,1000,0,0,1
55029,55029,1000,0,0,0,1000,0,0,1
34252,34252,800,0,0,0,800,0,0,1
34256,34256,800,0,0,0,800,0,0,1
34260,34260,1200,0,0,100,1100,0,0,1
34264,34264,951,0,0,0,951,0,0,1
55033,55033,100,0,0,0,100,0,0,1
55037,55037,800,0,0,700,100,0,0,1
55041,55041,500,0,0,0,500,0,0,1
55045,55045,100,0,0,0,100,0,0,1
55049,55049,800,0,0,700,100,0,0,1
55053,104641,500,500,0,0,300,700,0,1
34268,34268,2300,0,0,0,2300,0,0,1
55057,55057,100,0,0,0,100,0,0,1
55061,55061,800,0,0,700,100,0,0,1
34272,34272,1495,0,0,899,596,0,0,1
34276,34276,304,0,0,0,304,0,0,1
55065,55065,800,0,0,700,100,0,0,1
34280,34280,450,0,0,350,100,0,0,1
34284,34284,878,0,0,732,146,0,0,1
34288,34288,1500,0,0,0,1500,0,0,1
55069,55069,200,0,200,0,0,0,0,1
34292,34292,2000,0,0,0,2000,0,0,1
34296,34296,617,0,0,432,185,0,0,1
34300,34300,220,0,0,120,100,0,0,1
34304,34304,1000,0,0,0,1000,0,0,1
34308,34308,380,0,0,280,100,0,0,1
34312,34312,283,0,0,0,283,0,0,1
46871,46871,500,0,0,300,200,0,0,1
46875,46875,300,0,0,200,100,0,0,1
46879,46879,600,0,0,0,600,0,0,1
46883,46883,300,0,0,200,100,0,0,1
46887,46887,1000,0,0,900,100,0,0,1
39174,39174,100,0,0,0,100,0,0,1
39178,39178,100,0,0,0,100,0,0,1
46891,46891,1500,0,0,1400,100,0,0,1
46895,46895,2000,0,0,0,2000,0,0,1
46899,46899,1200,0,0,300,900,0,0,1
46903,46903,800,0,0,0,800,0,0,1
46907,46907,800,0,0,0,800,0,0,1
46911,46911,800,0,0,0,800,0,0,1
46915,46915,800,0,0,0,800,0,0,1
46919,46919,800,0,0,0,800,0,0,1
46923,46923,800,0,0,0,800,0,0,1
46927,46927,4400,0,0,0,4400,0,0,1
46931,46931,4400,0,0,0,4400,0,0,1
55801,55801,200,0,0,0,200,0,0,1
39882,39882,1000,0,1000,0,0,0,0,1
39890,39890,1000,0,1000,0,0,0,0,1
39894,39894,1000,0,1000,0,0,0,0,1
39902,39902,1000,0,0,0,1000,0,0,1
47403,106611,1000,1000,0,0,500,1500,0,1
47407,47407,200,0,0,0,200,0,0,1
40170,40170,2000,0,0,0,2000,0,0,1
40190,40190,100,0,0,0,100,0,0,1
56221,56221,1500,0,0,100,1400,0,0,1
47679,47679,5400,0,0,4400,1000,0,0,1
47691,47691,90000,0,0,0,90000,0,0,1
35060,35060,1000,0,0,750,250,0,0,1
35064,35064,337,0,0,0,337,0,0,1
35068,35068,1000,0,0,0,1000,0,0,1
35072,35072,1000,0,0,744,256,0,0,1
47779,47779,6600,0,0,0,6600,0,0,1
35076,35076,1000,0,0,0,1000,0,0,1
35080,35080,1000,0,0,0,1000,0,0,1
35084,35084,1000,0,0,0,1000,0,0,1
35088,35088,1000,0,0,800,200,0,0,1
35092,35092,500,0,0,0,500,0,0,1
35096,35096,500,0,0,0,500,0,0,1
35100,35100,500,0,0,0,500,0,0,1
35104,35104,500,0,0,0,500,0,0,1
47879,47879,1000,0,0,0,1000,0,0,1
35108,35108,100,0,0,0,100,0,0,1
40446,40446,100,0,0,0,100,0,0,1
35112,35112,500,0,0,0,500,0,0,1
35116,35116,100,0,0,0,100,0,0,1
40450,40450,100,0,0,0,100,0,0,1
47883,47883,100,0,0,0,100,0,0,1
47887,47887,100,0,0,0,100,0,0,1
56381,56381,100,0,100,0,0,0,0,1
40454,40454,100,0,0,0,100,0,0,1
35120,35120,500,0,0,0,500,0,0,1
56385,56385,32,0,0,0,32,0,0,1
40458,40458,100,0,0,0,100,0,0,1
35128,35128,500,0,0,0,500,0,0,1
48171,48171,10800,0,0,3700,7100,0,0,1
56389,56389,900,0,0,0,900,0,0,1
56393,56393,1000,0,0,800,200,0,0,1
48175,48175,4400,0,0,2500,1900,0,0,1
56397,56397,1000,0,0,900,100,0,0,1
56401,56401,1000,0,0,900,100,0,0,1
56405,56405,200,0,0,100,100,0,0,1
56409,56409,1000,0,0,500,500,0,0,1
48179,48179,800,0,0,0,800,0,0,1
48183,48183,1000,0,0,0,1000,0,0,1
48187,48187,100,0,0,0,100,0,0,1
40462,40462,7500,0,0,0,7500,0,0,1
40470,40470,3000,0,0,0,3000,0,0,1
40474,40474,2400,0,0,2200,200,0,0,1
40478,40478,200,0,0,100,100,0,0,1
40482,40482,700,0,0,400,300,0,0,1
40486,40486,2400,0,0,1700,700,0,0,1
40490,40490,2400,0,0,2100,300,0,0,1
40494,40494,600,0,0,500,100,0,0,1
40498,40498,2400,0,0,1900,500,0,0,1
40502,40502,2000,0,0,0,2000,0,0,1
35136,35136,3000,0,0,0,3000,0,0,1
40506,40506,300,0,0,0,300,0,0,1
56781,56781,300,0,0,0,300,0,0,1
56905,56905,100,0,0,0,100,0,0,1
56949,56949,50,0,0,0,50,0,0,1
35288,35288,1000,0,0,0,1000,0,0,1
35292,35292,35000,0,0,0,35000,0,0,1
35296,35296,500,0,0,0,500,0,0,1
48571,48571,3200,0,0,0,3200,0,0,1
35880,35880,4000,0,0,0,4000,0,0,1
36036,36036,10,0,0,0,10,0,0,1
36040,36040,10,0,0,0,10,0,0,1
36044,36044,10,0,0,0,10,0,0,1
36048,40108,600,600,0,0,600,600,0,1
57737,88481,500,200,0,0,200,500,0,1
36052,58040,700,300,0,0,300,700,0,1
41598,75518,500,500,0,0,300,700,0,1
48903,48903,500,0,0,0,500,0,0,1
41602,41602,500,0,0,0,500,0,0,1
48907,48907,600,0,0,0,600,0,0,1
36056,36056,1000,0,0,0,1000,0,0,1
57745,57745,500,0,0,0,500,0,0,1
48911,48911,300,0,0,200,100,0,0,1
57809,57809,1200,0,0,0,1200,0,0,1
49223,49223,105,0,0,5,100,0,0,1
57813,57813,400,0,0,300,100,0,0,1
36068,36068,1700,0,0,200,1500,0,0,1
57817,57817,994,0,0,336,658,0,0,1
49691,49691,5000,0,0,500,4500,0,0,1
58545,58545,100,0,0,0,100,0,0,1
43458,43458,150,0,0,0,150,0,0,1
37292,37292,10,0,0,0,10,0,0,1
43778,43778,1000,0,0,0,1000,0,0,1
51199,51199,4000,0,0,0,4000,0,0,1
37768,37768,12,0,0,0,12,0,0,1
51807,51807,244,0,0,0,244,0,0,1
51811,51811,1000,0,0,0,1000,0,0,1
37972,37972,400,0,0,0,400,0,0,1
44210,44210,1000,0,0,0,1000,0,0,1
44226,44226,100,0,0,0,100,0,0,1
44230,44230,1000,0,0,0,1000,0,0,1
61429,61429,1000,0,0,0,1000,0,0,1
61441,61441,150,0,0,0,150,0,0,1
61445,61445,100,0,0,0,100,0,0,1
61449,61449,250,0,0,0,250,0,0,1
52207,52207,200,0,0,100,100,0,0,1
52211,52211,100,0,0,0,100,0,0,1
61845,61845,100,0,0,0,100,0,0,1
52219,52219,100,0,0,0,100,0,0,1
61853,61853,100,0,0,0,100,0,0,1
52411,52411,667,0,0,0,667,0,0,1
52499,52499,403,0,0,0,403,0,0,1
52503,52503,900,0,0,400,500,0,0,1
52519,52519,500,0,0,0,500,0,0,1
39180,39180,100,0,0,0,100,0,0,1
53003,53003,110,0,0,0,110,0,0,1
53123,53123,1000,0,0,0,1000,0,0,1
62453,62453,1200,0,0,0,1200,0,0,1
53167,53167,700,0,0,0,700,0,0,1
53171,53171,1000,0,0,500,500,0,0,1
53175,53175,500,0,0,0,500,0,0,1
62457,62457,1000,0,0,0,1000,0,0,1
53179,69723,300,700,0,0,300,700,0,1
53183,53183,100,0,0,0,100,0,0,1
62461,62461,400,0,0,300,100,0,0,1
45534,45534,500,0,0,0,500,0,0,1
45538,45538,700,0,0,0,700,0,0,1
53187,53187,1400,0,0,1300,100,0,0,1
62465,62465,200,0,0,0,200,0,0,1
53191,53191,500,0,0,100,400,0,0,1
53195,53195,1000,0,0,800,200,0,0,1
39184,39184,951,0,0,422,529,0,0,1
62481,62481,200,0,0,0,200,0,0,1
62537,84805,1000,500,0,0,500,1000,0,1
45550,45550,1000,0,0,500,500,0,0,1
62541,62541,1000,0,0,0,1000,0,0,1
62545,62545,200,0,0,0,200,0,0,1
53199,53199,1000,0,0,0,1000,0,0,1
39188,58052,700,300,0,0,300,700,0,1
62549,62549,500,0,0,0,500,0,0,1
45574,45574,900,0,0,0,900,0,0,1
39192,55456,500,200,0,0,200,500,0,1
53203,53203,300,0,0,0,300,0,0,1
53207,89495,300,100,0,0,100,300,0,1
53211,53211,500,0,0,300,200,0,0,1
53215,53215,200,0,0,100,100,0,0,1
62977,62977,3,0,0,0,3,0,0,1
53535,53535,500,0,500,0,0,0,0,1
46490,46490,1900,0,0,1500,400,0,0,1
39848,49736,700,700,0,0,700,700,0,1
46790,46790,2000,0,0,0,2000,0,0,1
46842,46842,300,0,0,0,300,0,0,1
46846,46846,300,0,0,0,300,0,0,1
54291,54291,100,0,0,0,100,0,0,1
40040,40040,1800,0,0,0,1800,0,0,1
63789,63789,336,0,0,0,336,0,0,1
40044,40044,3000,0,0,2700,300,0,0,1
63793,63793,900,0,0,0,900,0,0,1
46850,46850,1300,0,0,0,1300,0,0,1
46854,46854,2500,0,0,0,2500,0,0,1
46858,46858,2500,0,0,0,2500,0,0,1
46862,46862,2500,0,0,0,2500,0,0,1
46866,46866,2500,0,0,0,2500,0,0,1
63797,63797,336,0,0,178,158,0,0,1
40048,40048,800,0,0,0,800,0,0,1
40052,40052,1900,0,0,1200,700,0,0,1
63801,63801,1000,0,0,0,1000,0,0,1
63805,63805,658,0,0,273,385,0,0,1
54295,54295,1400,0,0,1100,300,0,0,1
40056,40056,280,0,0,95,185,0,0,1
63809,63809,688,0,0,0,688,0,0,1
40060,40060,663,0,0,563,100,0,0,1
40104,40104,100,0,0,0,100,0,0,1
40112,40112,600,0,0,0,600,0,0,1
54479,54479,10,0,0,0,10,0,0,1
55147,55147,100,0,0,0,100,0,0,1
48214,48214,100,0,0,0,100,0,0,1
48218,48218,100,0,0,0,100,0,0,1
41000,41000,100,0,0,0,100,0,0,1
41004,41004,100,0,33,0,67,0,0,1
65197,65197,100,0,0,0,100,0,0,1
65201,65201,190,0,0,0,190,0,0,1
48222,48222,100,0,0,0,100,0,0,1
65205,65205,20,0,0,0,20,0,0,1
48226,48226,100,0,0,0,100,0,0,1
65209,65209,20,0,0,0,20,0,0,1
65213,65213,100,0,0,0,100,0,0,1
65417,65417,670,0,0,0,670,0,0,1
65829,65829,200,0,0,0,200,0,0,1
65853,65853,25,0,0,0,25,0,0,1
65869,65869,100,0,0,0,100,0,0,1
55687,55687,900,0,0,800,100,0,0,1
66085,66085,100,0,0,0,100,0,0,1
49370,49370,500,0,0,0,500,0,0,1
49374,49374,500,0,0,0,500,0,0,1
49378,49378,800,0,0,0,800,0,0,1
49382,49382,200,0,0,0,200,0,0,1
49386,49386,200,0,0,0,200,0,0,1
49482,49482,480,0,0,0,480,0,0,1
66517,66517,100,0,0,0,100,0,0,1
41936,57484,100,200,0,0,200,100,0,1
67469,67469,1000,0,0,0,1000,0,0,1
50338,50338,1,0,0,0,1,0,0,1
67977,67977,1000,0,0,0,1000,0,0,1
68305,68305,100,0,0,0,100,0,0,1
68353,68353,400,0,0,0,400,0,0,1
51078,51078,400,0,0,0,400,0,0,1
68825,68825,10,0,0,0,10,0,0,1
68837,68837,200,0,0,0,200,0,0,1
58219,58219,2000,0,0,0,2000,0,0,1
52034,52034,100,0,0,0,100,0,0,1
52038,52038,100,0,0,0,100,0,0,1
52234,52234,1000,0,0,0,1000,0,0,1
52238,52238,100,0,0,0,100,0,0,1
52242,52242,100,0,0,0,100,0,0,1
52246,52246,1000,0,0,600,400,0,0,1
52250,52250,1000,0,0,0,1000,0,0,1
52254,52254,1000,0,0,0,1000,0,0,1
52258,52258,1000,0,0,500,500,0,0,1
58867,58867,20,0,0,0,20,0,0,1
58931,58931,1000,0,0,0,1000,0,0,1
69725,69725,688,0,0,1,687,0,0,1
43844,43844,450,0,0,146,304,0,0,1
52562,52562,100,0,0,0,100,0,0,1
52566,52566,200,0,0,0,200,0,0,1
52570,52570,200,0,0,0,200,0,0,1
52574,52574,250,0,0,0,250,0,0,1
52578,52578,300,0,0,0,300,0,0,1
44012,44012,2500,0,0,0,2500,0,0,1
59487,59487,67,0,0,0,67,0,0,1
59571,59571,25,0,0,0,25,0,0,1
59575,59575,25,0,0,0,25,0,0,1
59579,59579,25,0,0,0,25,0,0,1
59583,59583,100,0,0,0,100,0,0,1
70857,70857,200,0,0,0,200,0,0,1
53538,53538,100,0,0,0,100,0,0,1
70913,70913,500,0,0,0,500,0,0,1
53542,53542,300,0,0,0,300,0,0,1
70917,70917,200,0,0,0,200,0,0,1
53546,53546,200,0,0,0,200,0,0,1
70921,70921,300,0,0,0,300,0,0,1
53550,53550,200,0,0,0,200,0,0,1
70969,70969,100,0,0,0,100,0,0,1
59983,59983,100,0,0,0,100,0,0,1
53562,53562,100,0,0,0,100,0,0,1
70973,70973,100,0,0,0,100,0,0,1
60015,60015,50,0,0,0,50,0,0,1
60019,60019,25,0,0,0,25,0,0,1
53566,53566,300,0,0,0,300,0,0,1
53570,53570,2500,0,0,0,2500,0,0,1
53574,53574,2500,0,0,0,2500,0,0,1
53578,53578,2500,0,0,0,2500,0,0,1
53582,53582,2500,0,0,0,2500,0,0,1
44748,44748,100,0,0,0,100,0,0,1
71349,71349,100,0,0,0,100,0,0,1
71353,71353,100,0,0,0,100,0,0,1
71357,71357,300,0,0,0,300,0,0,1
71361,71361,300,0,0,0,300,0,0,1
71433,71433,500,0,0,0,500,0,0,1
71821,71821,2000,0,0,1000,1000,0,0,1
44924,44924,100,0,0,0,100,0,0,1
45132,45132,3000,0,0,0,3000,0,0,1
60827,60827,20,0,0,0,20,0,0,1
54518,54518,100,0,0,0,100,0,0,1
72501,72501,20,0,0,0,20,0,0,1
45564,45564,1000,0,0,0,1000,0,0,1
54838,54838,100,0,0,0,100,0,0,1
61995,61995,100,0,0,0,100,0,0,1
55418,55418,35,0,0,0,35,0,0,1
55422,55422,40,0,0,0,40,0,0,1
55566,55566,1000,0,0,500,500,0,0,1
62191,62191,100,0,0,0,100,0,0,1
62207,62207,100,0,0,0,100,0,0,1
73485,73485,100,0,0,0,100,0,0,1
62463,62463,500,0,0,0,500,0,0,1
46400,46400,100,0,0,0,100,0,0,1
56210,56210,111,0,111,0,0,0,0,1
56254,56254,40,0,0,0,40,0,0,1
46548,46548,1000,0,0,500,500,0,0,1
46552,46552,436,0,0,200,236,0,0,1
46556,46556,1000,0,0,500,500,0,0,1
56566,56566,100,0,0,0,100,0,0,1
63219,63219,5,0,0,0,5,0,0,1
63571,63571,100,0,0,0,100,0,0,1
74473,74473,73,0,0,0,73,0,0,1
74481,74481,1000,0,0,0,1000,0,0,1
74485,109245,1000,1200,0,0,200,2000,0,1
63575,63575,500,0,0,300,200,0,0,1
74489,74489,213,0,0,113,100,0,0,1
74493,74493,200,0,0,100,100,0,0,1
63675,63675,1600,0,0,0,1600,0,0,1
47196,47196,1520,0,0,0,1520,0,0,1
57150,57150,100,0,0,0,100,0,0,1
63967,63967,100,0,0,0,100,0,0,1
64519,64519,150,0,0,40,110,0,0,1
75569,90133,600,300,0,0,300,600,0,1
75573,75573,500,0,0,0,500,0,0,1
64583,64583,400,0,0,0,400,0,0,1
75577,75577,1000,0,0,0,1000,0,0,1
64591,64591,763,0,0,181,582,0,0,1
76521,76521,190,0,0,90,100,0,0,1
48892,48892,100,0,0,0,100,0,0,1
58570,58570,100,0,0,0,100,0,0,1
58634,58634,100,0,0,0,100,0,0,1
58638,58638,1000,0,0,900,100,0,0,1
48904,48904,10000,0,0,0,10000,0,0,1
58938,58938,150,0,0,0,150,0,0,1
66351,66351,500,0,0,0,500,0,0,1
49284,49284,600,0,0,0,600,0,0,1
49288,49288,283,0,0,145,138,0,0,1
49292,65948,1500,700,0,0,700,1500,0,1
49296,55304,1500,700,0,0,700,1500,0,1
49300,49300,600,0,0,0,600,0,0,1
49304,49304,220,0,0,0,220,0,0,1
49308,65980,1500,1400,0,0,700,2200,0,1
49312,49312,732,0,0,547,185,0,0,1
49316,49316,1500,0,0,0,1500,0,0,1
49372,49372,600,0,0,0,600,0,0,1
49400,49400,304,0,0,135,169,0,0,1
49404,49404,595,0,0,495,100,0,0,1
49476,49476,596,0,0,112,484,0,0,1
49480,49480,600,0,0,500,100,0,0,1
66763,66763,800,0,0,100,700,0,0,1
67019,75051,400,800,0,0,800,400,0,1
67023,67023,900,0,0,0,900,0,0,1
67027,67027,800,0,0,0,800,0,0,1
49740,49740,4000,0,4000,0,0,0,0,1
67271,67271,2000,0,0,0,2000,0,0,1
49788,49788,1000,0,0,0,1000,0,0,1
78293,78293,100,0,0,0,100,0,0,1
67579,67579,1000,0,0,0,1000,0,0,1
49936,49936,100,0,0,0,100,0,0,1
68315,68315,400,0,0,0,400,0,0,1
68343,68343,20,0,0,0,20,0,0,1
50528,50528,4000,0,0,0,4000,0,0,1
68523,68523,900,0,0,0,900,0,0,1
78761,78761,100,0,0,0,100,0,0,1
60134,60134,106,0,0,0,106,0,0,1
78765,78765,300,0,0,0,300,0,0,1
60138,60138,700,0,0,0,700,0,0,1
68543,68543,400,0,0,0,400,0,0,1
68547,68547,300,0,0,200,100,0,0,1
68551,68551,100,0,0,0,100,0,0,1
78841,78841,800,0,0,0,800,0,0,1
60142,60142,100,0,0,0,100,0,0,1
60146,60146,900,0,0,0,900,0,0,1
50540,50540,2500,0,0,0,2500,0,0,1
78845,78845,230,0,0,0,230,0,0,1
68555,68555,8300,0,0,0,8300,0,0,1
78849,78849,100,0,0,0,100,0,0,1
60150,60150,100,0,0,0,100,0,0,1
60250,60250,106,0,0,0,106,0,0,1
60822,60822,900,0,0,0,900,0,0,1
51028,51028,2500,0,0,0,2500,0,0,1
69411,69411,900,0,0,0,900,0,0,1
69415,69415,4500,0,0,0,4500,0,0,1
69487,69487,900,0,0,0,900,0,0,1
69531,69531,50,0,0,0,50,0,0,1
69535,69535,50,0,0,0,50,0,0,1
51332,51332,3,0,0,0,3,0,0,1
69583,69583,2000,0,0,0,2000,0,0,1
60846,60846,106,0,0,0,106,0,0,1
69639,69639,900,0,0,300,600,0,0,1
79649,79649,500,0,0,0,500,0,0,1
79653,79653,1000,0,0,0,1000,0,0,1
51380,56296,600,300,0,0,300,600,0,1
79657,79657,300,0,0,0,300,0,0,1
60850,60850,900,0,0,0,900,0,0,1
79661,79661,420,0,0,51,369,0,0,1
79665,91101,1000,1000,0,0,500,1500,0,1
69695,69695,100,0,0,0,100,0,0,1
69699,69699,100,0,0,0,100,0,0,1
79669,79669,100,0,0,0,100,0,0,1
79673,79673,100,0,0,0,100,0,0,1
51388,51388,1000,0,0,0,1000,0,0,1
51392,51392,547,0,0,300,247,0,0,1
51396,51396,100,0,0,0,100,0,0,1
60866,60866,400,0,0,0,400,0,0,1
51400,51400,709,0,0,564,145,0,0,1
51404,51404,2500,0,0,0,2500,0,0,1
60870,60870,100,0,0,0,100,0,0,1
69703,69703,100,0,0,0,100,0,0,1
79677,79677,100,0,0,0,100,0,0,1
51408,51408,100,0,0,0,100,0,0,1
79681,79697,500,500,0,0,500,500,0,1
79685,79685,500,0,0,0,500,0,0,1
51412,51412,1000,0,0,0,1000,0,0,1
79689,79689,100,0,0,0,100,0,0,1
69707,69707,1000,0,0,0,1000,0,0,1
79693,79693,500,0,0,0,500,0,0,1
51416,51416,525,0,0,39,486,0,0,1
69715,69715,400,0,0,0,400,0,0,1
79701,79701,1000,0,0,900,100,0,0,1
51420,51420,150,0,0,0,150,0,0,1
69719,69719,1200,0,0,1100,100,0,0,1
60882,60882,600,0,0,300,300,0,0,1
79709,79709,100,0,0,0,100,0,0,1
69727,69727,100,0,0,0,100,0,0,1
69731,69731,1600,0,0,1400,200,0,0,1
79809,79809,1000,0,0,0,1000,0,0,1
79813,79813,1000,0,0,0,1000,0,0,1
80113,80113,9,0,0,0,9,0,0,1
80117,80117,4,0,0,0,4,0,0,1
80253,80253,20,0,0,0,20,0,0,1
80261,80261,30,0,0,0,30,0,0,1
80345,80345,100,0,0,0,100,0,0,1
80349,80349,150,0,0,0,150,0,0,1
80353,80353,200,0,0,0,200,0,0,1
80461,80461,1000,0,0,0,1000,0,0,1
80465,80465,1000,0,0,0,1000,0,0,1
80469,80469,1000,0,0,0,1000,0,0,1
80473,80473,100,0,0,0,100,0,0,1
80533,80533,100,0,0,0,100,0,0,1
70367,70367,7000,0,0,0,7000,0,0,1
70371,70371,6000,0,0,0,6000,0,0,1
70379,70379,100,0,0,0,100,0,0,1
70391,70391,1000,0,0,0,1000,0,0,1
70399,70399,10000,0,0,0,10000,0,0,1
70407,70407,5000,0,0,0,5000,0,0,1
70415,70415,10000,0,0,0,10000,0,0,1
70423,70423,5300,0,0,0,5300,0,0,1
70431,70431,10000,0,0,0,10000,0,0,1
70439,70439,10000,0,0,0,10000,0,0,1
51568,51568,300,0,0,0,300,0,0,1
51572,51572,188,0,0,0,188,0,0,1
70551,70551,30,0,0,0,30,0,0,1
70919,70919,2500,0,0,1900,600,0,0,1
80925,80925,1000,0,0,0,1000,0,0,1
81477,81477,300,0,0,0,300,0,0,1
72011,72011,150,0,0,0,150,0,0,1
52824,52824,1,0,0,0,1,0,0,1
62242,62242,500,0,0,0,500,0,0,1
62246,62246,100,0,0,0,100,0,0,1
62250,62250,300,0,0,200,100,0,0,1
72475,72475,50,0,0,0,50,0,0,1
62906,62906,1000,0,0,0,1000,0,0,1
53516,53516,1000,0,0,0,1000,0,0,1
53536,53536,100,0,0,0,100,0,0,1
53540,53540,100,0,0,0,100,0,0,1
53552,53552,100,0,0,0,100,0,0,1
53560,53560,100,0,0,0,100,0,0,1
53568,53568,100,0,0,0,100,0,0,1
53572,53572,100,0,0,0,100,0,0,1
53584,53584,100,0,0,0,100,0,0,1
62934,62934,1000,0,2,0,998,0,0,1
63038,63038,83,0,0,0,83,0,0,1
74007,74007,100,0,0,0,100,0,0,1
54236,54236,300,0,0,0,300,0,0,1
54272,54272,100,0,0,0,100,0,0,1
54276,54276,200,0,0,0,200,0,0,1
54280,54280,300,0,0,0,300,0,0,1
54284,54284,110000,0,0,0,110000,0,0,1
54288,54288,300,0,0,0,300,0,0,1
54292,54292,1000,0,0,0,1000,0,0,1
54296,54296,300,0,0,0,300,0,0,1
54300,54300,300,0,0,0,300,0,0,1
54312,54312,100,0,0,0,100,0,0,1
54320,54320,100,0,0,0,100,0,0,1
54324,54324,100,0,0,0,100,0,0,1
74131,74131,4,0,0,0,4,0,0,1
54392,54392,100,0,0,0,100,0,0,1
54396,54396,697,0,0,0,697,0,0,1
54400,54400,4000,0,0,0,4000,0,0,1
54404,54404,4000,0,0,0,4000,0,0,1
54408,54408,4000,0,0,0,4000,0,0,1
54412,54412,1000,0,0,0,1000,0,0,1
54416,54416,2000,0,0,0,2000,0,0,1
54420,54420,100,0,0,0,100,0,0,1
54424,54424,12,0,0,0,12,0,0,1
54428,54428,1000,0,0,0,1000,0,0,1
83837,83837,1000,0,0,0,1000,0,0,1
74219,74219,100,0,0,0,100,0,0,1
74223,74223,100,0,0,0,100,0,0,1
83925,83925,500,0,0,0,500,0,0,1
83933,83933,500,0,0,0,500,0,0,1
74791,74791,508,0,0,319,189,0,0,1
84809,84809,1500,0,0,0,1500,0,0,1
84813,84813,1500,0,0,0,1500,0,0,1
84817,84817,100,0,0,0,100,0,0,1
55300,55300,300,0,0,0,300,0,0,1
84821,84825,500,500,0,0,500,500,0,1
75015,75015,1804,0,0,1666,138,0,0,1
55308,55320,700,700,0,0,700,700,0,1
75019,75027,200,100,0,0,100,200,0,1
55312,55312,188,0,0,68,120,0,0,1
55316,55316,700,0,0,0,700,0,0,1
84829,84829,4000,0,0,0,4000,0,0,1
64010,64010,3400,0,0,0,3400,0,0,1
64014,64014,2000,0,0,1300,700,0,0,1
64018,64018,2400,0,0,2300,100,0,0,1
75023,75023,895,0,0,635,260,0,0,1
84837,108805,1900,1300,0,0,1300,1900,0,1
84841,84841,500,0,0,0,500,0,0,1
64022,64022,1600,0,0,0,1600,0,0,1
75031,75031,100,0,0,0,100,0,0,1
84845,84845,500,0,0,0,500,0,0,1
55324,55324,900,0,0,0,900,0,0,1
84853,84853,101,0,0,0,101,0,0,1
64026,64026,100,0,0,0,100,0,0,1
75035,75035,500,0,0,0,500,0,0,1
84861,113833,500,500,0,0,500,500,0,1
64030,64030,1000,0,0,0,1000,0,0,1
84865,84865,500,0,0,0,500,0,0,1
55328,55328,400,0,0,0,400,0,0,1
84869,84869,394,0,0,293,101,0,0,1
75039,75039,1500,0,0,0,1500,0,0,1
64034,64034,200,0,0,100,100,0,0,1
75043,75043,1500,0,0,0,1500,0,0,1
64038,64038,2000,0,0,0,2000,0,0,1
64042,64042,400,0,0,200,200,0,0,1
55344,55344,500,0,0,0,500,0,0,1
55348,55348,800,0,0,0,800,0,0,1
55352,55352,600,0,0,0,600,0,0,1
64046,64046,500,0,0,0,500,0,0,1
55356,55356,600,0,0,0,600,0,0,1
75047,75047,900,0,0,0,900,0,0,1
55360,55360,2700,0,0,0,2700,0,0,1
55364,55364,1500,0,0,0,1500,0,0,1
55368,55368,1500,0,0,0,1500,0,0,1
75055,76259,200,100,0,0,100,200,0,1
64050,64050,100,0,0,0,100,0,0,1
64054,64054,500,0,0,0,500,0,0,1
64058,64058,100,0,0,0,100,0,0,1
64062,64062,500,0,0,0,500,0,0,1
55432,55432,1400,0,0,0,1400,0,0,1
64066,64066,100,0,0,0,100,0,0,1
55436,55436,1000,0,0,0,1000,0,0,1
85217,85217,10899,0,0,0,10899,0,0,1
55452,58516,200,500,0,0,200,500,0,1
85501,85501,100,0,0,0,100,0,0,1
64406,64406,100,0,0,0,100,0,0,1
55916,55916,400,0,0,0,400,0,0,1
75751,75751,2000,0,0,0,2000,0,0,1
64430,64430,100,0,0,0,100,0,0,1
64434,64434,300,0,0,0,300,0,0,1
55920,55920,400,0,0,0,400,0,0,1
86029,86029,209,0,0,15,194,0,0,1
86377,86377,30000,0,0,0,30000,0,0,1
76167,76167,1500,0,0,0,1500,0,0,1
76263,76263,100,0,0,0,100,0,0,1
55924,55924,500,0,0,0,500,0,0,1
76695,76695,20,0,0,0,20,0,0,1
56312,56312,700,0,0,0,700,0,0,1
56316,56316,100,0,0,0,100,0,0,1
56320,56320,1000,0,0,62,938,0,0,1
64770,64770,2500,0,0,0,2500,0,0,1
64774,64774,1200,0,0,0,1200,0,0,1
64778,64778,500,0,0,0,500,0,0,1
64782,64782,1200,0,0,0,1200,0,0,1
64786,64786,2000,0,0,0,2000,0,0,1
64790,64790,1200,0,0,0,1200,0,0,1
64794,64794,2500,0,0,0,2500,0,0,1
64798,64798,1300,0,0,0,1300,0,0,1
64802,64802,35,0,0,0,35,0,0,1
56340,56340,236,0,0,0,236,0,0,1
77547,77547,500,0,0,0,500,0,0,1
65238,65238,1300,0,0,0,1300,0,0,1
65242,65242,1300,0,0,0,1300,0,0,1
87929,87929,200,0,0,0,200,0,0,1
65254,65254,1300,0,0,0,1300,0,0,1
88133,88133,100,0,0,0,100,0,0,1
78043,78043,200,0,0,0,200,0,0,1
88485,88485,500,0,0,0,500,0,0,1
88489,88489,500,0,0,0,500,0,0,1
88493,88493,500,0,0,0,500,0,0,1
88497,88497,500,0,0,0,500,0,0,1
78055,78055,155,0,0,0,155,0,0,1
88501,88501,200,0,0,0,200,0,0,1
78059,78059,200,0,0,0,200,0,0,1
78067,78067,200,0,0,0,200,0,0,1
78075,78075,500,0,0,0,500,0,0,1
78079,78079,500,0,0,0,500,0,0,1
78099,78099,415,0,0,315,100,0,0,1
78171,78171,100,0,0,0,100,0,0,1
78275,78275,300,0,0,200,100,0,0,1
78303,78303,416,0,0,0,416,0,0,1
78343,78343,100,0,0,0,100,0,0,1
78347,78347,200,0,0,0,200,0,0,1
78351,78351,100,0,0,0,100,0,0,1
78355,78355,500,0,0,200,300,0,0,1
88685,88685,369,0,0,189,180,0,0,1
78467,78467,400,0,0,0,400,0,0,1
78471,78471,100,0,0,0,100,0,0,1
65574,65574,1300,0,0,0,1300,0,0,1
78607,78607,5,0,0,0,5,0,0,1
78615,78615,100,0,0,0,100,0,0,1
78627,78627,90,0,0,0,90,0,0,1
88837,88837,100,0,0,0,100,0,0,1
88841,88841,100,0,0,0,100,0,0,1
88845,88845,100,0,0,0,100,0,0,1
88853,88853,100,0,0,0,100,0,0,1
57488,57488,200,0,0,0,200,0,0,1
78875,78875,100,0,0,0,100,0,0,1
89129,89129,100,0,0,0,100,0,0,1
89133,89133,100,0,0,0,100,0,0,1
78943,78943,258,0,0,158,100,0,0,1
89137,89137,100,0,0,0,100,0,0,1
78947,78947,300,0,0,0,300,0,0,1
89141,89141,300,0,0,0,300,0,0,1
89197,89197,1000,0,0,0,1000,0,0,1
89201,89201,200,0,0,0,200,0,0,1
89205,89205,200,0,0,0,200,0,0,1
89209,89209,200,0,0,0,200,0,0,1
78951,78951,100,0,0,0,100,0,0,1
89221,89221,100,0,0,0,100,0,0,1
57556,57556,3000,0,0,0,3000,0,0,1
65954,65954,500,0,0,0,500,0,0,1
66014,66014,500,0,0,0,500,0,0,1
66018,66018,500,0,0,0,500,0,0,1
66022,66022,500,0,0,0,500,0,0,1
89485,89485,300,0,0,0,300,0,0,1
79631,79631,500,0,0,0,500,0,0,1
58044,71924,200,1500,0,0,200,1500,0,1
58056,71752,300,300,0,0,300,300,0,1
66042,66042,100,0,0,0,100,0,0,1
79635,79635,1000,0,0,0,1000,0,0,1
89581,89581,500,0,0,0,500,0,0,1
79639,79639,100,0,0,0,100,0,0,1
58060,58060,1800,0,0,1700,100,0,0,1
89585,89585,100,0,0,0,100,0,0,1
79643,79643,6000,0,0,0,6000,0,0,1
89589,89589,500,0,0,0,500,0,0,1
89597,106053,500,500,0,0,500,500,0,1
89601,89601,500,0,0,0,500,0,0,1
79699,79699,500,0,0,0,500,0,0,1
79707,79707,500,0,0,0,500,0,0,1
79711,79711,500,0,0,0,500,0,0,1
79719,79719,500,0,0,0,500,0,0,1
79759,79759,100,0,0,0,100,0,0,1
79763,79763,1000,0,0,200,800,0,0,1
79775,79775,500,0,0,0,500,0,0,1
79787,79787,300,0,0,100,200,0,0,1
79791,79791,200,0,0,0,200,0,0,1
79807,79807,1000,0,0,200,800,0,0,1
66062,66062,500,0,0,0,500,0,0,1
79843,79843,600,0,0,300,300,0,0,1
66090,66090,500,0,0,0,500,0,0,1
79851,79851,500,0,0,0,500,0,0,1
58064,2101756,2800,165200,0,0,2800,165200,0,1
58068,58068,900,0,0,0,900,0,0,1
58072,58072,500,0,0,0,500,0,0,1
58076,58076,600,0,0,0,600,0,0,1
58080,58080,600,0,0,0,600,0,0,1
58084,58084,500,0,0,0,500,0,0,1
79855,79855,414,0,0,233,181,0,0,1
79859,79859,100,0,0,0,100,0,0,1
89913,89913,3000,0,0,0,3000,0,0,1
89917,89917,1000,0,0,0,1000,0,0,1
79863,79863,100,0,0,0,100,0,0,1
89965,89965,100,0,0,0,100,0,0,1
79867,80511,500,500,0,0,500,500,0,1
58088,58088,400,0,0,0,400,0,0,1
66302,66302,600,0,0,0,600,0,0,1
58096,58096,700,0,0,0,700,0,0,1
79935,79935,800,0,0,0,800,0,0,1
79939,79939,800,0,0,0,800,0,0,1
79943,79943,800,0,0,0,800,0,0,1
79947,79947,800,0,0,0,800,0,0,1
79951,79951,800,0,0,0,800,0,0,1
79955,79955,10000,0,0,0,10000,0,0,1
79959,79959,20000,0,0,0,20000,0,0,1
79963,79963,10000,0,0,0,10000,0,0,1
79967,79967,20000,0,0,0,20000,0,0,1
66306,75526,500,200,0,0,200,500,0,1
66310,66310,1400,0,0,1300,100,0,0,1
90001,90001,4000,0,0,2600,1400,0,0,1
79971,79971,100,0,0,0,100,0,0,1
90005,90005,500,0,0,0,500,0,0,1
90009,90009,500,0,0,0,500,0,0,1
80023,80023,500,0,0,0,500,0,0,1
58296,58296,400,0,0,0,400,0,0,1
66322,75286,1500,700,0,0,700,1500,0,1
80199,80199,100,0,0,0,100,0,0,1
80203,80203,100,0,0,0,100,0,0,1
80207,80207,100,0,0,0,100,0,0,1
58308,58308,100,0,0,0,100,0,0,1
58312,58312,100,0,0,0,100,0,0,1
58316,58316,1000,0,1000,0,0,0,0,1
80223,80223,15,0,0,0,15,0,0,1
80227,80227,2,0,0,0,2,0,0,1
80231,80231,371,0,0,0,371,0,0,1
80235,80235,4,0,0,0,4,0,0,1
80239,80239,4,0,0,0,4,0,0,1
58320,58320,2500,0,0,0,2500,0,0,1
58328,58328,300,0,0,0,300,0,0,1
58332,58332,2500,0,0,0,2500,0,0,1
90021,90021,1000,0,0,500,500,0,0,1
66326,66326,2000,0,0,100,1900,0,0,1
58440,58440,700,0,0,600,100,0,0,1
90025,90025,500,0,0,0,500,0,0,1
90029,90029,100,0,0,0,100,0,0,1
80311,80311,280,0,0,18,262,0,0,1
66330,66330,3900,0,0,3500,400,0,0,1
90033,90129,500,1000,0,0,500,1000,0,1
66366,66366,700,0,0,0,700,0,0,1
58520,58520,2000,0,0,1900,100,0,0,1
90089,90089,293,0,0,125,168,0,0,1
90093,90093,500,0,0,0,500,0,0,1
80315,80315,500,0,0,0,500,0,0,1
58524,58524,200,0,0,0,200,0,0,1
80319,80319,500,0,0,0,500,0,0,1
80323,80323,500,0,0,0,500,0,0,1
58528,58528,200,0,0,0,200,0,0,1
90097,90097,100,0,0,0,100,0,0,1
58532,58532,1300,0,0,800,500,0,0,1
58536,58536,2000,0,0,0,2000,0,0,1
66370,66370,1200,0,0,0,1200,0,0,1
66374,66374,1200,0,0,0,1200,0,0,1
66378,66378,1200,0,0,0,1200,0,0,1
90101,90101,1000,0,0,900,100,0,0,1
90105,90105,500,0,0,0,500,0,0,1
80327,80327,800,0,0,0,800,0,0,1
58540,58540,1000,0,0,0,1000,0,0,1
90109,90109,1000,0,0,0,1000,0,0,1
80403,80403,500,0,0,0,500,0,0,1
80459,80459,500,0,0,0,500,0,0,1
80463,80463,500,0,0,0,500,0,0,1
80467,80467,500,0,0,0,500,0,0,1
80471,80471,500,0,0,0,500,0,0,1
58612,58612,400,0,0,0,400,0,0,1
80507,80507,100,0,0,0,100,0,0,1
90137,90141,300,300,0,0,300,300,0,1
90145,90145,300,0,0,0,300,0,0,1
90237,90237,100,0,0,0,100,0,0,1
80523,80523,500,0,0,0,500,0,0,1
90241,90241,300,0,0,0,300,0,0,1
80699,80699,600,0,0,0,600,0,0,1
80707,80707,100,0,0,0,100,0,0,1
66422,66422,1300,0,0,0,1300,0,0,1
66426,66426,600,0,0,0,600,0,0,1
58652,58652,400,0,0,0,400,0,0,1
58668,58668,300,0,0,0,300,0,0,1
58680,58680,300,0,0,0,300,0,0,1
80791,80791,10,0,0,0,10,0,0,1
80795,80795,31,0,0,0,31,0,0,1
80799,80799,100,0,0,0,100,0,0,1
90437,90437,300,0,0,0,300,0,0,1
81011,81459,4400,1900,0,0,1900,4400,0,1
58856,58856,700,0,0,0,700,0,0,1
81319,81319,100,0,0,0,100,0,0,1
81323,81323,500,0,0,0,500,0,0,1
81327,81327,900,0,0,0,900,0,0,1
81371,81371,400,0,0,0,400,0,0,1
81375,81375,800,0,0,0,800,0,0,1
81379,81379,800,0,0,0,800,0,0,1
81383,81383,800,0,0,0,800,0,0,1
59044,59044,2700,0,0,0,2700,0,0,1
81399,81399,10,0,0,0,10,0,0,1
81403,81403,10,0,10,0,0,0,0,1
81407,81407,20,0,0,0,20,0,0,1
59056,59056,260,0,0,0,260,0,0,1
90557,90557,500,0,0,0,500,0,0,1
90561,90565,500,500,0,0,500,500,0,1
66878,66878,14000,0,0,9000,5000,0,0,1
66882,66882,7500,0,0,0,7500,0,0,1
81455,81455,2500,0,0,0,2500,0,0,1
81463,81463,2500,0,0,0,2500,0,0,1
81467,81467,600,0,0,0,600,0,0,1
81475,81475,100,0,0,0,100,0,0,1
81483,81483,100,0,0,0,100,0,0,1
81491,81491,100,0,0,0,100,0,0,1
90573,90573,100,0,0,0,100,0,0,1
90677,90677,200,0,0,100,100,0,0,1
90681,90681,1200,0,0,1100,100,0,0,1
90873,90873,500,0,0,0,500,0,0,1
90877,90989,500,2000,0,0,500,2000,0,1
66986,66986,10,0,0,0,10,0,0,1
66998,66998,200,0,0,0,200,0,0,1
67002,67002,5,0,0,0,5,0,0,1
67042,67042,95,0,0,0,95,0,0,1
67046,67046,1000,0,0,0,1000,0,0,1
67050,67050,55,0,0,0,55,0,0,1
67054,67054,35,0,0,0,35,0,0,1
67058,67058,594,0,594,0,0,0,0,1
67062,67062,100,0,0,0,100,0,0,1
67066,67066,75,0,0,0,75,0,0,1
67070,67070,70,0,0,0,70,0,0,1
90889,90889,100,0,0,0,100,0,0,1
59328,59328,1000,0,0,0,1000,0,0,1
82151,82151,1000,0,0,900,100,0,0,1
59388,59388,1000,0,0,0,1000,0,0,1
82155,82155,1500,0,0,0,1500,0,0,1
59392,59392,1000,0,0,500,500,0,0,1
82159,82159,1500,0,0,0,1500,0,0,1
82163,82163,1500,0,0,1000,500,0,0,1
82167,82167,500,0,0,0,500,0,0,1
82171,82171,1000,0,0,500,500,0,0,1
82175,82175,3000,0,0,0,3000,0,0,1
59400,59400,200,0,0,0,200,0,0,1
59408,59408,1400,0,0,1000,400,0,0,1
59412,59412,200,0,0,0,200,0,0,1
59416,59416,500,0,0,0,500,0,0,1
59420,59420,500,0,0,0,500,0,0,1
59424,59424,500,0,0,400,100,0,0,1
59428,59428,500,0,0,0,500,0,0,1
59432,59432,500,0,0,0,500,0,0,1
59436,59436,200,0,0,0,200,0,0,1
59440,59440,500,0,0,0,500,0,0,1
59444,59444,500,0,0,0,500,0,0,1
59448,59448,200,0,0,0,200,0,0,1
90993,94213,500,1000,0,0,500,1000,0,1
91093,91093,800,0,0,0,800,0,0,1
59452,59452,2000,0,0,1800,200,0,0,1
59456,71748,400,300,0,0,300,400,0,1
91097,91097,500,0,0,0,500,0,0,1
59460,71760,700,300,0,0,300,700,0,1
59464,59464,8000,0,0,7600,400,0,0,1
59468,59468,2400,0,0,2200,200,0,0,1
82375,82375,100,0,0,0,100,0,0,1
82403,82403,100,0,0,0,100,0,0,1
91105,91105,200,0,0,0,200,0,0,1
82871,82871,500,0,0,200,300,0,0,1
91401,91401,500,0,0,200,300,0,0,1
91405,91405,100,0,0,0,100,0,0,1
91409,91409,100,0,0,0,100,0,0,1
67626,67626,1300,0,0,0,1300,0,0,1
91453,91453,150,0,0,0,150,0,0,1
82951,82951,1000,0,0,0,1000,0,0,1
67630,67630,1300,0,0,1100,200,0,0,1
83083,83083,6000,0,0,0,6000,0,0,1
60108,60108,100,0,0,0,100,0,0,1
60196,60196,1000,0,0,500,500,0,0,1
83475,83475,500,0,0,0,500,0,0,1
83479,83479,500,0,0,0,500,0,0,1
83483,83483,772,0,0,0,772,0,0,1
83487,83487,1500,0,0,895,605,0,0,1
83491,83491,385,0,0,0,385,0,0,1
83495,83495,500,0,0,0,500,0,0,1
83499,83499,500,0,0,0,500,0,0,1
83503,83503,500,0,0,0,500,0,0,1
83507,83507,1500,0,0,945,555,0,0,1
83511,83511,400,0,0,244,156,0,0,1
67950,67950,100,0,0,0,100,0,0,1
83515,83515,1421,0,0,1031,390,0,0,1
83519,83519,878,0,0,778,100,0,0,1
83523,83523,200,0,0,0,200,0,0,1
83527,83527,1184,0,0,913,271,0,0,1
60200,60200,500,0,0,0,500,0,0,1
83531,83531,300,0,0,0,300,0,0,1
83535,83535,500,0,0,0,500,0,0,1
67954,67954,400,0,0,200,200,0,0,1
83539,83539,300,0,0,0,300,0,0,1
83543,83543,500,0,0,0,500,0,0,1
83551,83551,500,0,0,0,500,0,0,1
83555,83555,200,0,0,70,130,0,0,1
83559,83559,500,0,0,0,500,0,0,1
83567,83567,300,0,0,0,300,0,0,1
83571,83571,500,0,0,0,500,0,0,1
83575,83575,500,0,0,0,500,0,0,1
83579,83579,300,0,0,0,300,0,0,1
83583,83583,500,0,0,0,500,0,0,1
91873,91873,1300,0,0,0,1300,0,0,1
68142,68142,15,0,0,0,15,0,0,1
68146,68146,6,0,0,0,6,0,0,1
68170,68170,500,0,0,0,500,0,0,1
68234,68234,410,0,0,0,410,0,0,1
60364,60364,300,0,0,0,300,0,0,1
92141,92141,500,0,0,0,500,0,0,1
84131,84131,100,0,0,0,100,0,0,1
84135,84135,100,0,0,0,100,0,0,1
84139,84139,365,0,0,185,180,0,0,1
84183,84183,400,0,0,200,200,0,0,1
84187,84187,600,0,0,400,200,0,0,1
60756,60756,500,0,0,0,500,0,0,1
60760,60760,20,0,0,0,20,0,0,1
84367,84367,500,0,0,0,500,0,0,1
84371,84875,500,14500,0,0,500,14500,0,1
60816,60816,400,0,0,0,400,0,0,1
60820,60820,200,0,0,0,200,0,0,1
68398,68398,100,0,0,0,100,0,0,1
84863,84863,100,0,0,0,100,0,0,1
84871,84871,100,0,0,0,100,0,0,1
84895,85587,500,14500,0,0,500,14500,0,1
85371,85371,500,0,0,0,500,0,0,1
92973,92973,1200,0,0,900,300,0,0,1
85439,85439,100,0,0,0,100,0,0,1
85443,85443,500,0,500,0,0,0,0,1
92977,92977,1300,0,0,0,1300,0,0,1
85591,86023,500,6000,0,0,500,6000,0,1
93041,93041,812,0,0,234,578,0,0,1
93045,93045,500,0,0,0,500,0,0,1
93049,93049,100,0,0,0,100,0,0,1
93053,93053,500,0,0,0,500,0,0,1
93057,93057,1278,0,0,0,1278,0,0,1
93061,93061,1587,0,0,1456,131,0,0,1
93065,93065,500,0,0,0,500,0,0,1
93069,93069,1130,0,0,0,1130,0,0,1
85711,85711,500,0,0,0,500,0,0,1
85715,85715,440,0,0,0,440,0,0,1
68478,68478,100,0,0,0,100,0,0,1
68482,68482,1300,0,0,300,1000,0,0,1
93073,93073,500,0,0,0,500,0,0,1
93077,93077,1000,0,0,0,1000,0,0,1
68486,68486,100,0,0,0,100,0,0,1
85887,85887,30,0,0,0,30,0,0,1
68494,68494,100,0,0,0,100,0,0,1
68498,68498,200,0,0,100,100,0,0,1
93173,93173,100,0,0,0,100,0,0,1
68502,68502,300,0,0,0,300,0,0,1
93193,93193,5000,0,0,0,5000,0,0,1
61656,61656,200,0,0,0,200,0,0,1
61660,61660,500,0,0,0,500,0,0,1
61664,61664,500,0,0,0,500,0,0,1
61668,61668,500,0,0,0,500,0,0,1
61672,61672,500,0,0,0,500,0,0,1
61676,61676,318,0,0,0,318,0,0,1
86011,86011,200,0,0,0,200,0,0,1
68506,68506,17,0,0,0,17,0,0,1
93385,93385,3000,0,0,0,3000,0,0,1
86295,86295,900,0,0,0,900,0,0,1
86371,86371,100,0,0,0,100,0,0,1
86375,86375,100,0,0,0,100,0,0,1
86379,86379,1000,0,0,0,1000,0,0,1
86383,86383,100,0,0,0,100,0,0,1
86387,86387,1000,0,0,0,1000,0,0,1
86391,86391,1000,0,0,0,1000,0,0,1
86395,86395,5000,0,0,2000,3000,0,0,1
86399,86399,1000,0,0,0,1000,0,0,1
86403,86403,403,0,0,0,403,0,0,1
86407,86407,1000,0,0,0,1000,0,0,1
86411,86411,1000,0,0,0,1000,0,0,1
86415,86415,500,0,0,0,500,0,0,1
86419,86419,600,0,0,0,600,0,0,1
86423,86423,600,0,0,0,600,0,0,1
86427,86427,400,0,0,200,200,0,0,1
93425,93425,2000,0,0,0,2000,0,0,1
62012,62012,2800,0,0,0,2800,0,0,1
62016,62016,2800,0,0,0,2800,0,0,1
62020,62020,500,0,0,0,500,0,0,1
93429,93429,1500,0,0,0,1500,0,0,1
93537,93537,100,0,0,0,100,0,0,1
93541,93541,500,0,0,0,500,0,0,1
93545,93549,500,500,0,0,500,500,0,1
93553,93553,100,0,0,0,100,0,0,1
68510,68510,400,0,0,200,200,0,0,1
93557,93557,294,0,0,194,100,0,0,1
86591,86591,400,0,0,200,200,0,0,1
62044,62044,1000,0,0,0,1000,0,0,1
68514,68514,300,0,0,0,300,0,0,1
86727,86727,1000,0,0,0,1000,0,0,1
86731,86731,1000,0,0,0,1000,0,0,1
87003,87003,500,0,0,0,500,0,0,1
87027,87027,1000,0,0,0,1000,0,0,1
87031,87031,1000,0,0,0,1000,0,0,1
62332,62332,500,0,0,0,500,0,0,1
62408,62408,500,0,0,0,500,0,0,1
68586,68586,100,0,0,0,100,0,0,1
87095,87095,500,0,0,100,400,0,0,1
87099,87099,500,0,0,200,300,0,0,1
87103,87103,100,0,0,0,100,0,0,1
87107,87107,100,0,0,0,100,0,0,1
87111,87111,100,0,0,0,100,0,0,1
87115,87115,500,0,0,0,500,0,0,1
93909,93909,100,0,0,0,100,0,0,1
87119,87119,200,0,0,0,200,0,0,1
87123,87123,500,0,0,400,100,0,0,1
87127,87127,100,0,0,0,100,0,0,1
87131,87131,400,0,0,300,100,0,0,1
87135,87135,300,0,0,200,100,0,0,1
87139,87139,200,0,0,0,200,0,0,1
68590,68590,100,0,0,0,100,0,0,1
62432,62432,2000,0,0,0,2000,0,0,1
68594,68594,141,0,0,35,106,0,0,1
68598,68598,100,0,0,0,100,0,0,1
87283,87283,200,0,0,100,100,0,0,1
87287,87287,500,0,0,0,500,0,0,1
87291,87291,300,0,0,0,300,0,0,1
87295,87295,100,0,0,0,100,0,0,1
62496,62496,1700,0,0,1000,700,0,0,1
94013,108229,200,500,0,0,200,500,0,1
94097,94097,100,0,0,0,100,0,0,1
62500,62500,3000,0,0,0,3000,0,0,1
94209,94209,100,0,0,0,100,0,0,1
94217,94217,500,0,0,0,500,0,0,1
68610,68610,500,0,0,0,500,0,0,1
68614,68614,500,0,0,0,500,0,0,1
87407,87407,5000,0,0,0,5000,0,0,1
87411,87411,5000,0,0,0,5000,0,0,1
62540,62540,325,0,0,0,325,0,0,1
62808,62808,400,0,0,0,400,0,0,1
87755,87755,100,0,0,0,100,0,0,1
87759,87759,100,0,0,0,100,0,0,1
87763,87763,500,0,0,0,500,0,0,1
87775,87775,1200,0,0,0,1200,0,0,1
87779,87779,1200,0,0,0,1200,0,0,1
68626,68626,1300,0,0,0,1300,0,0,1
68630,68630,1000,0,0,0,1000,0,0,1
68634,68634,6000,0,0,5000,1000,0,0,1
94293,94293,200,0,0,0,200,0,0,1
94297,94297,500,0,0,0,500,0,0,1
94301,94301,500,0,0,205,295,0,0,1
87807,87807,1000,0,0,0,1000,0,0,1
87811,87811,1000,0,0,0,1000,0,0,1
94305,94305,100,0,0,0,100,0,0,1
94309,94309,500,0,0,0,500,0,0,1
94313,94313,100,0,0,0,100,0,0,1
94317,94317,200,0,0,0,200,0,0,1
87815,87815,3500,0,0,0,3500,0,0,1
94409,94409,100,0,0,0,100,0,0,1
87819,87819,3500,0,0,0,3500,0,0,1
87999,87999,2200,0,0,0,2200,0,0,1
88003,88003,2200,0,0,0,2200,0,0,1
68638,68638,30000,0,0,0,30000,0,0,1
68642,68642,30000,0,0,0,30000,0,0,1
88015,88015,100,0,0,0,100,0,0,1
88059,88059,100,0,0,0,100,0,0,1
94601,94601,2700,0,0,0,2700,0,0,1
94605,94605,2700,0,0,0,2700,0,0,1
94609,94609,500,0,0,0,500,0,0,1
62912,62912,500,0,0,0,500,0,0,1
88183,88183,800,0,0,0,800,0,0,1
88187,88187,800,0,20,0,780,0,0,1
88231,88231,55,0,0,0,55,0,0,1
88235,88235,1000,0,0,0,1000,0,0,1
63248,63248,1100,0,0,0,1100,0,0,1
94781,94797,500,500,0,0,500,500,0,1
94785,94785,100,0,0,0,100,0,0,1
94789,94789,100,0,0,0,100,0,0,1
94793,94793,300,0,0,0,300,0,0,1
68750,69062,1500,500,0,0,500,1500,0,1
68754,68754,100,0,0,0,100,0,0,1
68766,68766,1200,0,0,1100,100,0,0,1
68770,68770,1100,0,0,0,1100,0,0,1
68774,68774,6000,0,0,4900,1100,0,0,1
63344,63344,1200,0,0,0,1200,0,0,1
88651,88651,386,0,0,0,386,0,0,1
88687,88687,30,0,0,0,30,0,0,1
68794,68794,4200,0,0,0,4200,0,0,1
88759,88759,30,0,0,0,30,0,0,1
88763,88763,15,0,0,0,15,0,0,1
88775,88775,30,0,0,0,30,0,0,1
88799,88799,30,0,0,0,30,0,0,1
68798,68798,5600,0,0,0,5600,0,0,1
63644,63644,2000,0,0,0,2000,0,0,1
63648,63648,900,0,900,0,0,0,0,1
63652,63652,12000,0,4100,0,7900,0,0,1
68802,68802,250,0,0,0,250,0,0,1
95153,106789,500,1000,0,0,500,1000,0,1
95161,95161,1000,0,0,0,1000,0,0,1
63704,63704,500,0,0,0,500,0,0,1
68806,68806,100,0,0,0,100,0,0,1
68810,68810,2400,0,0,0,2400,0,0,1
68822,68822,500,0,0,0,500,0,0,1
63708,75152,200,400,0,0,200,400,0,1
63712,63712,200,0,0,0,200,0,0,1
68830,68830,4500,0,0,4100,400,0,0,1
95173,95173,100,0,0,0,100,0,0,1
89019,89019,9675,0,9675,0,0,0,0,1
89023,89023,1000,0,0,0,1000,0,0,1
68834,68834,1200,0,0,0,1200,0,0,1
95281,95281,300,0,0,0,300,0,0,1
89071,89071,436,0,0,0,436,0,0,1
68842,68842,1200,0,0,0,1200,0,0,1
89075,89075,500,0,0,0,500,0,0,1
89079,89079,194,0,0,94,100,0,0,1
89083,89083,100,0,0,0,100,0,0,1
95513,95513,100,0,0,0,100,0,0,1
89135,89135,500,0,0,0,500,0,0,1
89139,89139,1500,0,0,0,1500,0,0,1
89143,89143,1500,0,0,0,1500,0,0,1
89147,89147,500,0,0,0,500,0,0,1
95517,95517,100,0,0,0,100,0,0,1
89151,89151,244,0,0,0,244,0,0,1
89155,89155,300,0,0,200,100,0,0,1
63792,63792,200,0,0,0,200,0,0,1
63796,63796,100,0,0,0,100,0,0,1
63800,63800,500,0,0,0,500,0,0,1
63804,63804,1000,0,0,0,1000,0,0,1
63808,63808,500,0,0,0,500,0,0,1
63812,63812,1000,0,0,0,1000,0,0,1
68906,68906,1100,0,0,0,1100,0,0,1
89307,89307,259,0,0,0,259,0,0,1
68926,68926,500,0,0,0,500,0,0,1
63912,63912,500,0,0,0,500,0,0,1
68930,68930,2400,0,0,0,2400,0,0,1
68934,68934,1100,0,0,0,1100,0,0,1
64128,64128,1000,0,0,0,1000,0,0,1
64132,64132,60,0,0,0,60,0,0,1
89311,89311,200,0,0,39,161,0,0,1
68938,68938,2400,0,0,0,2400,0,0,1
68942,68942,2400,0,0,0,2400,0,0,1
89367,89367,231,0,0,131,100,0,0,1
68946,68994,500,500,0,0,500,500,0,1
68974,68974,1100,0,0,0,1100,0,0,1
64188,64188,500,0,0,0,500,0,0,1
64192,64192,500,0,0,0,500,0,0,1
64200,64200,500,0,0,0,500,0,0,1
89487,89487,100,0,0,0,100,0,0,1
89491,89491,100,0,0,0,100,0,0,1
95685,95685,100,0,0,0,100,0,0,1
95689,95689,500,0,0,0,500,0,0,1
89499,89499,200,0,0,0,200,0,0,1
95693,95693,500,0,0,0,500,0,0,1
68986,68986,1100,0,0,0,1100,0,0,1
64204,64204,100,0,0,0,100,0,0,1
95881,95881,500,0,0,0,500,0,0,1
68990,68990,2400,0,0,1800,600,0,0,1
95885,95885,100,0,0,0,100,0,0,1
95889,95889,500,0,0,0,500,0,0,1
89667,89667,100,0,0,0,100,0,0,1
89671,89671,100,0,0,0,100,0,0,1
68998,68998,1100,0,0,700,400,0,0,1
64396,64396,657,0,0,0,657,0,0,1
64440,64440,74,0,0,0,74,0,0,1
64444,64444,207,0,0,0,207,0,0,1
64448,64448,325,0,0,0,325,0,0,1
95893,95893,500,0,0,0,500,0,0,1
95897,95897,1500,0,0,0,1500,0,0,1
89675,89675,1018,0,0,0,1018,0,0,1
95957,95957,500,0,0,0,500,0,0,1
69054,69054,2400,0,0,0,2400,0,0,1
69058,75798,1000,500,0,0,500,1000,0,1
69066,69066,111,0,0,0,111,0,0,1
69070,69070,500,0,0,0,500,0,0,1
95981,95981,200,0,0,0,200,0,0,1
95985,95985,300,0,0,0,300,0,0,1
89759,89759,500,0,0,0,500,0,0,1
96077,96077,500,0,0,0,500,0,0,1
96081,106605,300,300,0,0,300,300,0,1
64572,64572,300,0,0,0,300,0,0,1
96237,96237,300,0,0,0,300,0,0,1
96281,106797,500,200,0,0,200,500,0,1
96305,109253,200,300,0,0,300,200,0,1
96325,96325,300,0,0,0,300,0,0,1
64580,64580,10,0,0,0,10,0,0,1
96329,96329,100,0,0,0,100,0,0,1
96341,96341,500,0,0,0,500,0,0,1
69122,69122,1500,0,0,0,1500,0,0,1
69138,69138,1200,0,0,0,1200,0,0,1
89943,89943,330,0,0,0,330,0,0,1
90031,90031,500,0,0,0,500,0,0,1
90035,90035,500,0,0,0,500,0,0,1
90039,90039,500,0,0,0,500,0,0,1
96413,96413,100,0,0,0,100,0,0,1
90103,90103,20,0,0,0,20,0,0,1
96465,96465,200,0,0,0,200,0,0,1
96469,96469,300,0,0,0,300,0,0,1
96473,96473,100,0,0,0,100,0,0,1
90115,90115,526,0,0,0,526,0,0,1
90187,90187,500,0,0,0,500,0,0,1
90191,90191,500,0,0,0,500,0,0,1
90195,90195,500,0,0,0,500,0,0,1
90199,90199,500,0,0,0,500,0,0,1
90203,90203,500,0,0,0,500,0,0,1
90207,90207,500,0,0,0,500,0,0,1
90211,90211,500,0,0,0,500,0,0,1
96621,96621,200,0,0,0,200,0,0,1
96629,96629,1130,0,0,0,1130,0,0,1
96633,96633,107,0,0,7,100,0,0,1
64660,64660,552,0,0,406,146,0,0,1
69158,69158,1300,0,0,900,400,0,0,1
96637,96637,811,0,0,0,811,0,0,1
90291,90291,2000,0,0,0,2000,0,0,1
90295,90295,2000,0,0,0,2000,0,0,1
90299,90299,1270,0,0,0,1270,0,0,1
96833,96833,964,0,0,0,964,0,0,1
96837,96837,500,0,0,0,500,0,0,1
69230,69230,1500,0,0,0,1500,0,0,1
90303,90303,200,0,0,0,200,0,0,1
90307,90307,200,0,0,0,200,0,0,1
64688,64688,500,0,0,0,500,0,0,1
96853,96853,500,0,0,0,500,0,0,1
96857,96857,900,0,0,0,900,0,0,1
90475,90475,10000,0,184,0,9816,0,0,1
96917,96917,964,0,0,0,964,0,0,1
64692,64692,2400,0,0,400,2000,0,0,1
96925,96925,964,0,0,436,528,0,0,1
90503,90503,1000,0,0,0,1000,0,0,1
69382,69382,1500,0,0,0,1500,0,0,1
90623,90623,7000,0,0,0,7000,0,0,1
90635,90635,2000,0,0,1000,1000,0,0,1
97037,97037,1130,0,0,923,207,0,0,1
64700,64700,352,0,0,0,352,0,0,1
64708,64708,600,0,0,500,100,0,0,1
90639,90639,100,0,0,0,100,0,0,1
90643,90643,100,0,0,0,100,0,0,1
64712,64712,20,0,0,0,20,0,0,1
97225,97225,100,0,0,0,100,0,0,1
97229,97229,20,0,0,0,20,0,0,1
97233,97233,100,0,0,0,100,0,0,1
90651,90651,100,0,0,0,100,0,0,1
69398,69398,100,0,0,0,100,0,0,1
90715,90715,400,0,0,0,400,0,0,1
90843,90843,1000,0,0,0,1000,0,0,1
90923,90923,300,0,0,0,300,0,0,1
69466,69466,300,0,0,0,300,0,0,1
69470,69470,500,0,0,0,500,0,0,1
69474,69474,100,0,0,0,100,0,0,1
69478,69478,200,0,0,0,200,0,0,1
97389,97389,100,0,0,0,100,0,0,1
91059,91059,180,0,0,0,180,0,0,1
91135,91135,9000,0,0,8700,300,0,0,1
91291,91291,100,0,0,0,100,0,0,1
91391,91391,1000,0,0,0,1000,0,0,1
91395,91395,100,0,0,0,100,0,0,1
91399,91399,1000,0,0,0,1000,0,0,1
97901,97901,2700,0,0,0,2700,0,0,1
91543,91543,100,0,0,0,100,0,0,1
97921,97921,100,0,0,0,100,0,0,1
69630,69630,500,0,0,0,500,0,0,1
69634,69634,500,0,0,0,500,0,0,1
64900,64900,400,0,0,0,400,0,0,1
91711,91711,150,0,0,0,150,0,0,1
64968,64968,20,0,0,0,20,0,0,1
91747,91747,100,0,0,0,100,0,0,1
69638,69638,2500,0,0,0,2500,0,0,1
69642,69642,7500,0,0,0,7500,0,0,1
65048,65048,800,0,0,0,800,0,0,1
65052,65052,400,0,0,0,400,0,0,1
69666,69666,1200,0,0,0,1200,0,0,1
69670,69670,1500,0,0,0,1500,0,0,1
91847,91847,150,0,0,0,150,0,0,1
98517,98517,100,0,0,0,100,0,0,1
69686,69686,2400,0,0,1200,1200,0,0,1
69690,69690,1300,0,0,0,1300,0,0,1
69698,69698,1200,0,0,700,500,0,0,1
91887,91887,1000,0,0,0,1000,0,0,1
91891,91891,1000,0,0,0,1000,0,0,1
69702,69702,1100,0,0,0,1100,0,0,1
69706,69706,1500,0,0,0,1500,0,0,1
65268,65268,1500,0,0,0,1500,0,0,1
65272,65272,500,0,0,0,500,0,0,1
65276,65276,1500,0,0,0,1500,0,0,1
98677,98677,300,0,0,0,300,0,0,1
69710,69710,100,0,0,0,100,0,0,1
98681,98681,100,0,0,0,100,0,0,1
69714,69714,100,0,0,0,100,0,0,1
69718,69718,1200,0,0,0,1200,0,0,1
98869,98869,200,0,0,0,200,0,0,1
98949,98949,451,0,0,0,451,0,0,1
98997,98997,1,0,0,0,1,0,0,1
99001,99001,100,0,0,0,100,0,0,1
92183,92183,600,0,0,500,100,0,0,1
65436,65436,20,0,0,0,20,0,0,1
92271,92271,100,0,0,0,100,0,0,1
92275,92275,500,0,0,0,500,0,0,1
92279,92279,785,0,0,0,785,0,0,1
92283,92283,1500,0,0,1330,170,0,0,1
92287,92287,660,0,0,360,300,0,0,1
69794,69794,1200,0,0,0,1200,0,0,1
92291,92291,1000,0,0,0,1000,0,0,1
92295,92295,785,0,0,0,785,0,0,1
92299,92299,1500,0,0,0,1500,0,0,1
92303,92303,1500,0,0,0,1500,0,0,1
92307,92307,1160,0,0,555,605,0,0,1
69798,69798,1300,0,0,0,1300,0,0,1
99761,99761,500,0,0,0,500,0,0,1
92551,92551,785,0,0,0,785,0,0,1
65760,65760,1000,0,0,500,500,0,0,1
70038,70038,1800,0,0,1500,300,0,0,1
65816,65816,900,0,0,300,600,0,0,1
65820,65820,20,0,0,0,20,0,0,1
70058,70058,1500,0,0,500,1000,0,0,1
65936,65936,715,0,0,600,115,0,0,1
65940,65940,700,0,0,0,700,0,0,1
65944,67352,800,3100,0,0,800,3100,0,1
65952,65952,100,0,0,0,100,0,0,1
65960,65960,800,0,0,0,800,0,0,1
65964,65964,295,0,0,0,295,0,0,1
65972,65972,700,0,0,0,700,0,0,1
65976,65976,256,0,0,84,172,0,0,1
65984,65984,100,0,0,0,100,0,0,1
65988,65988,113,0,0,0,113,0,0,1
65992,65992,754,0,0,450,304,0,0,1
65996,65996,450,0,0,74,376,0,0,1
70066,70066,1200,0,0,0,1200,0,0,1
66060,66060,155,0,0,0,155,0,0,1
70070,70070,600,0,0,0,600,0,0,1
100293,100293,1000,0,0,0,1000,0,0,1
100297,100297,1000,0,0,0,1000,0,0,1
66116,66116,16,0,0,0,16,0,0,1
70122,70122,1200,0,0,0,1200,0,0,1
100457,100457,7,0,0,0,7,0,0,1
66124,66124,200,0,0,0,200,0,0,1
66188,66188,113,0,0,0,113,0,0,1
66192,66192,200,0,0,0,200,0,0,1
100461,100461,1500,0,0,0,1500,0,0,1
66196,66196,265,0,0,0,265,0,0,1
93147,93147,200,0,0,100,100,0,0,1
93151,93151,200,0,0,0,200,0,0,1
93155,93155,500,0,0,0,500,0,0,1
93159,93159,100,0,0,0,100,0,0,1
93163,93163,200,0,0,100,100,0,0,1
66200,67172,700,700,0,0,700,700,0,1
66204,66204,113,0,0,0,113,0,0,1
66208,66208,187,0,0,0,187,0,0,1
66212,66212,417,0,0,276,141,0,0,1
100601,100601,3,0,0,0,3,0,0,1
100605,100605,7,0,0,0,7,0,0,1
70154,70154,1200,0,0,0,1200,0,0,1
100773,100773,286,0,0,0,286,0,0,1
70158,70158,100,0,0,0,100,0,0,1
66236,66236,200,0,0,0,200,0,0,1
70214,70214,600,0,0,0,600,0,0,1
93387,93387,200,0,0,0,200,0,0,1
93391,93391,500,0,0,0,500,0,0,1
93395,93395,1100,0,0,0,1100,0,0,1
70282,70282,1200,0,0,0,1200,0,0,1
93411,93411,100,0,0,0,100,0,0,1
93427,93427,100,0,0,0,100,0,0,1
93431,93431,100,0,0,0,100,0,0,1
93435,93435,100,0,0,0,100,0,0,1
66428,66428,20,0,0,0,20,0,0,1
93439,93439,208,0,0,0,208,0,0,1
93443,93443,300,0,0,200,100,0,0,1
93447,93447,100,0,0,0,100,0,0,1
93451,93451,500,0,0,0,500,0,0,1
93455,93455,100,0,0,0,100,0,0,1
93495,93495,423,0,0,60,363,0,0,1
66436,66436,19980,0,0,0,19980,0,0,1
66440,66440,12000,0,0,0,12000,0,0,1
93583,93583,190,0,0,90,100,0,0,1
70330,70330,600,0,0,0,600,0,0,1
93587,93587,100,0,0,0,100,0,0,1
93591,93591,400,0,0,0,400,0,0,1
70338,70338,3000,0,0,0,3000,0,0,1
93599,93599,500,0,0,0,500,0,0,1
93603,93603,618,0,0,475,143,0,0,1
93607,93607,500,0,0,0,500,0,0,1
66508,66508,300,0,0,0,300,0,0,1
93635,93635,150,0,0,0,150,0,0,1
93639,93639,40,0,0,0,40,0,0,1
93643,93643,40,0,0,0,40,0,0,1
70454,70454,15,0,0,0,15,0,0,1
93863,93863,100,0,0,0,100,0,0,1
93867,93867,100,0,0,0,100,0,0,1
93887,93887,500,0,0,0,500,0,0,1
93991,93991,500,0,0,0,500,0,0,1
93995,93995,500,0,0,0,500,0,0,1
93999,93999,400,0,0,300,100,0,0,1
94003,94003,500,0,0,0,500,0,0,1
94007,94007,500,0,0,0,500,0,0,1
94011,94011,700,0,0,0,700,0,0,1
94015,94015,500,0,0,0,500,0,0,1
94019,94019,100,0,0,0,100,0,0,1
94023,94023,400,0,0,0,400,0,0,1
66560,66560,243,0,0,0,243,0,0,1
66564,66564,500,0,0,0,500,0,0,1
66568,66568,400,0,0,0,400,0,0,1
94027,94027,500,0,0,0,500,0,0,1
70466,70466,1,0,0,0,1,0,0,1
101565,101565,160,0,0,0,160,0,0,1
101569,101569,500,0,0,0,500,0,0,1
101573,101573,100,0,0,0,100,0,0,1
94043,94043,500,0,0,0,500,0,0,1
94071,94071,500,0,0,0,500,0,0,1
70470,70470,1200,0,0,0,1200,0,0,1
70474,70474,600,0,0,0,600,0,0,1
101649,101649,7,0,0,0,7,0,0,1
66580,66580,135,0,0,0,135,0,0,1
66584,66584,142,0,0,0,142,0,0,1
70498,70498,100,0,0,0,100,0,0,1
101753,101753,300,0,0,200,100,0,0,1
70502,70502,200,0,0,100,100,0,0,1
101757,101757,200,0,0,0,200,0,0,1
101761,101761,200,0,0,100,100,0,0,1
101765,101765,400,0,0,300,100,0,0,1
101769,101769,100,0,0,0,100,0,0,1
70506,70506,1200,0,0,0,1200,0,0,1
94363,94363,36,0,0,0,36,0,0,1
70558,70558,400,0,0,0,400,0,0,1
70562,70562,200,0,0,0,200,0,0,1
70566,70566,150,0,0,0,150,0,0,1
94423,94423,200,0,0,0,200,0,0,1
94427,94427,150,0,0,0,150,0,0,1
94431,94431,150,0,0,0,150,0,0,1
66712,66712,20,0,0,0,20,0,0,1
66720,66720,1500,0,0,0,1500,0,0,1
102013,102013,350,0,0,0,350,0,0,1
66724,66724,100,0,0,0,100,0,0,1
66736,66736,20329,0,0,0,20329,0,0,1
70582,70582,600,0,0,0,600,0,0,1
70586,70586,10,0,0,0,10,0,0,1
102233,102233,250,0,0,0,250,0,0,1
94755,94755,20,0,0,0,20,0,0,1
94759,94759,20,0,0,0,20,0,0,1
70594,70594,1200,0,0,0,1200,0,0,1
94859,94859,20,0,0,0,20,0,0,1
102461,102461,1500,0,0,0,1500,0,0,1
102489,102489,300,0,0,0,300,0,0,1
102493,102493,200,0,0,0,200,0,0,1
95027,95027,100,0,0,0,100,0,0,1
66948,66948,2000,0,0,0,2000,0,0,1
70606,70606,100,0,0,0,100,0,0,1
70610,70610,900,0,0,0,900,0,0,1
70670,70670,400,0,0,300,100,0,0,1
102865,102865,300,0,0,0,300,0,0,1
95359,95359,460,0,0,354,106,0,0,1
95363,95363,500,0,0,0,500,0,0,1
95367,95367,500,0,0,0,500,0,0,1
95371,95371,100,0,0,0,100,0,0,1
95375,95375,1500,0,0,0,1500,0,0,1
102953,102953,138,0,0,0,138,0,0,1
102957,102957,20,0,0,0,20,0,0,1
102973,102973,3000,0,0,0,3000,0,0,1
95379,95379,1500,0,0,0,1500,0,0,1
95415,95415,605,0,0,469,136,0,0,1
95435,95435,348,0,0,243,105,0,0,1
67112,67112,250,0,0,0,250,0,0,1
103009,103009,250,0,0,0,250,0,0,1
103013,103013,100,0,0,0,100,0,0,1
103017,103017,3,0,0,0,3,0,0,1
103021,103021,7,0,0,0,7,0,0,1
103025,103025,7,0,0,0,7,0,0,1
70718,70718,1200,0,0,0,1200,0,0,1
103097,103097,1,0,0,0,1,0,0,1
103141,103141,50,0,0,0,50,0,0,1
103145,103145,15,0,0,0,15,0,0,1
103161,103161,7,0,0,0,7,0,0,1
103173,103173,40,0,0,0,40,0,0,1
103185,103185,100,0,0,0,100,0,0,1
103221,103221,500,0,0,0,500,0,0,1
67116,67116,915,0,0,0,915,0,0,1
67120,67120,204,0,204,0,0,0,0,1
67128,67128,200,0,0,0,200,0,0,1
67132,67132,200,0,0,0,200,0,0,1
67136,67136,200,0,0,0,200,0,0,1
67140,67140,200,0,0,0,200,0,0,1
67144,71568,100,200,0,0,200,100,0,1
67152,67152,200,0,0,0,200,0,0,1
67156,67156,2000,0,0,1600,400,0,0,1
67160,67160,20,0,0,0,20,0,0,1
67164,67164,417,0,0,0,417,0,0,1
67188,67188,187,0,0,0,187,0,0,1
67196,67196,150,0,0,0,150,0,0,1
103277,103277,20,0,0,0,20,0,0,1
103281,103281,400,0,0,0,400,0,0,1
70806,70806,300,0,0,0,300,0,0,1
95851,95851,3395,0,0,0,3395,0,0,1
95875,95875,297,0,0,0,297,0,0,1
95943,95943,400,0,0,100,300,0,0,1
95947,95947,100,0,0,0,100,0,0,1
95963,95963,180,0,0,74,106,0,0,1
67356,67356,250,0,0,0,250,0,0,1
103485,103485,300,0,0,0,300,0,0,1
96151,96151,25,0,0,0,25,0,0,1
96155,96155,5,0,0,0,5,0,0,1
103493,103493,38,0,0,0,38,0,0,1
103497,103497,150,0,0,0,150,0,0,1
96311,96311,200,0,0,100,100,0,0,1
96315,96315,172,0,0,0,172,0,0,1
103505,103505,100,0,0,0,100,0,0,1
70830,70830,500,0,0,0,500,0,0,1
103509,103509,10,0,0,0,10,0,0,1
103517,103517,25,0,0,0,25,0,0,1
103529,103529,250,0,0,0,250,0,0,1
70834,70834,1500,0,0,0,1500,0,0,1
67388,67388,50,0,0,0,50,0,0,1
96775,96775,1254,0,0,0,1254,0,0,1
70846,70846,1200,0,0,0,1200,0,0,1
103585,103585,10,0,0,0,10,0,0,1
67452,67452,150,0,0,0,150,0,0,1
103589,103589,10,0,0,0,10,0,0,1
70850,70850,100,0,0,0,100,0,0,1
96779,96779,25,0,0,0,25,0,0,1
67460,67460,10,0,0,0,10,0,0,1
67472,67472,5000,0,0,0,5000,0,0,1
96999,96999,100,0,0,0,100,0,0,1
70878,70878,1200,0,0,0,1200,0,0,1
97003,97003,2900,0,0,2400,500,0,0,1
97007,97007,1,0,0,0,1,0,0,1
97027,97027,20,0,0,0,20,0,0,1
67500,67500,20,0,0,0,20,0,0,1
70882,70882,400,0,0,0,400,0,0,1
97031,97031,100,0,0,0,100,0,0,1
97035,97035,1213,0,0,0,1213,0,0,1
97039,97039,315,0,0,0,315,0,0,1
97043,97043,1000,0,0,0,1000,0,0,1
103605,103605,1820,0,0,1632,188,0,0,1
103609,103621,500,500,0,0,500,500,0,1
103613,103613,100,0,0,0,100,0,0,1
103617,103617,100,0,0,0,100,0,0,1
103625,103625,1,0,0,0,1,0,0,1
97127,97127,50,0,0,0,50,0,0,1
103629,103629,150,0,0,0,150,0,0,1
103633,103633,500,0,0,0,500,0,0,1
103637,103637,1147,0,0,1047,100,0,0,1
67568,67568,250,0,0,0,250,0,0,1
103641,103641,1263,0,0,437,826,0,0,1
103645,103645,207,0,0,107,100,0,0,1
103649,103649,396,0,0,0,396,0,0,1
103653,103653,911,0,0,773,138,0,0,1
97131,97131,2300,0,0,1300,1000,0,0,1
103657,103657,921,0,0,141,780,0,0,1
103661,103661,500,0,0,0,500,0,0,1
103665,103665,500,0,0,0,500,0,0,1
103669,103669,855,0,0,704,151,0,0,1
103677,103677,563,0,0,0,563,0,0,1
103681,103681,858,0,0,669,189,0,0,1
103685,103685,500,0,0,0,500,0,0,1
103689,103689,500,0,0,0,500,0,0,1
103693,103693,729,0,0,385,344,0,0,1
103697,103697,135,0,0,3,132,0,0,1
103701,103701,200,0,0,0,200,0,0,1
70886,70886,1200,0,0,0,1200,0,0,1
67596,67596,350,0,0,0,350,0,0,1
67600,67600,34,0,0,0,34,0,0,1
67676,67676,7500,0,0,0,7500,0,0,1
67680,67680,7500,0,0,0,7500,0,0,1
67684,67684,7500,0,0,0,7500,0,0,1
103705,103705,100,0,0,0,100,0,0,1
103709,103709,1,0,0,0,1,0,0,1
97207,97207,500,0,0,0,500,0,0,1
67736,67736,1027,0,0,0,1027,0,0,1
67740,67740,30,0,0,0,30,0,0,1
97291,97291,1,0,0,0,1,0,0,1
70890,70890,500,0,0,0,500,0,0,1
70894,70894,500,0,0,0,500,0,0,1
70898,70898,400,0,0,0,400,0,0,1
70902,70902,500,0,0,0,500,0,0,1
70906,70906,400,0,0,0,400,0,0,1
97371,97371,500,0,0,0,500,0,0,1
70990,70990,20,0,0,0,20,0,0,1
103805,103805,30,0,0,0,30,0,0,1
70994,70994,1000,0,0,0,1000,0,0,1
97375,97375,1200,0,0,900,300,0,0,1
97379,97379,500,0,0,0,500,0,0,1
70998,70998,4,0,0,0,4,0,0,1
67828,67828,60,0,0,0,60,0,0,1
97431,97431,57,0,0,0,57,0,0,1
67832,67832,90,0,0,0,90,0,0,1
103809,103809,100,0,0,0,100,0,0,1
71010,71010,1000,0,0,0,1000,0,0,1
71014,71014,120,0,0,0,120,0,0,1
103813,103813,50,0,0,0,50,0,0,1
103817,103817,175,0,0,0,175,0,0,1
67908,67908,120,0,0,0,120,0,0,1
67924,67924,150,0,0,0,150,0,0,1
67944,67944,25,0,0,0,25,0,0,1
103821,103821,200,0,0,0,200,0,0,1
71018,71018,300,0,0,0,300,0,0,1
97555,97555,100,0,0,0,100,0,0,1
103825,103825,175,0,0,0,175,0,0,1
97559,97559,200,0,0,0,200,0,0,1
103845,103845,14,0,0,0,14,0,0,1
68020,68020,100,0,100,0,0,0,0,1
68024,68024,100,0,0,0,100,0,0,1
97591,97591,20,0,20,0,0,0,0,1
68028,68028,50,0,0,0,50,0,0,1
97719,97719,2,0,0,0,2,0,0,1
68048,68048,300,0,0,0,300,0,0,1
71022,71022,150,0,0,0,150,0,0,1
97735,97735,500,0,0,0,500,0,0,1
97739,97739,100,0,0,0,100,0,0,1
68052,68052,200,0,0,0,200,0,0,1
68056,68056,150,0,0,0,150,0,0,1
71026,71026,150,0,0,0,150,0,0,1
103849,103849,500,0,0,0,500,0,0,1
71062,71062,500,0,0,0,500,0,0,1
71066,71066,100,0,0,0,100,0,0,1
71070,71070,500,0,0,0,500,0,0,1
71118,71118,300,0,0,0,300,0,0,1
97875,97875,100,0,0,0,100,0,0,1
103981,103981,200,0,0,100,100,0,0,1
68276,68276,6111,0,0,0,6111,0,0,1
97987,97987,188,0,0,0,188,0,0,1
68280,68280,500,0,0,0,500,0,0,1
71122,71122,125,0,0,0,125,0,0,1
98043,98043,20,0,0,0,20,0,0,1
104025,104025,150,0,0,0,150,0,0,1
104029,104029,300,0,0,0,300,0,0,1
104037,104037,1,0,0,0,1,0,0,1
98123,98123,4000,0,0,0,4000,0,0,1
98127,98127,150,0,0,0,150,0,0,1
98131,98131,20,0,0,0,20,0,0,1
68292,68292,200,0,0,0,200,0,0,1
104049,104049,10,0,0,0,10,0,0,1
104053,104053,10,0,0,0,10,0,0,1
104057,104057,1,0,0,0,1,0,0,1
104061,104061,1,0,0,0,1,0,0,1
98135,98135,100,0,0,0,100,0,0,1
104153,104153,500,0,0,0,500,0,0,1
68364,68364,200,0,0,0,200,0,0,1
98195,98195,100,0,0,0,100,0,0,1
98199,98199,100,0,0,0,100,0,0,1
98203,98203,150,0,0,0,150,0,0,1
68368,68368,200,0,0,0,200,0,0,1
68372,68372,200,0,0,0,200,0,0,1
68376,68376,1600,0,0,1200,400,0,0,1
68380,68380,1500,0,0,1300,200,0,0,1
68384,68384,1000,0,0,0,1000,0,0,1
68388,68388,400,0,0,0,400,0,0,1
104157,104157,300,0,0,100,200,0,0,1
71206,71206,200,0,0,0,200,0,0,1
71286,71286,100,0,0,0,100,0,0,1
71290,71290,500,0,0,0,500,0,0,1
71294,71294,500,0,0,0,500,0,0,1
71298,71298,500,0,0,0,500,0,0,1
71302,71302,500,0,0,0,500,0,0,1
71306,71306,500,0,0,0,500,0,0,1
71310,71310,500,0,0,0,500,0,0,1
71314,71314,200,0,0,0,200,0,0,1
71318,71318,500,0,0,0,500,0,0,1
71322,71322,500,0,0,0,500,0,0,1
71326,71326,100,0,0,0,100,0,0,1
71330,71330,500,0,0,0,500,0,0,1
68412,68412,2,0,0,0,2,0,0,1
71354,71354,2400,0,0,1900,500,0,0,1
104185,104185,2,0,0,0,2,0,0,1
68432,68432,250,0,0,0,250,0,0,1
104229,104229,8,0,0,0,8,0,0,1
98363,98363,500,0,0,0,500,0,0,1
98367,98367,250,0,0,0,250,0,0,1
68468,68468,1300,0,0,0,1300,0,0,1
68476,68476,150,0,0,0,150,0,0,1
104233,104233,1000,0,0,0,1000,0,0,1
104237,104237,300,0,0,0,300,0,0,1
104241,104241,300,0,0,0,300,0,0,1
104249,104249,200,0,0,0,200,0,0,1
68480,68480,1400,0,0,0,1400,0,0,1
71418,71418,500,0,0,0,500,0,0,1
68484,68484,1000,0,0,0,1000,0,0,1
71434,71434,100,0,0,0,100,0,0,1
71450,71450,1200,0,0,0,1200,0,0,1
104269,104269,100,0,0,0,100,0,0,1
104273,104273,900,0,0,0,900,0,0,1
68556,68556,400,0,0,0,400,0,0,1
68664,68664,100,0,0,0,100,0,0,1
68668,68668,100,0,0,0,100,0,0,1
104349,104349,150,0,0,0,150,0,0,1
71506,71506,200,0,0,0,200,0,0,1
71510,71510,500,0,0,0,500,0,0,1
71514,71514,100,0,0,0,100,0,0,1
71518,71518,500,0,0,0,500,0,0,1
71522,71522,100,0,0,0,100,0,0,1
71546,71546,200,0,0,0,200,0,0,1
71550,71550,500,0,0,0,500,0,0,1
71554,71554,100,0,0,0,100,0,0,1
71558,71558,500,0,0,400,100,0,0,1
104361,104361,100,0,0,0,100,0,0,1
104365,104365,100,0,0,0,100,0,0,1
68672,68672,600,0,0,0,600,0,0,1
68676,68676,60,0,0,0,60,0,0,1
71574,71574,110,0,0,0,110,0,0,1
98491,98491,150,0,0,0,150,0,0,1
104437,104437,5,0,0,0,5,0,0,1
98691,98691,200,0,0,0,200,0,0,1
104441,104441,1000,0,0,0,1000,0,0,1
98695,98695,1300,0,0,0,1300,0,0,1
98699,98699,111,0,0,0,111,0,0,1
68740,68740,10,0,0,0,10,0,0,1
68744,68744,100,0,0,0,100,0,0,1
68748,68748,100,0,0,0,100,0,0,1
71682,71682,300,0,0,0,300,0,0,1
104481,104481,10,0,0,0,10,0,0,1
68760,68760,150,0,0,0,150,0,0,1
71746,71746,250,0,0,0,250,0,0,1
68764,68764,150,0,0,0,150,0,0,1
98827,98827,10,0,0,0,10,0,0,1
104529,104529,150,0,0,0,150,0,0,1
68768,68768,20,0,0,0,20,0,0,1
68772,68772,143,0,0,0,143,0,0,1
68856,68856,250,0,0,0,250,0,0,1
98863,98863,125,0,0,0,125,0,0,1
104533,104533,100,0,0,0,100,0,0,1
104537,104537,100,0,0,0,100,0,0,1
98867,98867,2,0,0,0,2,0,0,1
98871,98871,100,0,0,0,100,0,0,1
104541,104541,700,0,0,0,700,0,0,1
98939,98939,100,0,0,0,100,0,0,1
104625,104625,300,0,0,0,300,0,0,1
68900,68900,135,0,0,0,135,0,0,1
98947,98947,300,0,0,0,300,0,0,1
71822,71822,200,0,0,0,200,0,0,1
71826,71826,400,0,0,300,100,0,0,1
68956,68956,450,0,0,0,450,0,0,1
98963,98963,300,0,0,0,300,0,0,1
71830,71830,1500,0,0,300,1200,0,0,1
71834,71834,1200,0,0,900,300,0,0,1
104645,104645,500,0,0,0,500,0,0,1
98967,98967,200,0,0,0,200,0,0,1
104649,104649,1500,0,0,0,1500,0,0,1
98971,98971,1018,0,0,0,1018,0,0,1
104653,104653,125,0,0,0,125,0,0,1
99103,99103,526,0,0,0,526,0,0,1
104657,104657,22,0,0,0,22,0,0,1
68980,68980,150,0,0,0,150,0,0,1
71854,71854,1200,0,0,0,1200,0,0,1
71858,71858,500,0,0,0,500,0,0,1
71862,71862,500,0,0,0,500,0,0,1
71866,71866,900,0,0,0,900,0,0,1
71874,71874,1200,0,0,0,1200,0,0,1
71878,71878,900,0,0,0,900,0,0,1
99139,99139,300,0,0,0,300,0,0,1
99155,99155,20,0,0,0,20,0,0,1
104661,104661,100,0,0,0,100,0,0,1
99159,99159,20,0,0,0,20,0,0,1
68984,68984,500,0,0,0,500,0,0,1
68992,68992,200,0,0,0,200,0,0,1
104673,104673,500,0,0,0,500,0,0,1
99163,99163,300,0,0,0,300,0,0,1
71926,71926,1200,0,0,0,1200,0,0,1
104713,104713,1500,0,0,0,1500,0,0,1
99235,99235,1018,0,0,847,171,0,0,1
104717,104717,1000,0,0,0,1000,0,0,1
104721,104721,237,0,0,137,100,0,0,1
104733,104733,120,0,0,0,120,0,0,1
104737,104737,1000,0,0,500,500,0,0,1
104741,104741,200,0,0,0,200,0,0,1
99255,99255,271,0,0,0,271,0,0,1
69024,69024,534,0,0,0,534,0,0,1
71930,71930,900,0,0,0,900,0,0,1
104745,104745,500,0,0,0,500,0,0,1
104749,104749,500,0,0,0,500,0,0,1
99259,99259,100,0,0,0,100,0,0,1
99263,99263,100,0,0,0,100,0,0,1
104753,104753,1000,0,0,0,1000,0,0,1
99267,99267,100,0,0,0,100,0,0,1
99271,99271,271,0,0,0,271,0,0,1
69044,69044,450,0,0,0,450,0,0,1
71942,71942,1200,0,0,0,1200,0,0,1
71946,71946,900,0,0,0,900,0,0,1
99279,99279,1100,0,0,900,200,0,0,1
99283,99283,1000,0,0,0,1000,0,0,1
104769,104769,200,0,0,0,200,0,0,1
72018,72018,1200,0,0,0,1200,0,0,1
69048,69048,100,0,0,0,100,0,0,1
99287,99287,150,0,0,0,150,0,0,1
72026,72026,900,0,0,0,900,0,0,1
69052,69052,10,0,0,0,10,0,0,1
104785,104785,200,0,0,0,200,0,0,1
72030,72030,100,0,0,0,100,0,0,1
72034,72034,500,0,0,0,500,0,0,1
72038,72038,500,0,0,0,500,0,0,1
69056,69056,1056,0,0,0,1056,0,0,1
72066,72066,1200,0,0,0,1200,0,0,1
72070,72070,900,0,0,0,900,0,0,1
69060,69060,5,0,0,0,5,0,0,1
99499,99499,7,0,0,0,7,0,0,1
72074,72074,1200,0,0,0,1200,0,0,1
69072,69072,800,0,0,0,800,0,0,1
69076,69076,400,0,0,0,400,0,0,1
72078,72078,600,0,0,0,600,0,0,1
72082,72082,1600,0,0,0,1600,0,0,1
99503,99503,500,0,0,0,500,0,0,1
69080,69080,400,0,0,0,400,0,0,1
69084,69084,150,0,0,0,150,0,0,1
69088,69088,150,0,0,0,150,0,0,1
72086,72086,1600,0,0,0,1600,0,0,1
104809,104809,500,0,0,0,500,0,0,1
72090,72090,900,0,0,0,900,0,0,1
69092,69092,1000,0,0,0,1000,0,0,1
72094,72094,100,0,0,0,100,0,0,1
72098,72098,200,0,0,100,100,0,0,1
69140,69140,1,0,0,0,1,0,0,1
104825,104825,4000,0,0,0,4000,0,0,1
72166,72166,123,0,0,0,123,0,0,1
72170,72170,100,0,0,0,100,0,0,1
72174,72174,600,0,0,0,600,0,0,1
69144,69144,22,0,0,0,22,0,0,1
104857,104857,7,0,0,0,7,0,0,1
104861,104861,100,0,0,0,100,0,0,1
69156,69156,100,0,0,0,100,0,0,1
69256,69256,10,0,0,0,10,0,0,1
69260,69260,500,0,0,0,500,0,0,1
99739,99739,1000,0,0,0,1000,0,0,1
99743,99743,2000,0,0,0,2000,0,0,1
99747,99747,300,0,0,0,300,0,0,1
72334,72334,300,0,0,0,300,0,0,1
69304,69304,350,0,0,0,350,0,0,1
69308,69308,1,0,0,0,1,0,0,1
99791,99791,200,0,0,100,100,0,0,1
99799,99799,800,0,0,700,100,0,0,1
99803,99803,100,0,0,0,100,0,0,1
99807,99807,100,0,0,0,100,0,0,1
99811,99811,500,0,0,0,500,0,0,1
99815,99815,500,0,0,0,500,0,0,1
99819,99819,500,0,0,0,500,0,0,1
99823,99823,200,0,0,0,200,0,0,1
99827,99827,500,0,0,0,500,0,0,1
99831,99831,500,0,0,0,500,0,0,1
99847,99847,200,0,0,0,200,0,0,1
99879,99879,200,0,0,0,200,0,0,1
69344,69344,25,0,0,0,25,0,0,1
105137,105437,200,700,0,0,200,700,0,1
105141,105141,200,0,0,0,200,0,0,1
105145,105145,800,0,0,700,100,0,0,1
105149,105149,200,0,0,0,200,0,0,1
105153,105153,200,0,0,0,200,0,0,1
105157,105157,200,0,0,0,200,0,0,1
105161,105161,100,0,0,0,100,0,0,1
105165,105165,100,0,0,0,100,0,0,1
105169,105169,100,0,0,0,100,0,0,1
105177,105177,200,0,0,0,200,0,0,1
99947,99947,331,0,0,69,262,0,0,1
99951,99951,1,0,0,0,1,0,0,1
105245,105245,100,0,0,0,100,0,0,1
99955,99955,250,0,0,0,250,0,0,1
99959,99959,100,0,0,0,100,0,0,1
99963,99963,100,0,0,0,100,0,0,1
69472,69472,100,0,0,0,100,0,0,1
69476,69476,5000,0,0,0,5000,0,0,1
72538,72538,250,0,0,0,250,0,0,1
105357,105357,200,0,0,0,200,0,0,1
100155,100155,32,0,0,0,32,0,0,1
105361,105361,300,0,0,100,200,0,0,1
69480,69480,500,0,0,0,500,0,0,1
69484,69484,1,0,0,0,1,0,0,1
100159,100159,7,0,0,0,7,0,0,1
69488,69488,100,0,0,0,100,0,0,1
69492,69492,1200,0,0,0,1200,0,0,1
69496,69496,300,0,0,0,300,0,0,1
69500,69500,100,0,0,0,100,0,0,1
69504,69504,100,0,0,0,100,0,0,1
69508,69508,300,0,0,200,100,0,0,1
69512,69512,400,0,0,100,300,0,0,1
69516,69516,1200,0,0,0,1200,0,0,1
72782,72782,30,0,0,0,30,0,0,1
72786,72786,300,0,0,0,300,0,0,1
72790,72790,100,0,0,0,100,0,0,1
72794,72794,100,0,0,0,100,0,0,1
72802,72802,400,0,0,0,400,0,0,1
72818,72818,500,0,0,0,500,0,0,1
72822,72822,300,0,0,0,300,0,0,1
72826,72826,100,0,0,0,100,0,0,1
72830,72830,300,0,0,0,300,0,0,1
69524,69524,700,0,0,400,300,0,0,1
72838,72838,127,0,0,0,127,0,0,1
72842,72842,500,0,0,0,500,0,0,1
72866,72866,500,0,0,400,100,0,0,1
72874,72874,100,0,0,0,100,0,0,1
105425,105425,700,0,0,300,400,0,0,1
105429,105429,300,0,0,0,300,0,0,1
72910,72910,500,0,0,300,200,0,0,1
72914,72914,200,0,0,0,200,0,0,1
105441,111925,200,300,0,0,300,200,0,1
105445,105445,100,0,0,0,100,0,0,1
72918,72918,10,0,0,0,10,0,0,1
100267,100267,200,0,0,0,200,0,0,1
100271,100271,100,0,0,0,100,0,0,1
100275,100275,50,0,0,0,50,0,0,1
100279,100279,9,0,0,0,9,0,0,1
100283,100283,50,0,0,0,50,0,0,1
100287,100287,130,0,0,0,130,0,0,1
100299,100299,100,0,0,0,100,0,0,1
72934,72934,1200,0,0,1100,100,0,0,1
69592,69592,500,0,0,0,500,0,0,1
105513,105513,500,0,0,0,500,0,0,1
105517,105517,500,0,0,0,500,0,0,1
105521,105521,500,0,0,0,500,0,0,1
100331,100331,150,0,150,0,0,0,0,1
69600,69600,1100,0,0,0,1100,0,0,1
72950,72950,100,0,0,0,100,0,0,1
72954,72954,500,0,0,0,500,0,0,1
72958,72958,100,0,0,0,100,0,0,1
72962,72962,100,0,0,0,100,0,0,1
72966,72966,500,0,0,0,500,0,0,1
72970,72970,2,0,0,0,2,0,0,1
72974,72974,500,0,0,0,500,0,0,1
100335,100335,265,0,0,100,165,0,0,1
100339,100339,350,0,0,248,102,0,0,1
100343,100343,100,0,0,0,100,0,0,1
100347,100347,5,0,0,0,5,0,0,1
100351,100351,200,0,0,0,200,0,0,1
105657,105657,300,0,0,0,300,0,0,1
100355,100355,300,0,0,0,300,0,0,1
100359,100359,200,0,0,0,200,0,0,1
100363,100363,100,0,0,0,100,0,0,1
72978,72978,200,0,0,0,200,0,0,1
100367,100367,200,0,0,0,200,0,0,1
72982,72982,500,0,0,0,500,0,0,1
72986,72986,500,0,0,0,500,0,0,1
72990,72990,500,0,0,0,500,0,0,1
72994,72994,100,0,0,0,100,0,0,1
72998,72998,500,0,0,0,500,0,0,1
73002,73002,500,0,0,0,500,0,0,1
100371,100371,100,0,0,0,100,0,0,1
73006,73006,500,0,0,0,500,0,0,1
73010,73010,500,0,0,0,500,0,0,1
73014,73014,500,0,0,0,500,0,0,1
73018,73018,500,0,0,0,500,0,0,1
73022,73022,500,0,0,0,500,0,0,1
73026,73026,500,0,0,0,500,0,0,1
73030,73030,500,0,0,300,200,0,0,1
73034,73034,500,0,0,300,200,0,0,1
73038,73038,500,0,0,0,500,0,0,1
73042,73042,500,0,0,0,500,0,0,1
73046,73046,500,0,0,200,300,0,0,1
105669,105669,200,0,0,0,200,0,0,1
73050,73050,500,0,0,0,500,0,0,1
73054,73054,500,0,0,400,100,0,0,1
73058,73058,500,0,0,300,200,0,0,1
73066,73066,500,0,0,0,500,0,0,1
100375,100375,1,0,1,0,0,0,0,1
100439,100439,500,0,0,0,500,0,0,1
100443,100443,5,0,0,0,5,0,0,1
100447,100447,500,0,0,0,500,0,0,1
100451,100451,895,0,0,0,895,0,0,1
100455,100455,785,0,0,520,265,0,0,1
100459,100459,423,0,0,292,131,0,0,1
100463,100463,1000,0,0,0,1000,0,0,1
73182,73182,100,0,0,0,100,0,0,1
73186,73186,100,0,0,0,100,0,0,1
69628,69628,1,0,0,0,1,0,0,1
100483,100483,200,0,0,0,200,0,0,1
69632,69632,500,0,0,300,200,0,0,1
69636,69636,100,0,0,0,100,0,0,1
69640,69640,100,0,0,0,100,0,0,1
105745,105745,22,0,0,0,22,0,0,1
69644,69644,150,0,0,0,150,0,0,1
100487,100487,200,0,0,0,200,0,0,1
100491,100491,200,0,0,0,200,0,0,1
100495,100495,200,0,0,0,200,0,0,1
100499,100499,215,0,0,88,127,0,0,1
69648,69648,350,0,0,0,350,0,0,1
69652,69652,1000,0,0,0,1000,0,0,1
105749,105749,112,0,0,2,110,0,0,1
100503,100503,3395,0,441,0,2954,0,0,1
100631,100631,2,0,0,0,2,0,0,1
69688,69688,100,0,0,0,100,0,0,1
69692,69692,100,0,0,0,100,0,0,1
105801,105801,1,0,1,0,0,0,0,1
69696,69696,36000,0,0,0,36000,0,0,1
105805,105805,10,0,0,0,10,0,0,1
100635,100635,100,0,0,0,100,0,0,1
100639,100639,200,0,0,0,200,0,0,1
69700,69700,100,0,0,0,100,0,0,1
69704,69704,300,0,0,0,300,0,0,1
105809,105809,100,0,0,0,100,0,0,1
69712,69712,50,0,0,0,50,0,0,1
100643,100643,120,0,0,0,120,0,0,1
73338,73338,300,0,0,0,300,0,0,1
73342,73342,500,0,0,0,500,0,0,1
105813,105813,100,0,0,0,100,0,0,1
69716,69716,150,0,0,0,150,0,0,1
73346,73346,1,0,0,0,1,0,0,1
69768,69768,100,0,0,0,100,0,0,1
105861,105861,339,0,0,127,212,0,0,1
105865,105865,500,0,0,0,500,0,0,1
105869,105869,714,0,0,467,247,0,0,1
105873,105873,387,0,0,245,142,0,0,1
100703,100703,250,0,0,0,250,0,0,1
100707,100707,1,0,0,0,1,0,0,1
105877,105877,1000,0,0,0,1000,0,0,1
69772,69772,300,0,0,0,300,0,0,1
69776,69776,1000,0,0,0,1000,0,0,1
100711,100711,100,0,0,0,100,0,0,1
73386,73386,1,0,0,0,1,0,0,1
100715,100715,1,0,0,0,1,0,0,1
69780,69780,1,0,0,0,1,0,0,1
105881,105881,500,0,0,0,500,0,0,1
105885,105885,190,0,0,0,190,0,0,1
105889,105897,500,500,0,0,500,500,0,1
105893,105893,1000,0,0,0,1000,0,0,1
105901,105901,221,0,0,0,221,0,0,1
105905,105913,500,500,0,0,500,500,0,1
105909,105909,161,0,0,8,153,0,0,1
73390,73390,300,0,0,0,300,0,0,1
105917,105917,141,0,0,41,100,0,0,1
105921,105941,500,1500,0,0,500,1500,0,1
69784,69784,100,0,0,0,100,0,0,1
73394,73394,50,0,0,0,50,0,0,1
69788,69788,191,0,0,0,191,0,0,1
100719,100719,752,0,0,0,752,0,0,1
69792,69792,25,0,0,0,25,0,0,1
100723,100723,500,0,0,0,500,0,0,1
105925,105925,80,0,0,0,80,0,0,1
100727,100727,500,0,0,0,500,0,0,1
100731,100731,500,0,0,0,500,0,0,1
100735,100735,525,0,0,304,221,0,0,1
100739,100739,100,0,0,0,100,0,0,1
100743,100743,500,0,0,0,500,0,0,1
100747,100747,500,0,0,0,500,0,0,1
105929,105929,150,0,0,0,150,0,0,1
100751,100751,1430,0,0,1330,100,0,0,1
100755,100755,1998,0,0,1707,291,0,0,1
100759,100759,500,0,0,0,500,0,0,1
100763,100763,2230,0,0,2034,196,0,0,1
100767,100767,500,0,0,0,500,0,0,1
105945,105945,100,0,0,0,100,0,0,1
105949,105949,500,0,0,0,500,0,0,1
105953,105953,100,0,0,0,100,0,0,1
100771,100771,528,0,0,293,235,0,0,1
100775,100775,346,0,0,0,346,0,0,1
100835,100835,294,0,0,0,294,0,0,1
100839,100839,4,0,0,0,4,0,0,1
106001,106513,500,500,0,0,500,500,0,1
73458,73458,5,0,0,0,5,0,0,1
106005,106005,100,0,0,0,100,0,0,1
100843,100843,767,0,0,0,767,0,0,1
100847,100847,901,0,0,784,117,0,0,1
69872,69872,250,0,0,0,250,0,0,1
69876,69876,500,0,0,0,500,0,0,1
100851,100851,500,0,0,0,500,0,0,1
100855,100855,500,0,0,0,500,0,0,1
100859,100859,500,0,0,0,500,0,0,1
73466,73466,200,0,0,0,200,0,0,1
100863,100863,500,0,0,0,500,0,0,1
100867,100867,622,0,0,0,622,0,0,1
100871,100871,812,0,0,675,137,0,0,1
100875,100875,1268,0,0,409,859,0,0,1
100879,100879,500,0,0,0,500,0,0,1
73470,73470,250,0,0,0,250,0,0,1
100883,100883,300,0,0,0,300,0,0,1
73474,73474,50,0,0,0,50,0,0,1
69880,69880,15,0,0,0,15,0,0,1
100887,100887,100,0,0,0,100,0,0,1
106009,106009,10,0,0,0,10,0,0,1
100891,100891,503,0,0,237,266,0,0,1
100895,100895,500,0,0,0,500,0,0,1
69884,69884,100,0,0,0,100,0,0,1
100907,100907,2,0,0,0,2,0,0,1
73482,73482,100,0,0,0,100,0,0,1
100911,100911,456,0,0,323,133,0,0,1
73486,73486,500,0,0,0,500,0,0,1
100915,100915,300,0,0,0,300,0,0,1
69888,69888,500,0,0,0,500,0,0,1
100919,100919,500,0,0,0,500,0,0,1
100923,100923,220,0,0,0,220,0,0,1
73490,73490,2,0,2,0,0,0,0,1
100935,100935,857,0,0,745,112,0,0,1
69892,69892,100,0,0,0,100,0,0,1
100955,100955,744,0,0,630,114,0,0,1
69896,69896,3000,0,0,0,3000,0,0,1
100959,100959,2,0,0,0,2,0,0,1
69900,69900,5000,0,0,0,5000,0,0,1
106049,106049,500,0,0,0,500,0,0,1
69904,69904,352,0,0,0,352,0,0,1
69908,69908,10000,0,0,0,10000,0,0,1
69912,75156,200,200,0,0,200,200,0,1
100963,100963,300,0,0,0,300,0,0,1
106057,106057,500,0,0,0,500,0,0,1
100967,100967,500,0,0,0,500,0,0,1
100971,100971,2,0,0,0,2,0,0,1
69916,69916,3000,0,0,0,3000,0,0,1
69920,69920,110,0,0,0,110,0,0,1
100975,100975,500,0,0,0,500,0,0,1
73506,73506,500,0,0,0,500,0,0,1
100979,100979,1500,0,0,0,1500,0,0,1
100983,100983,1500,0,0,0,1500,0,0,1
69928,69928,200,0,0,0,200,0,0,1
100987,100987,500,0,0,0,500,0,0,1
69932,69932,938,0,0,0,938,0,0,1
73510,73510,100,0,0,0,100,0,0,1
73514,73514,100,0,0,0,100,0,0,1
73526,73526,200,0,0,0,200,0,0,1
73530,73530,300,0,0,100,200,0,0,1
73570,73570,500,0,0,300,200,0,0,1
73574,73574,500,0,0,300,200,0,0,1
69948,69948,100,0,0,0,100,0,0,1
101043,101043,1,0,0,0,1,0,0,1
73578,73578,2,0,0,0,2,0,0,1
73582,73582,20,0,0,0,20,0,0,1
73586,73586,10,0,0,0,10,0,0,1
106197,106197,1000,0,0,0,1000,0,0,1
69952,69952,300,0,0,0,300,0,0,1
106201,106201,300,0,0,100,200,0,0,1
106205,106205,100,0,0,0,100,0,0,1
106209,106209,1,0,0,0,1,0,0,1
73590,73590,500,0,0,0,500,0,0,1
101047,101047,300,0,0,0,300,0,0,1
101051,101051,300,0,0,0,300,0,0,1
69956,69956,500,0,0,0,500,0,0,1
106221,106221,1000,0,0,900,100,0,0,1
69960,69960,100,0,0,0,100,0,0,1
73594,73594,100,0,0,0,100,0,0,1
69964,69964,100,0,0,0,100,0,0,1
69968,69968,22,0,0,0,22,0,0,1
73598,73598,100,0,0,0,100,0,0,1
101055,101055,100,0,0,0,100,0,0,1
106225,106225,20,0,0,0,20,0,0,1
106229,106229,33,0,0,0,33,0,0,1
69972,69972,100,0,0,0,100,0,0,1
106233,106233,300,0,0,100,200,0,0,1
73602,73602,100,0,0,0,100,0,0,1
101059,101059,100,0,0,0,100,0,0,1
69976,69976,100,0,0,0,100,0,0,1
106237,106237,1,0,0,0,1,0,0,1
69980,69980,5000,0,0,0,5000,0,0,1
69984,69984,400,0,0,0,400,0,0,1
69988,69988,100,0,0,0,100,0,0,1
69992,69992,5,0,0,0,5,0,0,1
73606,73606,100,0,0,0,100,0,0,1
73610,73610,4,0,0,0,4,0,0,1
106241,106241,1,0,0,0,1,0,0,1
106245,106245,1,0,0,0,1,0,0,1
73614,73614,100,0,0,0,100,0,0,1
73618,73618,1200,0,0,0,1200,0,0,1
106249,106249,1,0,0,0,1,0,0,1
106253,106253,1,0,0,0,1,0,0,1
70000,70000,8000,0,0,0,8000,0,0,1
70056,70056,20,0,0,0,20,0,0,1
106289,106289,100,0,0,0,100,0,0,1
70060,70060,50,0,50,0,0,0,0,1
70064,70064,25,0,0,0,25,0,0,1
106293,106293,1,0,0,0,1,0,0,1
70068,70068,6,0,0,0,6,0,0,1
73686,73686,50,0,0,0,50,0,0,1
70072,70072,25,0,0,0,25,0,0,1
70076,70076,3,0,0,0,3,0,0,1
106297,106297,20,0,0,0,20,0,0,1
106301,106301,150,0,0,0,150,0,0,1
101147,101147,379,0,0,0,379,0,0,1
106305,106305,471,0,0,204,267,0,0,1
70080,70080,10,0,0,0,10,0,0,1
101159,101159,150,0,0,0,150,0,0,1
106309,106309,2,0,0,0,2,0,0,1
101259,101259,200,0,0,0,200,0,0,1
101263,101263,138,0,0,0,138,0,0,1
106393,106393,300,0,0,0,300,0,0,1
106397,109293,300,600,0,0,300,600,0,1
70160,70160,400,0,0,200,200,0,0,1
70164,70164,100,0,0,0,100,0,0,1
106401,106401,200,0,0,0,200,0,0,1
73730,73730,1000,0,0,0,1000,0,0,1
73734,73734,400,0,0,0,400,0,0,1
73738,73738,1000,0,0,0,1000,0,0,1
73742,73742,100,0,0,0,100,0,0,1
73746,73746,100,0,0,0,100,0,0,1
73750,73750,200,0,0,0,200,0,0,1
106405,106405,175,0,0,0,175,0,0,1
70168,70168,30,0,0,0,30,0,0,1
106505,106505,15,0,0,0,15,0,0,1
73778,73778,10,0,10,0,0,0,0,1
73782,73782,1600,0,0,200,1400,0,0,1
73786,73786,1600,0,0,0,1600,0,0,1
70220,70220,13,0,0,0,13,0,0,1
106509,106509,100,0,0,0,100,0,0,1
106517,106517,500,0,0,0,500,0,0,1
106521,106521,271,0,0,119,152,0,0,1
73790,73790,45,0,0,0,45,0,0,1
101323,101323,100,0,0,0,100,0,0,1
70224,70224,1,0,1,0,0,0,0,1
70228,70228,4000,0,0,0,4000,0,0,1
101327,101327,800,0,0,0,800,0,0,1
73794,73794,1600,0,0,200,1400,0,0,1
73798,73798,100,0,0,0,100,0,0,1
106529,106529,500,0,0,0,500,0,0,1
101403,101403,400,0,0,0,400,0,0,1
70304,71948,700,700,0,0,700,700,0,1
101407,101407,900,0,0,0,900,0,0,1
101411,101411,100,0,100,0,0,0,0,1
70308,70308,7,0,0,0,7,0,0,1
101415,101415,800,0,0,0,800,0,0,1
101419,101419,800,0,0,0,800,0,0,1
101423,101423,800,0,0,0,800,0,0,1
101427,101427,800,0,0,0,800,0,0,1
101431,101431,484,0,0,227,257,0,0,1
73842,73842,1300,0,0,0,1300,0,0,1
73846,73846,4500,0,0,0,4500,0,0,1
101435,101435,100,0,0,0,100,0,0,1
101439,101439,300,0,0,0,300,0,0,1
106609,106609,100,0,0,0,100,0,0,1
73858,73858,100,0,0,0,100,0,0,1
70316,70316,1,0,1,0,0,0,0,1
73862,73862,1300,0,0,0,1300,0,0,1
73874,73874,1300,0,0,0,1300,0,0,1
106613,106613,119,0,0,0,119,0,0,1
70324,70324,352,0,0,138,214,0,0,1
73902,73902,1600,0,0,200,1400,0,0,1
73906,73906,1300,0,0,0,1300,0,0,1
106705,106705,10,0,0,0,10,0,0,1
73914,73914,1300,0,0,0,1300,0,0,1
101563,101563,500,0,0,0,500,0,0,1
73918,73918,1300,0,0,1200,100,0,0,1
73922,73922,100,0,0,0,100,0,0,1
73926,73926,500,0,0,0,500,0,0,1
73930,73930,500,0,0,0,500,0,0,1
73934,73934,200,0,0,0,200,0,0,1
73938,73938,500,0,0,0,500,0,0,1
73942,73942,100,0,0,0,100,0,0,1
73946,73946,500,0,0,0,500,0,0,1
73950,73950,500,0,0,100,400,0,0,1
73954,73954,100,0,0,0,100,0,0,1
101567,101567,171,0,0,0,171,0,0,1
70372,70372,500,0,0,0,500,0,0,1
70376,70376,500,0,0,0,500,0,0,1
70380,70380,500,0,0,0,500,0,0,1
73958,73958,1600,0,0,100,1500,0,0,1
73962,73962,100,0,0,0,100,0,0,1
73966,73966,1600,0,0,200,1400,0,0,1
106709,106709,500,0,0,0,500,0,0,1
70388,70448,900,900,0,0,900,900,0,1
73970,73970,500,0,0,0,500,0,0,1
70392,70392,500,0,0,0,500,0,0,1
70396,70396,800,0,0,0,800,0,0,1
70400,70400,600,0,0,0,600,0,0,1
70404,70404,600,0,0,0,600,0,0,1
70408,70408,400,0,0,0,400,0,0,1
70412,70412,1000,0,0,0,1000,0,0,1
73974,73974,1600,0,0,200,1400,0,0,1
70416,70416,1200,0,0,0,1200,0,0,1
70420,70420,1200,0,0,0,1200,0,0,1
73978,73978,300,0,0,0,300,0,0,1
70424,70424,1000,0,0,0,1000,0,0,1
101575,101575,800,0,0,0,800,0,0,1
70428,70428,500,0,0,0,500,0,0,1
70432,70432,500,0,0,0,500,0,0,1
70436,70436,500,0,0,0,500,0,0,1
70440,70440,500,0,0,0,500,0,0,1
101579,101579,2200,0,0,0,2200,0,0,1
101583,101583,500,0,0,0,500,0,0,1
101587,101587,500,0,0,0,500,0,0,1
73982,73982,1600,0,0,0,1600,0,0,1
101591,101591,4000,0,0,3700,300,0,0,1
101595,101595,500,0,0,0,500,0,0,1
101599,101599,1000,0,0,0,1000,0,0,1
101603,101603,3000,0,0,0,3000,0,0,1
106717,106717,100,0,0,0,100,0,0,1
101607,101607,1000,0,0,0,1000,0,0,1
106733,106733,100,0,0,0,100,0,0,1
101611,101611,1,0,0,0,1,0,0,1
101707,101707,4400,0,0,0,4400,0,0,1
101711,101711,2000,0,0,0,2000,0,0,1
101715,101715,1000,0,0,0,1000,0,0,1
101719,101719,1,0,0,0,1,0,0,1
101723,101723,17,0,0,0,17,0,0,1
70492,70492,500,0,0,0,500,0,0,1
74078,74078,500,0,0,0,500,0,0,1
70496,76460,600,600,0,0,600,600,0,1
70500,70500,800,0,0,0,800,0,0,1
70504,70504,600,0,0,0,600,0,0,1
70508,70508,400,0,0,0,400,0,0,1
70512,70584,700,700,0,0,700,700,0,1
101727,101727,400,0,0,0,400,0,0,1
101731,101731,3800,0,0,0,3800,0,0,1
101735,101735,873,0,0,104,769,0,0,1
74082,74082,100,0,0,0,100,0,0,1
101739,101739,500,0,0,0,500,0,0,1
70516,70516,70,0,0,0,70,0,0,1
106785,106785,3,0,0,0,3,0,0,1
101755,101755,500,0,0,0,500,0,0,1
101759,101759,501,0,0,272,229,0,0,1
101763,101763,500,0,0,0,500,0,0,1
101767,101767,500,0,0,0,500,0,0,1
70520,70520,600,0,0,0,600,0,0,1
101771,101771,3300,0,0,0,3300,0,0,1
70524,70524,600,0,0,0,600,0,0,1
74086,74086,500,0,0,0,500,0,0,1
101775,101775,100,0,0,0,100,0,0,1
101779,101783,100,100,0,0,100,100,0,1
106793,106793,200,0,0,0,200,0,0,1
101787,101879,100,100,0,0,100,100,0,1
106801,106801,300,0,0,0,300,0,0,1
70528,70528,500,0,0,0,500,0,0,1
70532,70532,800,0,0,0,800,0,0,1
106805,106805,1000,0,0,900,100,0,0,1
106809,106809,500,0,0,0,500,0,0,1
106813,106813,119,0,0,0,119,0,0,1
101847,101847,100,0,0,0,100,0,0,1
101851,101851,100,0,0,0,100,0,0,1
101855,101855,2,0,2,0,0,0,0,1
101859,101859,800,0,0,0,800,0,0,1
101863,101863,3800,0,0,0,3800,0,0,1
101867,101867,800,0,0,0,800,0,0,1
74162,74162,100,0,0,0,100,0,0,1
101871,101871,800,0,0,0,800,0,0,1
106901,106901,100,0,0,0,100,0,0,1
106905,106905,300,0,0,0,300,0,0,1
106909,106909,100,0,0,0,100,0,0,1
101875,101875,100,0,0,0,100,0,0,1
101883,101883,100,0,0,0,100,0,0,1
106973,106973,900,0,0,0,900,0,0,1
74190,74190,40,0,0,0,40,0,0,1
74194,74194,1600,0,0,0,1600,0,0,1
101923,101923,500,0,0,0,500,0,0,1
70640,70640,66,0,0,0,66,0,0,1
74198,74198,1,0,0,0,1,0,0,1
74242,74242,100,0,0,0,100,0,0,1
74246,74246,500,0,0,0,500,0,0,1
74250,74250,500,0,0,0,500,0,0,1
74254,74254,500,0,0,0,500,0,0,1
74258,74258,500,0,0,0,500,0,0,1
74262,74262,500,0,0,300,200,0,0,1
70656,70656,100,0,0,0,100,0,0,1
74270,74270,3000,0,0,0,3000,0,0,1
101999,101999,250,0,0,0,250,0,0,1
107029,107029,800,0,0,700,100,0,0,1
107033,107033,100,0,0,0,100,0,0,1
70660,70660,500,0,0,0,500,0,0,1
74274,74274,1200,0,0,0,1200,0,0,1
107037,107037,100,0,0,0,100,0,0,1
102003,102003,500,0,0,0,500,0,0,1
107041,107041,218,0,0,0,218,0,0,1
102007,102019,1000,500,0,0,500,1000,0,1
102011,102011,500,0,0,0,500,0,0,1
102015,104607,500,4000,0,0,500,4000,0,1
102023,102023,1000,0,0,900,100,0,0,1
107045,107045,25,0,0,0,25,0,0,1
102027,102027,500,0,0,400,100,0,0,1
102083,102083,1700,0,0,0,1700,0,0,1
102115,102115,322,0,0,0,322,0,0,1
107093,107093,500,0,0,0,500,0,0,1
70692,70692,500,0,0,0,500,0,0,1
70696,70696,23679,0,0,0,23679,0,0,1
70700,71024,700,700,0,0,700,700,0,1
70704,70704,938,0,0,0,938,0,0,1
102119,102119,500,0,0,0,500,0,0,1
102123,102123,3800,0,0,0,3800,0,0,1
102127,102127,322,0,0,117,205,0,0,1
102131,102131,2000,0,0,1800,200,0,0,1
74338,74338,127,0,0,22,105,0,0,1
102135,102135,400,0,0,0,400,0,0,1
107097,107097,100,0,0,0,100,0,0,1
74350,74350,10,0,0,0,10,0,0,1
74354,74354,600,0,0,0,600,0,0,1
107101,107101,11,0,0,0,11,0,0,1
107105,107105,100,0,0,0,100,0,0,1
102139,102139,1000,0,0,0,1000,0,0,1
74358,74358,300,0,0,200,100,0,0,1
70708,70708,434,0,0,300,134,0,0,1
74362,74362,100,0,0,0,100,0,0,1
74366,74366,500,0,0,400,100,0,0,1
74370,74370,1500,0,0,500,1000,0,0,1
74374,74374,100,0,0,0,100,0,0,1
107109,107109,300,0,0,0,300,0,0,1
107121,107121,1000,0,0,0,1000,0,0,1
102163,102163,100,0,0,0,100,0,0,1
102167,102167,1000,0,0,0,1000,0,0,1
107125,107125,19,0,0,0,19,0,0,1
74410,74410,100,0,0,0,100,0,0,1
74474,74474,100,0,0,0,100,0,0,1
70836,70836,1400,0,0,0,1400,0,0,1
70840,70840,100,0,0,0,100,0,0,1
70844,70844,400,0,0,0,400,0,0,1
74478,74478,100,0,0,0,100,0,0,1
74482,74482,200,0,0,100,100,0,0,1
74486,74486,100,0,0,0,100,0,0,1
74490,74490,100,0,0,0,100,0,0,1
74494,74494,500,0,0,400,100,0,0,1
74498,74498,100,0,0,0,100,0,0,1
70848,70848,420,0,0,127,293,0,0,1
70852,70852,500,0,0,0,500,0,0,1
107165,107165,500,0,0,0,500,0,0,1
107169,107169,200,0,0,0,200,0,0,1
74502,74502,1,0,0,0,1,0,0,1
107173,107173,25,0,0,0,25,0,0,1
70912,70912,200,0,0,0,200,0,0,1
107257,107257,100,0,0,0,100,0,0,1
102227,102227,800,0,0,0,800,0,0,1
102231,102231,9,0,0,0,9,0,0,1
70916,70916,400,0,0,0,400,0,0,1
107317,107317,100,0,0,0,100,0,0,1
107321,107321,500,0,0,0,500,0,0,1
102291,102291,12,0,0,0,12,0,0,1
74630,74630,14,0,0,0,14,0,0,1
107325,107325,10,0,0,0,10,0,0,1
102295,102295,172,0,0,0,172,0,0,1
102299,102299,500,0,0,0,500,0,0,1
102303,102303,500,0,0,0,500,0,0,1
102307,102307,355,0,0,0,355,0,0,1
107329,107329,2000,0,0,0,2000,0,0,1
74686,74686,400,0,0,0,400,0,0,1
74690,74690,100,0,0,0,100,0,0,1
102383,102383,400,0,0,0,400,0,0,1
102387,102387,3800,0,0,0,3800,0,0,1
107413,107413,100,0,0,0,100,0,0,1
74694,74694,31,0,0,0,31,0,0,1
107417,107417,100,0,0,0,100,0,0,1
107481,107481,250,0,0,0,250,0,0,1
102539,102539,1,0,0,0,1,0,0,1
74726,74726,5,0,0,0,5,0,0,1
107485,107485,100,0,0,0,100,0,0,1
102543,102543,900,0,0,300,600,0,0,1
107493,107493,700,0,0,0,700,0,0,1
71076,71076,40,0,0,0,40,0,0,1
107497,107497,100,0,0,0,100,0,0,1
74774,74774,3500,0,0,0,3500,0,0,1
74778,74778,100,0,0,0,100,0,0,1
74782,74782,44,0,0,0,44,0,0,1
107529,107529,5000,0,0,0,5000,0,0,1
74786,74786,1,0,0,0,1,0,0,1
71120,71120,500,0,0,0,500,0,0,1
107545,107545,1600,0,0,1000,600,0,0,1
107553,107553,500,0,0,0,500,0,0,1
107557,107557,500,0,0,0,500,0,0,1
107561,108793,500,1000,0,0,1000,500,0,1
107565,107565,200,0,0,0,200,0,0,1
107569,107569,3000,0,0,0,3000,0,0,1
102603,102603,100,0,0,0,100,0,0,1
107573,107573,30,0,0,0,30,0,0,1
71124,71124,20,0,0,0,20,0,0,1
74902,74902,600,0,0,500,100,0,0,1
102655,102655,400,0,0,0,400,0,0,1
71212,71212,700,0,0,0,700,0,0,1
102659,102659,3800,0,0,0,3800,0,0,1
71216,71216,17,0,0,0,17,0,0,1
102667,102667,1888,0,0,0,1888,0,0,1
102671,102671,298,0,0,99,199,0,0,1
71236,71236,450,0,0,0,450,0,0,1
71240,71240,534,0,0,0,534,0,0,1
74910,74910,400,0,0,0,400,0,0,1
102683,102683,988,0,0,0,988,0,0,1
74914,74914,300,0,0,0,300,0,0,1
74918,74918,1200,0,0,0,1200,0,0,1
74922,74922,10,0,0,0,10,0,0,1
107609,107609,500,0,0,0,500,0,0,1
74926,74926,10,0,0,0,10,0,0,1
74930,74930,100,0,0,0,100,0,0,1
71244,71848,500,500,0,0,500,500,0,1
102687,102687,1000,0,0,0,1000,0,0,1
107613,107613,1500,0,0,0,1500,0,0,1
102691,102691,841,0,0,0,841,0,0,1
107617,107617,100,0,0,0,100,0,0,1
74934,74934,700,0,0,500,200,0,0,1
71284,71284,1200,0,0,0,1200,0,0,1
102799,102799,924,0,0,0,924,0,0,1
74978,74978,485,0,0,0,485,0,0,1
74982,75258,271,357,0,0,357,271,0,1
74986,74986,2000,0,0,0,2000,0,0,1
74990,74990,106,0,0,0,106,0,0,1
107685,107685,100,0,0,0,100,0,0,1
75002,75002,106,0,0,0,106,0,0,1
102811,102811,895,0,0,0,895,0,0,1
75006,75006,2000,0,0,900,1100,0,0,1
107697,107697,900,0,0,0,900,0,0,1
71288,71288,1300,0,0,0,1300,0,0,1
71292,71292,450,0,0,0,450,0,0,1
102815,102815,800,0,0,0,800,0,0,1
102819,102827,992,992,0,0,992,992,0,1
102823,112139,991,993,0,0,993,991,0,1
102831,102831,100,0,0,0,100,0,0,1
102835,102835,100,0,0,0,100,0,0,1
107709,107709,500,0,0,0,500,0,0,1
75010,75010,500,0,0,0,500,0,0,1
107713,107713,500,0,0,0,500,0,0,1
102839,102839,500,0,0,0,500,0,0,1
102843,102843,500,0,0,0,500,0,0,1
71296,71436,700,700,0,0,700,700,0,1
102847,102847,200,0,0,0,200,0,0,1
102851,102851,200,0,0,0,200,0,0,1
102855,102855,300,0,0,0,300,0,0,1
75014,75014,116,0,0,0,116,0,0,1
75018,293626,147,583,0,0,146,584,0,1
71300,71300,500,0,0,0,500,0,0,1
102859,102859,500,0,0,0,500,0,0,1
102863,102863,300,0,0,0,300,0,0,1
102867,102867,100,0,0,0,100,0,0,1
102871,102871,100,0,0,0,100,0,0,1
75022,75022,298,0,0,0,298,0,0,1
75026,75150,300,598,0,0,299,599,0,1
107717,107717,500,0,0,0,500,0,0,1
107721,107721,350,0,0,0,350,0,0,1
107725,107725,690,0,0,0,690,0,0,1
75030,75030,100,0,0,0,100,0,0,1
107729,107729,1000,0,0,0,1000,0,0,1
102875,102875,600,0,0,0,600,0,0,1
102879,156623,600,1200,0,0,600,1200,0,1
107733,107733,141,0,0,6,135,0,0,1
75034,75034,100,0,0,0,100,0,0,1
71304,71304,1,0,0,0,1,0,0,1
71308,71308,25,0,0,0,25,0,0,1
71312,76740,298,299,0,0,299,298,0,1
71316,71316,199,0,0,0,199,0,0,1
102883,107639,227,243,0,0,243,227,0,1
102887,102887,133,0,0,0,133,0,0,1
102891,102891,200,0,0,0,200,0,0,1
102895,102895,199,0,0,0,199,0,0,1
75038,76434,11,33,0,0,11,33,0,1
75042,75106,25,25,0,0,25,25,0,1
71320,71320,545,0,0,0,545,0,0,1
71324,71324,289,0,0,146,143,0,0,1
75046,75046,40,0,0,0,40,0,0,1
107817,107817,100,0,0,0,100,0,0,1
107825,107825,100,0,0,0,100,0,0,1
107829,107829,200,0,0,0,200,0,0,1
107897,107897,1,0,0,0,1,0,0,1
103043,103043,10,0,0,0,10,0,0,1
103047,103047,500,0,0,0,500,0,0,1
71424,71424,50,0,0,0,50,0,0,1
103051,103051,1500,0,0,1300,200,0,0,1
103055,103055,500,0,0,200,300,0,0,1
103059,103059,100,0,0,0,100,0,0,1
103063,103063,500,0,0,0,500,0,0,1
103067,103067,500,0,0,0,500,0,0,1
103071,103071,200,0,0,0,200,0,0,1
103075,103075,100,0,0,0,100,0,0,1
103079,103079,1400,0,0,1300,100,0,0,1
103083,103083,200,0,0,100,100,0,0,1
103087,103087,400,0,0,100,300,0,0,1
71428,71428,300,0,0,0,300,0,0,1
71432,71432,178,0,0,53,125,0,0,1
103091,103091,600,0,0,0,600,0,0,1
103095,112147,600,600,0,0,600,600,0,1
107905,107905,50,0,0,0,50,0,0,1
103155,103155,80,0,0,0,80,0,0,1
103159,103159,109,0,0,0,109,0,0,1
71480,71480,100,0,0,0,100,0,0,1
71484,71484,100,0,0,0,100,0,0,1
71488,71488,4,0,0,0,4,0,0,1
103163,103163,10,0,0,0,10,0,0,1
103167,103167,221,0,0,106,115,0,0,1
103171,103171,500,0,0,0,500,0,0,1
103175,103175,300,0,0,0,300,0,0,1
103179,103179,100,0,0,0,100,0,0,1
103183,103183,600,0,0,400,200,0,0,1
103187,103187,400,0,0,200,200,0,0,1
103191,103191,200,0,0,100,100,0,0,1
103195,103195,1600,0,0,200,1400,0,0,1
103199,103199,400,0,0,100,300,0,0,1
103203,103203,500,0,0,0,500,0,0,1
103207,103207,500,0,0,0,500,0,0,1
107949,107949,10,0,0,0,10,0,0,1
107953,107953,800,0,0,0,800,0,0,1
71500,71500,50,0,0,0,50,0,0,1
107957,107957,20,0,0,0,20,0,0,1
71524,71524,40,0,0,0,40,0,0,1
71528,71528,450,0,0,0,450,0,0,1
75246,75246,300,0,0,0,300,0,0,1
75250,75250,400,0,0,200,200,0,0,1
108061,108061,500,0,0,0,500,0,0,1
108065,108065,500,0,0,0,500,0,0,1
108069,108069,300,0,0,200,100,0,0,1
108073,113985,500,1000,0,0,500,1000,0,1
108077,108077,500,0,0,0,500,0,0,1
108081,108081,500,0,0,0,500,0,0,1
108085,108085,500,0,0,0,500,0,0,1
108089,108089,500,0,0,0,500,0,0,1
103287,103287,1800,0,0,1600,200,0,0,1
103291,103291,700,0,0,200,500,0,0,1
103295,103295,500,0,0,0,500,0,0,1
108093,108093,1,0,0,0,1,0,0,1
108097,108097,200,0,0,100,100,0,0,1
108101,108101,500,0,0,0,500,0,0,1
75254,75254,300,0,0,0,300,0,0,1
103299,103299,300,0,0,0,300,0,0,1
103303,103303,80,0,0,0,80,0,0,1
71532,71532,47,0,0,0,47,0,0,1
75262,75262,100,0,0,0,100,0,0,1
75266,75266,100,0,0,0,100,0,0,1
75270,78946,298,597,0,0,299,596,0,1
75274,75274,40,0,0,0,40,0,0,1
75278,75278,100,0,0,0,100,0,0,1
75282,75282,700,0,0,0,700,0,0,1
75290,75290,10,0,0,0,10,0,0,1
71536,71536,600,0,0,278,322,0,0,1
71540,71540,500,0,0,0,500,0,0,1
108105,108105,500,0,0,0,500,0,0,1
71544,71544,800,0,0,200,600,0,0,1
71552,71552,700,0,0,0,700,0,0,1
71556,71556,547,0,0,0,547,0,0,1
71560,71560,278,0,0,48,230,0,0,1
108109,108109,111,0,0,0,111,0,0,1
103307,103307,10,0,0,0,10,0,0,1
108113,108113,1083,0,0,0,1083,0,0,1
75294,75294,100,0,0,0,100,0,0,1
75298,75298,2000,0,0,300,1700,0,0,1
75306,75306,700,0,0,0,700,0,0,1
75310,75310,800,0,0,0,800,0,0,1
108161,108161,100,0,0,0,100,0,0,1
75334,75334,600,0,0,0,600,0,0,1
71640,71640,800,0,0,0,800,0,0,1
71644,71644,400,0,0,0,400,0,0,1
103379,103379,600,0,0,0,600,0,0,1
103383,112143,600,600,0,0,600,600,0,1
71648,71648,488,0,0,93,395,0,0,1
71652,71652,235,0,0,0,235,0,0,1
71656,71908,700,700,0,0,700,700,0,1
71660,71660,278,0,0,0,278,0,0,1
108165,108165,15,0,0,0,15,0,0,1
103387,103387,100,0,0,0,100,0,0,1
103391,103391,120,0,0,0,120,0,0,1
108169,108169,150,0,0,0,150,0,0,1
71664,71664,100,0,0,0,100,0,0,1
108173,108173,1000,0,0,0,1000,0,0,1
75338,75338,700,0,0,0,700,0,0,1
75342,75342,100,0,0,0,100,0,0,1
75346,75346,700,0,0,0,700,0,0,1
71668,71668,700,0,0,0,700,0,0,1
71684,71684,30,0,0,0,30,0,0,1
75430,75430,600,0,0,0,600,0,0,1
71688,71688,400,0,0,0,400,0,0,1
108233,108233,1000,0,0,0,1000,0,0,1
75434,75506,1354,1354,0,0,1354,1354,0,1
75494,80102,655,555,0,0,555,655,0,1
108329,108329,3,0,0,0,3,0,0,1
108333,108333,20,0,0,0,20,0,0,1
108337,108337,20,0,0,0,20,0,0,1
108341,108341,16,0,0,0,16,0,0,1
75498,75498,100,0,0,0,100,0,0,1
75502,75502,100,0,0,0,100,0,0,1
71732,71732,300,0,0,0,300,0,0,1
75510,75510,2,0,0,0,2,0,0,1
108345,108345,150,0,0,0,150,0,0,1
103503,103503,24,0,0,0,24,0,0,1
75514,75514,600,0,0,0,600,0,0,1
71736,71736,400,0,0,0,400,0,0,1
71740,71740,30,0,0,0,30,0,0,1
108349,108349,100,0,0,0,100,0,0,1
103507,103507,100,0,0,0,100,0,0,1
103511,103511,600,0,0,400,200,0,0,1
108357,108357,300,0,0,0,300,0,0,1
103515,103515,100,0,0,0,100,0,0,1
108361,108361,300,0,0,0,300,0,0,1
103519,103519,200,0,0,0,200,0,0,1
71744,71744,4300,0,0,4200,100,0,0,1
108365,108365,100,0,0,0,100,0,0,1
103523,103523,200,0,0,0,200,0,0,1
108369,108369,200,0,0,0,200,0,0,1
75522,75522,200,0,0,0,200,0,0,1
108373,108573,200,1000,0,0,300,900,0,1
75530,75530,300,0,0,0,300,0,0,1
75534,75534,1300,0,0,1100,200,0,0,1
103527,103527,500,0,0,0,500,0,0,1
103531,103531,300,0,0,0,300,0,0,1
103535,103535,100,0,0,0,100,0,0,1
108377,108377,200,0,0,0,200,0,0,1
103539,103539,300,0,0,0,300,0,0,1
103543,103543,100,0,0,0,100,0,0,1
103547,103547,500,0,0,0,500,0,0,1
108381,108381,100,0,0,0,100,0,0,1
103551,103551,200,0,0,0,200,0,0,1
103559,103559,200,0,0,0,200,0,0,1
103563,103563,200,0,0,0,200,0,0,1
71756,71756,300,0,0,0,300,0,0,1
71764,71764,100,0,0,0,100,0,0,1
103567,103567,100,0,0,0,100,0,0,1
103571,103571,100,0,0,0,100,0,0,1
103575,103575,100,0,0,0,100,0,0,1
75538,75538,100,0,0,0,100,0,0,1
75542,75542,100,0,0,0,100,0,0,1
71768,71768,300,0,0,0,300,0,0,1
75546,75546,3000,0,0,2800,200,0,0,1
103583,103583,200,0,0,0,200,0,0,1
71772,71772,300,0,0,0,300,0,0,1
103591,103591,100,0,0,0,100,0,0,1
103595,104915,100,100,0,0,100,100,0,1
71776,71776,100,0,0,0,100,0,0,1
103599,103599,100,0,0,0,100,0,0,1
108389,108389,100,0,0,0,100,0,0,1
75550,75550,500,0,0,0,500,0,0,1
103603,103603,100,0,0,0,100,0,0,1
103607,103607,100,0,0,0,100,0,0,1
108393,108393,100,0,0,0,100,0,0,1
103611,103611,100,0,0,0,100,0,0,1
103615,103615,200,0,0,100,100,0,0,1
103623,103623,3294,0,0,0,3294,0,0,1
103627,103627,100,0,0,0,100,0,0,1
103631,103631,363,0,0,239,124,0,0,1
103635,103635,300,0,0,0,300,0,0,1
71780,71780,60,0,0,0,60,0,0,1
71784,71784,50,0,50,0,0,0,0,1
108397,108397,20,0,20,0,0,0,0,1
71788,71788,700,0,0,400,300,0,0,1
103639,103639,100,0,0,0,100,0,0,1
75554,75554,300,0,0,0,300,0,0,1
103643,103643,100,0,0,0,100,0,0,1
108401,108401,200,0,0,0,200,0,0,1
71792,71792,1500,0,0,700,800,0,0,1
103647,103647,9300,0,0,7400,1900,0,0,1
75558,75558,100,0,0,0,100,0,0,1
103651,103651,300,0,0,0,300,0,0,1
103655,103655,500,0,0,0,500,0,0,1
103659,103659,500,0,0,0,500,0,0,1
103663,103663,500,0,0,0,500,0,0,1
75562,75562,500,0,0,0,500,0,0,1
108405,108405,1500,0,0,0,1500,0,0,1
103667,103667,916,0,0,0,916,0,0,1
103671,103671,2500,0,0,0,2500,0,0,1
108409,108409,100,0,0,0,100,0,0,1
103675,103675,100,0,0,0,100,0,0,1
103679,103679,100,0,0,0,100,0,0,1
103683,103683,100,0,0,0,100,0,0,1
71796,76436,900,2700,0,0,900,2700,0,1
71800,71800,500,0,0,0,500,0,0,1
71804,71804,800,0,0,0,800,0,0,1
71808,71808,600,0,0,0,600,0,0,1
75566,75566,500,0,0,0,500,0,0,1
71812,71812,600,0,0,0,600,0,0,1
103687,103687,3300,0,0,0,3300,0,0,1
71816,71816,450,0,0,0,450,0,0,1
75578,75578,106,0,0,0,106,0,0,1
71820,71820,1200,0,0,0,1200,0,0,1
103695,103695,895,0,0,0,895,0,0,1
103703,103703,895,0,0,0,895,0,0,1
75586,75586,2000,0,0,0,2000,0,0,1
71824,71824,600,0,0,400,200,0,0,1
108437,108437,690,0,0,0,690,0,0,1
108441,108441,900,0,0,0,900,0,0,1
75590,75590,106,0,0,0,106,0,0,1
71828,71828,1300,0,0,1200,100,0,0,1
103707,103707,800,0,0,0,800,0,0,1
108445,108445,500,0,0,0,500,0,0,1
103711,103711,500,0,0,0,500,0,0,1
108449,108449,500,0,0,0,500,0,0,1
71832,71832,2200,0,0,0,2200,0,0,1
108453,108453,40,0,0,0,40,0,0,1
103715,103715,2400,0,0,0,2400,0,0,1
75594,75594,1300,0,0,0,1300,0,0,1
108457,108457,600,0,0,500,100,0,0,1
108461,108461,700,0,0,0,700,0,0,1
108465,108465,100,0,0,0,100,0,0,1
75598,75598,1000,0,0,0,1000,0,0,1
108469,108469,220,0,0,0,220,0,0,1
71840,71840,529,0,0,0,529,0,0,1
71844,71844,486,0,0,0,486,0,0,1
108473,108473,1000,0,0,0,1000,0,0,1
75602,75602,1000,0,0,0,1000,0,0,1
75606,75606,500,0,0,0,500,0,0,1
103719,103719,363,0,0,0,363,0,0,1
103723,103723,800,0,0,0,800,0,0,1
108477,108477,300,0,0,0,300,0,0,1
103727,103727,100,0,0,0,100,0,0,1
103731,103731,400,0,0,0,400,0,0,1
71852,71852,486,0,0,386,100,0,0,1
103739,103739,300,0,0,73,227,0,0,1
108485,108485,200,0,0,0,200,0,0,1
71856,71856,296,0,0,0,296,0,0,1
75622,75622,300,0,0,0,300,0,0,1
103747,103747,400,0,0,0,400,0,0,1
71860,71860,486,0,0,0,486,0,0,1
108489,108489,100,0,0,0,100,0,0,1
71864,71864,450,0,0,0,450,0,0,1
108493,108493,100,0,0,0,100,0,0,1
108501,108501,500,0,0,0,500,0,0,1
103751,103751,300,0,0,0,300,0,0,1
108505,108505,1000,0,0,0,1000,0,0,1
108509,108509,100,0,0,0,100,0,0,1
71868,71868,300,0,0,200,100,0,0,1
71872,71872,529,0,0,0,529,0,0,1
103755,103755,500,0,0,0,500,0,0,1
103759,103759,2000,0,0,0,2000,0,0,1
71876,71876,500,0,0,0,500,0,0,1
75630,75630,200,0,0,0,200,0,0,1
75634,75634,500,0,0,0,500,0,0,1
108513,108513,500,0,0,0,500,0,0,1
71880,71880,500,0,0,0,500,0,0,1
71884,71884,450,0,0,172,278,0,0,1
71888,71888,2000,0,0,1900,100,0,0,1
71892,71892,400,0,0,0,400,0,0,1
108517,108517,300,0,0,0,300,0,0,1
108521,108521,500,0,0,0,500,0,0,1
103763,103763,500,0,0,0,500,0,0,1
103767,103767,200,0,0,0,200,0,0,1
103771,103771,500,0,0,0,500,0,0,1
75638,75638,1300,0,0,400,900,0,0,1
108525,108525,700,0,0,600,100,0,0,1
103775,103775,2400,0,0,2200,200,0,0,1
108529,108529,100,0,0,0,100,0,0,1
108533,108533,220,0,0,28,192,0,0,1
71896,71896,529,0,0,354,175,0,0,1
71900,71900,2100,0,0,100,2000,0,0,1
103779,103779,800,0,0,700,100,0,0,1
103783,103783,483,0,0,291,192,0,0,1
108537,108537,1000,0,0,900,100,0,0,1
103791,103791,100,0,0,0,100,0,0,1
103799,103799,600,0,0,500,100,0,0,1
103803,103803,182,0,0,60,122,0,0,1
71904,71904,278,0,0,47,231,0,0,1
108541,108541,500,0,0,0,500,0,0,1
71912,71912,497,0,0,368,129,0,0,1
71916,71916,800,0,0,0,800,0,0,1
103807,103807,500,0,0,0,500,0,0,1
75642,75642,500,0,0,0,500,0,0,1
103819,103819,100,0,0,0,100,0,0,1
103823,103823,500,0,0,0,500,0,0,1
103827,103827,500,0,0,0,500,0,0,1
75646,75646,500,0,0,0,500,0,0,1
71920,71920,700,0,0,0,700,0,0,1
103831,103831,500,0,0,0,500,0,0,1
103835,103835,500,0,0,0,500,0,0,1
75650,75650,100,0,0,0,100,0,0,1
75654,75654,500,0,0,0,500,0,0,1
103839,103839,3000,0,0,0,3000,0,0,1
103843,103843,500,0,0,0,500,0,0,1
108545,108545,300,0,0,200,100,0,0,1
71928,71928,200,0,0,0,200,0,0,1
103847,103847,100,0,0,0,100,0,0,1
103851,103851,400,0,0,0,400,0,0,1
103855,103855,100,0,0,0,100,0,0,1
103859,103859,1000,0,0,0,1000,0,0,1
75658,75658,500,0,0,0,500,0,0,1
103863,103863,900,0,0,800,100,0,0,1
75666,82378,500,500,0,0,500,500,0,1
103867,103867,100,0,0,0,100,0,0,1
103871,103871,900,0,0,200,700,0,0,1
108549,108549,200,0,0,100,100,0,0,1
103875,103875,100,0,0,0,100,0,0,1
108553,108553,200,0,0,0,200,0,0,1
75670,75670,300,0,0,0,300,0,0,1
103879,103879,100,0,0,0,100,0,0,1
108557,108557,200,0,0,0,200,0,0,1
108561,108561,100,0,0,0,100,0,0,1
103883,103883,200,0,0,0,200,0,0,1
108565,108565,500,0,0,0,500,0,0,1
103887,103887,318,0,0,0,318,0,0,1
103891,103891,200,0,0,0,200,0,0,1
103895,103895,500,0,0,0,500,0,0,1
103899,103899,1500,0,0,117,1383,0,0,1
103903,103903,1500,0,0,363,1137,0,0,1
103907,103907,600,0,0,500,100,0,0,1
108577,108577,400,0,0,100,300,0,0,1
103911,103911,1200,0,0,700,500,0,0,1
75678,75678,1100,0,0,500,600,0,0,1
108581,108581,1154,0,0,792,362,0,0,1
71932,71932,450,0,0,338,112,0,0,1
103915,103915,1500,0,0,0,1500,0,0,1
71936,71936,600,0,0,500,100,0,0,1
71940,71940,500,0,0,0,500,0,0,1
71944,71944,500,0,0,0,500,0,0,1
103919,103919,900,0,0,0,900,0,0,1
103923,103923,800,0,0,0,800,0,0,1
103927,103927,300,0,0,0,300,0,0,1
103931,103931,605,0,0,257,348,0,0,1
71952,71952,1000,0,0,500,500,0,0,1
71956,71956,500,0,0,300,200,0,0,1
108585,108621,500,500,0,0,500,500,0,1
103935,103935,800,0,0,0,800,0,0,1
108589,108589,1000,0,0,0,1000,0,0,1
108597,108597,178,0,0,17,161,0,0,1
103939,103939,1700,0,0,1300,400,0,0,1
71960,71960,200,0,0,0,200,0,0,1
71964,71964,500,0,0,0,500,0,0,1
108601,108601,500,0,0,0,500,0,0,1
108605,109281,300,200,0,0,200,300,0,1
103943,103943,1000,0,0,0,1000,0,0,1
75686,75686,700,0,0,0,700,0,0,1
103947,103947,500,0,0,0,500,0,0,1
103951,103951,600,0,0,0,600,0,0,1
71968,71968,500,0,0,0,500,0,0,1
71972,71972,200,0,0,0,200,0,0,1
71976,71976,500,0,0,0,500,0,0,1
71980,71980,100,0,0,0,100,0,0,1
71984,71984,500,0,0,0,500,0,0,1
103955,103955,500,0,0,300,200,0,0,1
103959,103959,1500,0,0,900,600,0,0,1
103963,103963,3000,0,0,0,3000,0,0,1
103967,103967,500,0,0,0,500,0,0,1
71988,71988,500,0,0,0,500,0,0,1
71992,71992,500,0,0,0,500,0,0,1
71996,71996,500,0,0,0,500,0,0,1
72000,72000,800,0,0,100,700,0,0,1
108609,108609,100,0,0,0,100,0,0,1
108613,108613,300,0,0,0,300,0,0,1
75690,75858,200,300,0,0,300,200,0,1
103971,103975,200,100,0,0,100,200,0,1
108617,108617,500,0,0,0,500,0,0,1
72004,72004,3000,0,0,0,3000,0,0,1
72008,72008,100,0,0,0,100,0,0,1
108625,108625,100,0,0,0,100,0,0,1
108629,108629,100,0,0,0,100,0,0,1
72012,72012,100,0,0,0,100,0,0,1
108633,108633,300,0,0,200,100,0,0,1
108637,108637,239,0,0,139,100,0,0,1
72016,72016,200,0,0,0,200,0,0,1
72020,72020,500,0,0,0,500,0,0,1
72024,72024,500,0,0,0,500,0,0,1
108641,108641,200,0,0,100,100,0,0,1
72028,72028,500,0,0,0,500,0,0,1
72032,72032,200,0,0,0,200,0,0,1
75698,75698,106,0,0,0,106,0,0,1
72036,72036,500,0,0,0,500,0,0,1
72040,72040,500,0,0,0,500,0,0,1
72044,72044,500,0,0,0,500,0,0,1
103979,103979,121,0,0,0,121,0,0,1
72048,72048,500,0,0,0,500,0,0,1
72052,72052,2000,0,0,1800,200,0,0,1
108657,108689,500,500,0,0,500,500,0,1
103983,103983,136,0,0,0,136,0,0,1
75702,75702,2000,0,0,0,2000,0,0,1
103987,103987,136,0,0,0,136,0,0,1
103991,103991,500,0,0,0,500,0,0,1
72056,72056,500,0,0,0,500,0,0,1
72060,72060,500,0,0,0,500,0,0,1
72064,72064,500,0,0,0,500,0,0,1
72068,72068,325,0,0,3,322,0,0,1
75706,75706,100,0,0,0,100,0,0,1
103999,103999,20,0,0,0,20,0,0,1
108665,108665,300,0,0,0,300,0,0,1
72076,72076,500,0,0,0,500,0,0,1
75710,75710,500,0,0,0,500,0,0,1
104007,104007,1000,0,0,500,500,0,0,1
72080,72080,938,0,0,0,938,0,0,1
108669,108669,4,0,0,0,4,0,0,1
72084,72084,1000,0,0,0,1000,0,0,1
72088,72088,561,0,0,0,561,0,0,1
108677,108937,500,500,0,0,500,500,0,1
104011,104011,600,0,0,0,600,0,0,1
108685,108685,500,0,0,0,500,0,0,1
75714,75714,500,0,0,0,500,0,0,1
72092,72108,700,700,0,0,700,700,0,1
75718,75718,800,0,0,0,800,0,0,1
108693,108693,500,0,0,0,500,0,0,1
104019,104019,100,0,0,0,100,0,0,1
72096,72096,500,0,0,0,500,0,0,1
104023,104023,300,0,0,0,300,0,0,1
72100,72100,388,0,0,55,333,0,0,1
72104,72104,234,0,0,0,234,0,0,1
108697,108697,100,0,0,0,100,0,0,1
72112,72112,700,0,0,0,700,0,0,1
72116,72116,1000,0,0,704,296,0,0,1
72120,72120,300,0,0,0,300,0,0,1
72124,72124,100,0,0,0,100,0,0,1
108709,108709,200,0,0,0,200,0,0,1
104027,104027,100,0,0,0,100,0,0,1
108713,108713,100,0,0,0,100,0,0,1
75726,75726,100,0,0,0,100,0,0,1
104039,104039,200,0,0,0,200,0,0,1
75730,75730,1000,0,0,0,1000,0,0,1
108721,108721,1000,0,0,0,1000,0,0,1
108725,108725,2000,0,0,0,2000,0,0,1
108729,108729,500,0,0,0,500,0,0,1
108733,108733,500,0,0,0,500,0,0,1
75738,75738,500,0,0,0,500,0,0,1
104043,104043,200,0,0,0,200,0,0,1
104051,104051,1058,0,0,0,1058,0,0,1
72132,72132,598,0,0,427,171,0,0,1
108737,108737,947,0,0,0,947,0,0,1
104055,104055,1500,0,0,0,1500,0,0,1
104059,104059,400,0,0,0,400,0,0,1
108741,108741,600,0,0,0,600,0,0,1
75742,75742,600,0,0,0,600,0,0,1
104063,104063,100,0,0,0,100,0,0,1
75746,75746,400,0,0,0,400,0,0,1
104067,104067,869,0,0,667,202,0,0,1
108749,108749,600,0,0,0,600,0,0,1
108753,108753,1000,0,0,0,1000,0,0,1
104071,104071,500,0,0,0,500,0,0,1
104075,104075,100,0,0,0,100,0,0,1
104079,104079,227,0,0,0,227,0,0,1
75750,75750,105,0,0,0,105,0,0,1
104083,104083,2100,0,0,1700,400,0,0,1
108757,108757,887,0,0,0,887,0,0,1
108761,108761,500,0,0,0,500,0,0,1
104091,104091,4500,0,0,0,4500,0,0,1
108765,108765,947,0,0,0,947,0,0,1
104095,104095,500,0,0,0,500,0,0,1
104099,104099,969,0,0,0,969,0,0,1
104103,104103,205,0,0,0,205,0,0,1
104107,104107,14500,0,0,0,14500,0,0,1
104111,104111,500,0,0,0,500,0,0,1
108769,108769,100,0,0,0,100,0,0,1
104115,104115,100,0,0,0,100,0,0,1
108777,108841,600,4000,0,0,4000,600,0,1
108785,108785,1500,0,0,0,1500,0,0,1
108789,108789,887,0,0,0,887,0,0,1
72148,72148,278,0,0,0,278,0,0,1
75762,75762,100,0,0,0,100,0,0,1
108797,108865,500,500,0,0,500,500,0,1
108801,108833,600,600,0,0,600,600,0,1
75766,75766,800,0,0,0,800,0,0,1
108809,108809,500,0,0,0,500,0,0,1
75770,75770,500,0,0,0,500,0,0,1
108813,108813,500,0,0,0,500,0,0,1
104119,104119,200,0,0,0,200,0,0,1
108817,108817,500,0,0,0,500,0,0,1
72152,72152,200,0,0,0,200,0,0,1
104123,104123,300,0,0,0,300,0,0,1
104127,104127,300,0,0,0,300,0,0,1
108821,108821,200,0,0,0,200,0,0,1
108825,108825,2500,0,0,2000,500,0,0,1
104131,104131,227,0,0,113,114,0,0,1
104135,104135,136,0,0,0,136,0,0,1
108829,108829,887,0,0,733,154,0,0,1
104143,104143,200,0,0,0,200,0,0,1
104147,104147,306,0,0,53,253,0,0,1
72156,72156,500,0,0,0,500,0,0,1
108845,108845,1500,0,0,0,1500,0,0,1
108861,108861,1047,0,0,547,500,0,0,1
72160,72160,348,0,0,194,154,0,0,1
75774,75774,106,0,0,0,106,0,0,1
72164,72164,212,0,0,0,212,0,0,1
72168,72168,800,0,0,511,289,0,0,1
108881,108881,947,0,0,824,123,0,0,1
108885,108885,547,0,0,0,547,0,0,1
75778,75778,106,0,0,0,106,0,0,1
72172,72172,234,0,0,0,234,0,0,1
104159,104159,1500,0,0,0,1500,0,0,1
104163,104163,1058,0,0,622,436,0,0,1
104167,105423,200,199,0,0,199,200,0,1
108893,108893,500,0,0,0,500,0,0,1
104171,104171,667,0,0,0,667,0,0,1
104175,104175,100,0,0,0,100,0,0,1
108897,108897,100,0,0,0,100,0,0,1
75782,75782,3700,0,0,3300,400,0,0,1
75786,75826,1500,1500,0,0,500,2500,0,1
75790,77570,500,500,0,0,500,500,0,1
108901,108901,700,0,0,0,700,0,0,1
75794,77546,3000,3000,0,0,3000,3000,0,1
75802,77566,500,500,0,0,500,500,0,1
108905,108905,100,0,0,0,100,0,0,1
108909,109349,500,500,0,0,500,500,0,1
75806,77338,500,500,0,0,500,500,0,1
72176,72176,500,0,0,0,500,0,0,1
72180,72180,500,0,0,0,500,0,0,1
75810,75810,1100,0,0,0,1100,0,0,1
72184,72184,100,0,0,0,100,0,0,1
72188,72188,500,0,0,0,500,0,0,1
75814,75814,500,0,0,0,500,0,0,1
75822,75822,500,0,0,0,500,0,0,1
75830,75830,500,0,0,0,500,0,0,1
72192,72192,800,0,0,0,800,0,0,1
72196,72196,600,0,0,0,600,0,0,1
72200,72200,600,0,0,0,600,0,0,1
104179,104179,15000,0,0,0,15000,0,0,1
104183,104183,1900,0,0,1600,300,0,0,1
104187,104187,9000,0,0,6000,3000,0,0,1
108913,108913,1300,0,0,0,1300,0,0,1
104191,104191,500,0,0,0,500,0,0,1
104195,104195,500,0,0,0,500,0,0,1
104199,104199,800,0,0,700,100,0,0,1
104203,104203,500,0,0,0,500,0,0,1
104207,104207,100,0,0,0,100,0,0,1
72204,72204,480,0,0,349,131,0,0,1
72208,72208,194,0,0,0,194,0,0,1
72212,72784,700,700,0,0,700,700,0,1
104211,104211,500,0,0,0,500,0,0,1
72216,72216,200,0,0,0,200,0,0,1
104215,104215,400,0,0,100,300,0,0,1
108917,108917,300,0,0,0,300,0,0,1
104219,104219,31,0,0,0,31,0,0,1
72220,72220,500,0,0,0,500,0,0,1
72224,72224,500,0,0,0,500,0,0,1
104223,104223,500,0,0,0,500,0,0,1
72228,72228,100,0,0,0,100,0,0,1
104227,104227,100,0,0,0,100,0,0,1
72232,72232,500,0,0,0,500,0,0,1
108921,108921,400,0,0,0,400,0,0,1
104231,104231,500,0,0,0,500,0,0,1
104235,104235,600,0,0,500,100,0,0,1
104239,104239,500,0,0,0,500,0,0,1
108925,108925,1300,0,0,0,1300,0,0,1
108929,108929,200,0,0,0,200,0,0,1
75842,75842,500,0,0,100,400,0,0,1
104243,104243,500,0,0,0,500,0,0,1
104247,104247,300,0,0,200,100,0,0,1
75846,75846,500,0,0,0,500,0,0,1
72236,72236,12,0,0,0,12,0,0,1
104251,104251,100,0,0,0,100,0,0,1
104255,104255,500,0,0,0,500,0,0,1
108933,108933,157,0,0,6,151,0,0,1
108941,108945,500,500,0,0,500,500,0,1
108949,108957,500,500,0,0,500,500,0,1
108953,109041,500,500,0,0,500,500,0,1
75850,75850,299,0,0,0,299,0,0,1
108961,108961,308,0,0,91,217,0,0,1
108965,108965,286,0,0,186,100,0,0,1
75854,75854,500,0,0,0,500,0,0,1
72240,72240,500,0,0,0,500,0,0,1
75862,75862,500,0,0,0,500,0,0,1
75866,75866,500,0,0,0,500,0,0,1
104275,104275,500,0,0,0,500,0,0,1
104279,104279,1000,0,0,0,1000,0,0,1
72244,72244,298,0,0,0,298,0,0,1
104283,104283,100,0,0,0,100,0,0,1
104287,104287,2000,0,0,0,2000,0,0,1
104291,104291,6000,0,0,0,6000,0,0,1
104295,104295,500,0,0,0,500,0,0,1
104299,104299,500,0,0,0,500,0,0,1
104307,104307,200,0,0,0,200,0,0,1
104311,104311,500,0,0,0,500,0,0,1
104315,104315,500,0,0,0,500,0,0,1
104327,104327,500,0,0,0,500,0,0,1
75870,75870,100,0,0,0,100,0,0,1
75874,75874,400,0,0,0,400,0,0,1
104331,104331,400,0,0,100,300,0,0,1
108969,108969,500,0,0,0,500,0,0,1
75878,75878,100,0,0,0,100,0,0,1
75882,75882,100,0,0,0,100,0,0,1
104335,104335,1061,0,0,961,100,0,0,1
104339,104339,557,0,0,407,150,0,0,1
75886,75886,500,0,0,0,500,0,0,1
104343,104343,500,0,0,0,500,0,0,1
75890,75890,500,0,0,0,500,0,0,1
108973,108973,100,0,0,0,100,0,0,1
104347,104347,500,0,0,0,500,0,0,1
104351,104351,500,0,0,0,500,0,0,1
72248,72248,400,0,0,0,400,0,0,1
75894,75894,600,0,0,0,600,0,0,1
72252,72252,400,0,0,0,400,0,0,1
72256,72256,500,0,0,0,500,0,0,1
104355,104355,500,0,0,0,500,0,0,1
104359,104359,3500,0,0,0,3500,0,0,1
75898,75898,500,0,0,0,500,0,0,1
108977,108977,100,0,0,0,100,0,0,1
75902,75902,100,0,0,0,100,0,0,1
104367,104367,856,0,0,724,132,0,0,1
104371,104371,327,0,0,1,326,0,0,1
104375,104375,1187,0,0,1061,126,0,0,1
104379,104379,100,0,0,0,100,0,0,1
72260,72260,2800,0,0,0,2800,0,0,1
108981,108981,100,0,0,0,100,0,0,1
108985,108985,20,0,0,0,20,0,0,1
108989,108989,20,0,0,0,20,0,0,1
75906,75906,100,0,0,0,100,0,0,1
108993,108993,300,0,0,0,300,0,0,1
75910,75910,500,0,0,0,500,0,0,1
104387,104387,800,0,0,0,800,0,0,1
104391,104391,1000,0,0,0,1000,0,0,1
108997,108997,500,0,0,300,200,0,0,1
109001,109001,200,0,0,0,200,0,0,1
109005,109005,100,0,0,0,100,0,0,1
75914,75914,100,0,0,0,100,0,0,1
75918,75918,500,0,0,0,500,0,0,1
75922,75922,500,0,0,0,500,0,0,1
75926,75926,100,0,0,0,100,0,0,1
75930,75930,500,0,0,0,500,0,0,1
75934,75934,500,0,0,0,500,0,0,1
75938,75938,100,0,0,0,100,0,0,1
104411,104411,300,0,0,0,300,0,0,1
75942,75942,500,0,0,0,500,0,0,1
104415,104415,1061,0,0,0,1061,0,0,1
75946,75946,500,0,0,0,500,0,0,1
104419,104419,500,0,0,0,500,0,0,1
72264,72264,1000,0,0,0,1000,0,0,1
104423,104423,127,0,0,0,127,0,0,1
75950,75950,100,0,0,0,100,0,0,1
104427,104427,500,0,0,0,500,0,0,1
104431,104431,1000,0,0,0,1000,0,0,1
75954,75954,100,0,0,0,100,0,0,1
75958,75958,500,0,0,0,500,0,0,1
104435,104435,1061,0,0,0,1061,0,0,1
104439,104439,724,0,0,586,138,0,0,1
109009,109009,100,0,0,0,100,0,0,1
109013,109013,100,0,0,0,100,0,0,1
72268,72268,200,0,0,0,200,0,0,1
75962,75962,100,0,0,0,100,0,0,1
104443,104443,100,0,0,0,100,0,0,1
104451,104819,500,1000,0,0,500,1000,0,1
104459,104459,100,0,0,0,100,0,0,1
104463,104595,500,500,0,0,500,500,0,1
109021,109021,100,0,0,0,100,0,0,1
109025,109025,100,0,0,0,100,0,0,1
104479,104479,500,0,0,0,500,0,0,1
104483,104483,2200,0,0,0,2200,0,0,1
104487,104487,100,0,0,0,100,0,0,1
104491,104491,200,0,0,100,100,0,0,1
104495,104495,303,0,0,179,124,0,0,1
72272,72272,500,0,0,300,200,0,0,1
104499,104499,500,0,0,0,500,0,0,1
72276,72276,10,0,0,0,10,0,0,1
104503,104503,500,0,0,0,500,0,0,1
104507,104679,500,500,0,0,500,500,0,1
104511,104523,500,500,0,0,500,500,0,1
104515,104515,300,0,0,0,300,0,0,1
104519,104519,100,0,0,0,100,0,0,1
104527,104527,100,0,0,0,100,0,0,1
104531,108647,500,500,0,0,500,500,0,1
109045,109045,100,0,0,0,100,0,0,1
72280,72280,500,0,0,0,500,0,0,1
104535,104535,100,0,0,0,100,0,0,1
104539,104675,500,500,0,0,500,500,0,1
109049,109049,500,0,0,0,500,0,0,1
104543,104543,300,0,0,200,100,0,0,1
104547,104547,100,0,0,0,100,0,0,1
104551,104551,100,0,0,0,100,0,0,1
104555,104555,800,0,0,700,100,0,0,1
75966,76266,600,600,0,0,600,600,0,1
72284,72284,400,0,0,0,400,0,0,1
109053,109053,100,0,0,0,100,0,0,1
109057,109057,200,0,0,0,200,0,0,1
109061,109061,500,0,0,0,500,0,0,1
104567,104567,200,0,0,100,100,0,0,1
109065,109065,200,0,0,0,200,0,0,1
109069,109069,1000,0,0,700,300,0,0,1
104571,104571,900,0,0,0,900,0,0,1
75970,75970,100,0,0,0,100,0,0,1
109073,109073,100,0,0,0,100,0,0,1
109077,109077,200,0,0,0,200,0,0,1
72288,72288,200,0,0,0,200,0,0,1
109081,109081,100,0,0,0,100,0,0,1
109085,109085,500,0,0,400,100,0,0,1
104575,104575,100,0,0,0,100,0,0,1
109089,109089,600,0,0,500,100,0,0,1
109093,109093,300,0,0,100,200,0,0,1
109097,109097,200,0,0,0,200,0,0,1
104591,104591,100,0,0,0,100,0,0,1
109101,109101,200,0,0,0,200,0,0,1
109105,109105,900,0,0,500,400,0,0,1
109109,109109,200,0,0,0,200,0,0,1
109113,109113,200,0,0,0,200,0,0,1
109117,109117,200,0,0,0,200,0,0,1
109121,109121,200,0,0,0,200,0,0,1
109125,109125,700,0,0,400,300,0,0,1
109129,109129,500,0,0,200,300,0,0,1
109133,109133,200,0,0,0,200,0,0,1
75974,75974,20,0,0,0,20,0,0,1
104603,104603,500,0,0,0,500,0,0,1
104611,105115,500,1000,0,0,500,1000,0,1
104615,104615,700,0,0,300,400,0,0,1
104619,104619,500,0,0,0,500,0,0,1
104623,104623,500,0,0,100,400,0,0,1
104627,104627,400,0,0,0,400,0,0,1
104631,104631,2500,0,0,2400,100,0,0,1
104635,104635,100,0,0,0,100,0,0,1
104639,104639,400,0,0,0,400,0,0,1
104643,104643,1000,0,0,500,500,0,0,1
104647,104647,1061,0,0,871,190,0,0,1
109137,111893,500,3000,0,0,3000,500,0,1
104651,104651,1785,0,0,0,1785,0,0,1
104655,104655,235,0,0,0,235,0,0,1
109141,109141,1500,0,0,0,1500,0,0,1
104659,104659,1782,0,0,0,1782,0,0,1
75978,75978,1600,0,0,0,1600,0,0,1
104663,104663,500,0,500,0,0,0,0,1
109145,109145,600,0,0,0,600,0,0,1
109149,110905,1000,1500,0,0,500,2000,0,1
109153,109153,119,0,0,16,103,0,0,1
109157,109157,500,0,0,0,500,0,0,1
109161,109161,500,0,0,0,500,0,0,1
104667,104667,1785,0,0,1146,639,0,0,1
109165,109165,100,0,0,0,100,0,0,1
104671,104671,400,0,0,0,400,0,0,1
72292,72292,2,0,0,0,2,0,0,1
72296,72296,486,0,0,0,486,0,0,1
75982,75982,1400,0,0,0,1400,0,0,1
75986,75986,1000,0,0,0,1000,0,0,1
75990,75990,100,0,0,0,100,0,0,1
72300,72300,938,0,0,0,938,0,0,1
72304,72304,486,0,0,0,486,0,0,1
109169,109169,1200,0,0,0,1200,0,0,1
75994,75994,200,0,0,0,200,0,0,1
104683,104683,500,0,0,0,500,0,0,1
104687,104687,400,0,0,0,400,0,0,1
104691,104691,100,0,0,0,100,0,0,1
109185,109185,100,0,0,0,100,0,0,1
104695,104695,100,0,0,0,100,0,0,1
104703,104703,1500,0,0,600,900,0,0,1
109193,109193,100,0,0,0,100,0,0,1
75998,75998,1600,0,0,400,1200,0,0,1
109197,109197,200,0,0,100,100,0,0,1
109201,109201,100,0,0,0,100,0,0,1
109209,109209,100,0,0,0,100,0,0,1
109213,109213,100,0,0,0,100,0,0,1
109217,109217,100,0,0,0,100,0,0,1
104707,104707,1100,0,0,0,1100,0,0,1
104711,104711,800,0,0,700,100,0,0,1
104715,104715,100,0,0,0,100,0,0,1
104719,104719,100,0,0,0,100,0,0,1
109221,109221,100,0,0,0,100,0,0,1
72308,72308,486,0,0,0,486,0,0,1
104723,104723,400,0,0,0,400,0,0,1
104727,104727,136,0,0,0,136,0,0,1
104735,104735,100,0,0,0,100,0,0,1
109225,109225,540,0,0,0,540,0,0,1
104739,104739,500,0,0,0,500,0,0,1
104743,104743,500,0,0,0,500,0,0,1
76002,76002,200,0,0,100,100,0,0,1
104747,104747,100,0,0,0,100,0,0,1
76006,76006,3300,0,0,2300,1000,0,0,1
76010,76010,1000,0,0,0,1000,0,0,1
76014,76014,1000,0,0,0,1000,0,0,1
72312,72312,500,0,0,0,500,0,0,1
104751,104751,100,0,0,0,100,0,0,1
104759,104759,100,0,0,0,100,0,0,1
104763,104763,100,0,0,0,100,0,0,1
104767,104767,1900,0,0,1700,200,0,0,1
104771,104771,347,0,0,0,347,0,0,1
76018,76018,100,0,0,0,100,0,0,1
76022,76022,500,0,0,0,500,0,0,1
109233,109233,100,0,0,0,100,0,0,1
104775,104775,347,0,0,0,347,0,0,1
104779,104779,1600,0,0,0,1600,0,0,1
109237,109237,100,0,0,0,100,0,0,1
104783,104783,100,0,0,0,100,0,0,1
104787,104787,347,0,0,0,347,0,0,1
104791,104791,500,0,0,0,500,0,0,1
104795,104795,347,0,0,0,347,0,0,1
72316,72316,400,0,0,0,400,0,0,1
104799,104799,500,0,0,0,500,0,0,1
76026,76154,500,200,0,0,200,500,0,1
104803,104803,100,0,0,0,100,0,0,1
109241,114401,500,900,0,0,200,1200,0,1
109249,109249,300,0,0,0,300,0,0,1
76030,76030,100,0,0,0,100,0,0,1
76034,76034,500,0,0,400,100,0,0,1
76038,76038,200,0,0,0,200,0,0,1
104807,104807,100,0,0,0,100,0,0,1
72320,72320,700,0,0,0,700,0,0,1
76042,77494,300,200,0,0,200,300,0,1
104823,104823,200,0,0,0,200,0,0,1
109257,109257,1000,0,0,500,500,0,0,1
104827,104827,1700,0,0,1600,100,0,0,1
104831,104831,347,0,0,85,262,0,0,1
109261,109261,100,0,0,0,100,0,0,1
72324,72324,2300,0,0,1900,400,0,0,1
72328,72328,200,0,0,100,100,0,0,1
109265,109265,400,0,0,300,100,0,0,1
72332,72332,561,0,0,179,382,0,0,1
109269,109269,179,0,0,70,109,0,0,1
104835,104835,595,0,0,458,137,0,0,1
104839,104839,2500,0,0,0,2500,0,0,1
72336,72336,700,0,0,0,700,0,0,1
109273,109273,500,0,0,0,500,0,0,1
72340,79104,500,1000,0,0,500,1000,0,1
104843,104843,300,0,0,100,200,0,0,1
72344,72344,500,0,0,0,500,0,0,1
76046,76046,100,0,0,0,100,0,0,1
104847,104847,100,0,0,0,100,0,0,1
76050,76050,500,0,0,0,500,0,0,1
76054,76054,100,0,0,0,100,0,0,1
76058,76058,500,0,0,0,500,0,0,1
76062,76062,400,0,0,0,400,0,0,1
76066,76066,100,0,0,0,100,0,0,1
109277,109277,200,0,0,100,100,0,0,1
104851,104851,300,0,0,0,300,0,0,1
76070,76070,100,0,0,0,100,0,0,1
104855,104855,300,0,0,0,300,0,0,1
72348,72348,100,0,0,0,100,0,0,1
104859,104859,400,0,0,0,400,0,0,1
72352,72352,100,0,0,0,100,0,0,1
76074,76074,100,0,0,0,100,0,0,1
104863,104863,11800,0,0,4500,7300,0,0,1
76078,76078,100,0,0,0,100,0,0,1
76082,76082,400,0,0,100,300,0,0,1
76086,76086,100,0,0,0,100,0,0,1
72372,72372,300,0,0,0,300,0,0,1
104867,104867,300,0,0,0,300,0,0,1
76090,76090,100,0,0,0,100,0,0,1
76094,76094,100,0,0,0,100,0,0,1
104871,104871,252,0,0,0,252,0,0,1
109285,109285,300,0,0,0,300,0,0,1
72376,72376,148,0,0,0,148,0,0,1
72380,72380,1000,0,0,900,100,0,0,1
109289,109289,1,0,0,0,1,0,0,1
109297,109297,100,0,0,0,100,0,0,1
104875,104875,100,0,0,0,100,0,0,1
104879,104879,100,0,0,0,100,0,0,1
72384,72384,428,0,0,0,428,0,0,1
109313,109313,1046,0,0,547,499,0,0,1
76098,76098,106,0,0,0,106,0,0,1
109317,109317,500,0,0,0,500,0,0,1
109321,109321,1000,0,0,0,1000,0,0,1
104887,104887,300,0,0,0,300,0,0,1
109325,109325,1200,0,0,1100,100,0,0,1
104891,104891,200,0,0,100,100,0,0,1
109329,109329,300,0,0,200,100,0,0,1
76102,76102,100,0,0,0,100,0,0,1
109333,109333,100,0,100,0,0,0,0,1
109337,109337,500,0,0,0,500,0,0,1
109341,109341,600,0,0,500,100,0,0,1
76106,76106,500,0,0,0,500,0,0,1
109345,109429,500,500,0,0,500,500,0,1
104895,104895,300,0,0,100,200,0,0,1
109353,109353,500,0,0,0,500,0,0,1
104899,104899,200,0,0,0,200,0,0,1
104903,104903,200,0,0,0,200,0,0,1
109357,109357,1000,0,0,0,1000,0,0,1
109361,109361,500,0,0,0,500,0,0,1
109365,109365,3000,0,0,0,3000,0,0,1
109369,109369,596,0,0,496,100,0,0,1
104911,104911,800,0,0,700,100,0,0,1
109373,109373,111,0,0,11,100,0,0,1
72388,72388,450,0,0,0,450,0,0,1
72392,72392,100,0,0,0,100,0,0,1
72396,76196,300,600,0,0,300,600,0,1
72400,72400,100,0,0,0,100,0,0,1
72404,72404,1000,0,0,0,1000,0,0,1
109377,109377,400,0,0,300,100,0,0,1
72408,72408,535,0,0,394,141,0,0,1
109381,109381,500,0,0,0,500,0,0,1
72412,72412,428,0,0,197,231,0,0,1
72420,72420,800,0,0,0,800,0,0,1
109385,109385,500,0,0,0,500,0,0,1
109389,109389,500,0,0,0,500,0,0,1
72424,72424,100,0,0,0,100,0,0,1
109405,109405,100,0,0,0,100,0,0,1
72428,72428,676,0,0,426,250,0,0,1
76118,76118,106,0,0,0,106,0,0,1
109413,109413,638,0,0,0,638,0,0,1
109417,109417,300,0,0,200,100,0,0,1
109421,109421,499,0,0,0,499,0,0,1
109425,109425,100,0,0,0,100,0,0,1
72432,72432,199,0,0,84,115,0,0,1
104923,106871,300,100,0,0,100,300,0,1
76122,76122,500,0,0,0,500,0,0,1
72436,72436,500,0,0,0,500,0,0,1
104927,104927,200,0,0,0,200,0,0,1
104931,104931,100,0,0,0,100,0,0,1
109433,109433,500,0,0,0,500,0,0,1
104935,104935,200,0,0,100,100,0,0,1
104943,104943,100,0,0,0,100,0,0,1
109449,109449,1046,0,0,0,1046,0,0,1
76126,76126,106,0,0,0,106,0,0,1
72440,72440,200,0,0,0,200,0,0,1
76130,76130,100,0,0,0,100,0,0,1
104947,104947,100,0,0,0,100,0,0,1
104951,104951,100,0,0,0,100,0,0,1
104955,104955,100,0,0,0,100,0,0,1
76134,76134,100,0,0,0,100,0,0,1
109457,109457,20,0,0,0,20,0,0,1
109461,109461,20,0,0,0,20,0,0,1
109465,109465,100,0,0,0,100,0,0,1
104963,104963,100,0,0,0,100,0,0,1
104967,104967,20,0,0,0,20,0,0,1
104975,104975,100,0,0,0,100,0,0,1
104983,104983,100,0,0,0,100,0,0,1
76150,76150,600,0,0,500,100,0,0,1
76158,76158,200,0,0,0,200,0,0,1
76166,76166,3000,0,169,0,2831,0,0,1
72444,72444,100,0,0,0,100,0,0,1
72448,72448,100,0,0,0,100,0,0,1
76170,76170,5000,0,0,0,5000,0,0,1
72452,72452,200,0,0,100,100,0,0,1
72456,72456,261,0,0,0,261,0,0,1
104987,104995,500,500,0,0,500,500,0,1
104991,104991,500,0,0,0,500,0,0,1
104999,104999,100,0,0,0,100,0,0,1
105003,105003,300,0,0,0,300,0,0,1
72460,72460,100,0,0,0,100,0,0,1
72464,72464,450,0,0,0,450,0,0,1
105007,105007,500,0,0,400,100,0,0,1
76178,76178,3,0,0,0,3,0,0,1
105011,105011,100,0,0,0,100,0,0,1
105015,105015,400,0,0,300,100,0,0,1
72468,72468,335,0,0,65,270,0,0,1
109485,109485,100,0,0,0,100,0,0,1
109489,109489,100,0,0,0,100,0,0,1
109501,109501,100,0,0,0,100,0,0,1
105019,105019,200,0,0,0,200,0,0,1
109505,109505,926,0,0,686,240,0,0,1
109509,109509,481,0,0,139,342,0,0,1
109513,109513,386,0,0,144,242,0,0,1
72472,72472,200,0,0,0,200,0,0,1
109517,109517,100,0,0,0,100,0,0,1
109521,109521,100,0,0,0,100,0,0,1
72476,72476,261,0,0,0,261,0,0,1
105023,105023,10,0,0,0,10,0,0,1
105027,105027,2000,0,0,0,2000,0,0,1
105031,105031,300,0,0,0,300,0,0,1
109525,109525,161,0,0,28,133,0,0,1
105035,105035,200,0,0,0,200,0,0,1
105039,105039,300,0,0,200,100,0,0,1
105043,105043,1000,0,0,0,1000,0,0,1
109529,109529,500,0,0,0,500,0,0,1
109533,109533,1386,0,0,1041,345,0,0,1
109537,109537,596,0,0,0,596,0,0,1
109541,109541,300,0,0,0,300,0,0,1
109561,109561,1420,0,0,685,735,0,0,1
76182,76182,106,0,0,0,106,0,0,1
76186,76186,300,0,0,0,300,0,0,1
76190,76190,600,0,0,0,600,0,0,1
76194,76194,500,0,0,0,500,0,0,1
76198,76198,700,0,0,200,500,0,0,1
76202,76238,299,117,0,0,117,299,0,1
72480,72480,700,0,0,0,700,0,0,1
109565,109565,100,0,0,0,100,0,0,1
109569,109569,200,0,0,0,200,0,0,1
109573,109573,200,0,0,0,200,0,0,1
76206,76206,5300,0,0,4600,700,0,0,1
76210,76210,1000,0,0,0,1000,0,0,1
76214,76214,1000,0,0,0,1000,0,0,1
76218,76218,3000,0,0,2000,1000,0,0,1
76222,76222,1000,0,0,0,1000,0,0,1
105051,105051,500,0,0,400,100,0,0,1
105055,105055,500,0,0,0,500,0,0,1
105059,105059,500,0,0,0,500,0,0,1
105063,105063,100,0,0,0,100,0,0,1
105067,105067,100,0,0,0,100,0,0,1
72484,72484,100,0,0,0,100,0,0,1
72488,72488,100,0,0,0,100,0,0,1
105075,105075,100,0,0,0,100,0,0,1
76226,76226,6000,0,0,0,6000,0,0,1
76230,76230,100,0,0,0,100,0,0,1
72492,72492,100,0,0,0,100,0,0,1
72496,72496,500,0,0,0,500,0,0,1
76234,76234,200,0,0,0,200,0,0,1
76242,76242,100,0,0,0,100,0,0,1
109593,109593,100,0,0,0,100,0,0,1
109597,109597,100,0,0,0,100,0,0,1
109601,109601,100,0,0,0,100,0,0,1
109605,109605,100,0,0,0,100,0,0,1
109609,109609,300,0,0,0,300,0,0,1
109613,109613,100,0,100,0,0,0,0,1
109617,109617,100,0,0,0,100,0,0,1
76246,76246,200,0,0,0,200,0,0,1
105079,105079,62,0,0,0,62,0,0,1
105083,105083,200,0,0,0,200,0,0,1
109621,109621,200,0,0,0,200,0,0,1
109625,109625,400,0,0,300,100,0,0,1
105087,105295,200,200,0,0,200,200,0,1
109629,109629,300,0,0,0,300,0,0,1
109633,109633,200,0,0,0,200,0,0,1
109637,109637,300,0,0,0,300,0,0,1
109641,109641,200,0,0,0,200,0,0,1
72508,72508,100,0,0,0,100,0,0,1
72512,72512,100,0,0,0,100,0,0,1
109645,109645,500,0,0,400,100,0,0,1
109649,109649,400,0,0,0,400,0,0,1
72516,72516,197,0,0,84,113,0,0,1
72520,72520,700,0,0,0,700,0,0,1
109653,109653,100,0,0,0,100,0,0,1
76250,76250,100,0,0,0,100,0,0,1
76254,76254,100,0,0,0,100,0,0,1
109665,109665,200,0,0,0,200,0,0,1
109669,109669,200,0,0,0,200,0,0,1
105091,105091,200,0,0,0,200,0,0,1
105095,105095,200,0,0,0,200,0,0,1
105099,105099,431,0,0,221,210,0,0,1
109673,109673,100,0,0,0,100,0,0,1
72528,72528,38,0,0,0,38,0,0,1
105103,105103,100,0,0,0,100,0,0,1
72532,72532,100,0,0,0,100,0,0,1
109681,109681,100,0,0,0,100,0,0,1
72536,72536,200,0,0,0,200,0,0,1
109685,109685,100,0,0,0,100,0,0,1
109689,109689,355,0,0,225,130,0,0,1
76262,76262,400,0,0,200,200,0,0,1
109693,109693,1000,0,0,0,1000,0,0,1
109697,109705,500,500,0,0,500,500,0,1
105111,105111,1000,0,0,0,1000,0,0,1
109701,109701,600,0,0,500,100,0,0,1
105119,105119,700,0,0,300,400,0,0,1
109709,109709,500,0,0,0,500,0,0,1
105123,105123,500,0,0,0,500,0,0,1
105127,105127,500,0,0,0,500,0,0,1
109713,109713,300,0,0,100,200,0,0,1
105131,105131,400,0,0,200,200,0,0,1
105135,105135,500,0,0,0,500,0,0,1
105139,105139,100,0,0,0,100,0,0,1
109717,109717,500,0,0,0,500,0,0,1
105147,105147,262,0,0,0,262,0,0,1
109725,109725,100,0,0,0,100,0,0,1
109729,111377,500,2500,0,0,500,2500,0,1
72540,72540,400,0,0,0,400,0,0,1
105151,105151,3500,0,0,0,3500,0,0,1
105155,105155,800,0,0,0,800,0,0,1
105159,105159,100,0,0,0,100,0,0,1
105163,105163,636,0,0,300,336,0,0,1
105167,105167,800,0,0,0,800,0,0,1
105171,105171,900,0,0,0,900,0,0,1
72544,72544,400,0,0,0,400,0,0,1
105175,105175,800,0,0,0,800,0,0,1
105179,105179,500,0,0,0,500,0,0,1
72548,72548,600,0,0,0,600,0,0,1
105183,105183,800,0,0,0,800,0,0,1
72552,72552,500,0,0,0,500,0,0,1
72556,72556,2800,0,0,0,2800,0,0,1
72560,72560,300,0,0,0,300,0,0,1
76270,76270,300,0,0,0,300,0,0,1
109737,109737,100,0,0,0,100,0,0,1
76274,76274,900,0,0,800,100,0,0,1
109741,109741,100,0,0,0,100,0,0,1
109745,109745,400,0,0,0,400,0,0,1
105191,105191,500,0,0,0,500,0,0,1
109749,109749,500,0,0,0,500,0,0,1
109753,109753,100,0,0,0,100,0,0,1
109757,109757,500,0,0,0,500,0,0,1
109761,109985,500,2000,0,0,500,2000,0,1
105203,105403,500,500,0,0,500,500,0,1
105207,105207,1700,0,0,1500,200,0,0,1
76278,76278,1000,0,0,0,1000,0,0,1
72564,72564,500,0,0,0,500,0,0,1
105219,105219,700,0,0,0,700,0,0,1
105223,105223,400,0,0,0,400,0,0,1
76282,76282,500,0,0,0,500,0,0,1
105227,105227,900,0,0,0,900,0,0,1
72568,72648,700,700,0,0,700,700,0,1
105235,105235,20,0,0,0,20,0,0,1
105259,105259,20,0,0,0,20,0,0,1
105263,105263,100,0,0,0,100,0,0,1
105267,105267,200,0,0,0,200,0,0,1
105279,105279,800,0,0,0,800,0,0,1
105283,105283,800,0,0,0,800,0,0,1
105287,105287,800,0,0,0,800,0,0,1
76286,76286,300,0,0,0,300,0,0,1
105315,105315,200,0,0,0,200,0,0,1
105319,105559,200,200,0,0,200,200,0,1
72572,72572,100,0,0,0,100,0,0,1
72576,72576,100,0,0,0,100,0,0,1
109769,109769,200,0,0,0,200,0,0,1
109773,109773,500,0,0,0,500,0,0,1
109777,109777,400,0,0,0,400,0,0,1
109781,109781,500,0,0,0,500,0,0,1
109785,109785,200,0,0,0,200,0,0,1
72580,72580,10,0,0,0,10,0,0,1
109789,109789,300,0,0,0,300,0,0,1
109793,109793,100,0,0,0,100,0,0,1
109797,109797,100,0,0,0,100,0,0,1
105323,105323,1,0,0,0,1,0,0,1
109801,109801,3,0,0,0,3,0,0,1
109821,109821,300,0,0,0,300,0,0,1
109825,109825,100,0,0,0,100,0,0,1
109829,109829,100,0,0,0,100,0,0,1
109833,109833,100,0,0,0,100,0,0,1
109837,109837,100,0,0,0,100,0,0,1
76306,76306,300,0,0,0,300,0,0,1
72584,72584,500,0,0,300,200,0,0,1
105327,105327,100,0,0,0,100,0,0,1
76310,76310,10,0,0,0,10,0,0,1
72588,72588,1400,0,0,0,1400,0,0,1
72592,72592,300,0,0,0,300,0,0,1
105335,105335,20,0,0,0,20,0,0,1
109841,109841,100,0,0,0,100,0,0,1
109845,109845,100,0,0,0,100,0,0,1
76314,76314,500,0,0,0,500,0,0,1
72596,72596,200,0,0,0,200,0,0,1
72600,72600,400,0,0,0,400,0,0,1
109857,111001,500,500,0,0,500,500,0,1
76318,76318,8,0,0,0,8,0,0,1
105363,105363,31,0,0,0,31,0,0,1
105367,105367,95,0,0,0,95,0,0,1
105371,105371,100,0,0,0,100,0,0,1
105375,105375,100,0,0,0,100,0,0,1
76322,76578,600,600,0,0,600,600,0,1
72604,72604,400,0,0,0,400,0,0,1
72608,72608,10,0,10,0,0,0,0,1
105379,105379,700,0,0,0,700,0,0,1
105383,105383,215,0,0,115,100,0,0,1
105387,105387,200,0,0,0,200,0,0,1
109861,109861,100,0,0,0,100,0,0,1
109865,109865,20,0,0,0,20,0,0,1
105391,105391,100,0,0,0,100,0,0,1
105395,105395,100,0,0,0,100,0,0,1
72612,72612,1500,0,0,0,1500,0,0,1
109873,109873,500,0,0,100,400,0,0,1
109877,109877,133,0,0,33,100,0,0,1
109881,109881,1000,0,0,0,1000,0,0,1
109885,109885,1000,0,0,0,1000,0,0,1
76326,76326,3,0,0,0,3,0,0,1
105399,105399,1,0,0,0,1,0,0,1
109889,109889,100,0,0,0,100,0,0,1
109893,109893,100,0,0,0,100,0,0,1
72616,72616,200,0,0,0,200,0,0,1
72620,72620,200,0,0,0,200,0,0,1
109897,109897,500,0,0,0,500,0,0,1
109901,109901,500,0,0,0,500,0,0,1
109905,109905,500,0,0,0,500,0,0,1
109909,109909,741,0,0,0,741,0,0,1
105407,105407,10,0,0,0,10,0,0,1
105411,105411,100,0,0,0,100,0,0,1
105415,105415,100,0,0,0,100,0,0,1
105419,105419,100,0,0,0,100,0,0,1
105427,105427,10,0,0,0,10,0,0,1
105431,105431,10,0,0,0,10,0,0,1
105435,105435,300,0,0,0,300,0,0,1
105439,105439,200,0,0,0,200,0,0,1
105443,105443,1200,0,0,0,1200,0,0,1
72624,72624,100,0,0,0,100,0,0,1
72628,72628,100,0,0,0,100,0,0,1
109921,109921,20,0,20,0,0,0,0,1
105447,105447,400,0,0,0,400,0,0,1
109933,109933,200,0,0,100,100,0,0,1
72632,72632,2400,0,0,1900,500,0,0,1
105451,105451,1100,0,0,0,1100,0,0,1
109941,109941,100,0,0,0,100,0,0,1
109945,109945,200,0,0,0,200,0,0,1
105455,105455,500,0,0,0,500,0,0,1
105459,105459,1000,0,0,700,300,0,0,1
105463,105463,500,0,0,0,500,0,0,1
105467,105467,2000,0,0,1900,100,0,0,1
105471,105471,500,0,0,0,500,0,0,1
105475,105475,600,0,0,500,100,0,0,1
105479,105479,500,0,0,0,500,0,0,1
105483,105483,500,0,0,0,500,0,0,1
105487,105487,500,0,0,0,500,0,0,1
105491,105491,2600,0,0,2500,100,0,0,1
105495,105495,500,0,0,0,500,0,0,1
109949,109949,500,0,0,0,500,0,0,1
105499,105499,900,0,0,800,100,0,0,1
109953,109953,20,0,0,0,20,0,0,1
105511,105511,20,0,0,0,20,0,0,1
105515,105515,20,0,0,0,20,0,0,1
72636,72636,100,0,0,0,100,0,0,1
72640,72640,100,0,0,0,100,0,0,1
105519,105519,105,0,0,0,105,0,0,1
105523,105523,2,0,0,0,2,0,0,1
109973,109973,100,0,100,0,0,0,0,1
109977,109977,100,0,0,0,100,0,0,1
76330,76330,400,0,0,0,400,0,0,1
105527,105527,5,0,0,0,5,0,0,1
72644,72644,1,0,0,0,1,0,0,1
105531,105531,100,0,0,0,100,0,0,1
105535,105535,100,0,0,0,100,0,0,1
105539,105539,100,0,0,0,100,0,0,1
105543,105543,800,0,0,0,800,0,0,1
105547,105547,400,0,0,0,400,0,0,1
105551,105551,900,0,0,0,900,0,0,1
105555,105555,700,0,0,0,700,0,0,1
109989,109989,100,0,0,0,100,0,0,1
76334,76334,300,0,0,200,100,0,0,1
105563,105563,200,0,0,0,200,0,0,1
105567,105567,500,0,0,0,500,0,0,1
72656,72656,4000,0,0,0,4000,0,0,1
76338,76338,200,0,0,0,200,0,0,1
76342,76342,1,0,0,0,1,0,0,1
72660,72660,100,0,0,0,100,0,0,1
105571,105571,900,0,0,0,900,0,0,1
72664,72664,100,0,0,0,100,0,0,1
72668,72668,100,0,0,0,100,0,0,1
109997,109997,100,0,0,0,100,0,0,1
110001,110001,100,0,0,0,100,0,0,1
72672,72672,800,0,0,0,800,0,0,1
76346,76346,4000,0,0,0,4000,0,0,1
110005,110005,300,0,0,0,300,0,0,1
110009,110009,800,0,0,0,800,0,0,1
110013,110013,2,0,0,0,2,0,0,1
76350,76350,1000,0,0,0,1000,0,0,1
110017,110017,30,0,0,0,30,0,0,1
110021,110021,30,0,0,0,30,0,0,1
110025,110025,30,0,0,0,30,0,0,1
110029,110029,30,0,0,0,30,0,0,1
110033,110033,500,0,0,0,500,0,0,1
110037,110037,500,0,0,0,500,0,0,1
110041,110041,500,0,0,0,500,0,0,1
110045,110089,500,1500,0,0,500,1500,0,1
110049,110049,100,0,0,0,100,0,0,1
110057,110057,221,0,0,61,160,0,0,1
105583,105583,20,0,0,0,20,0,0,1
105591,105591,20,0,0,0,20,0,0,1
110069,110069,100,0,0,0,100,0,0,1
105595,105595,100,0,0,0,100,0,0,1
105599,105599,100,0,0,0,100,0,0,1
105603,105603,100,0,0,0,100,0,0,1
110073,110073,100,0,0,0,100,0,0,1
76354,76354,100,0,0,0,100,0,0,1
110077,110077,100,0,0,0,100,0,0,1
110081,110081,60,0,0,0,60,0,0,1
110093,110093,100,0,0,0,100,0,0,1
110097,110097,100,0,0,0,100,0,0,1
110117,110117,100,0,0,0,100,0,0,1
76358,76358,1000,0,0,0,1000,0,0,1
105607,105607,195,0,0,0,195,0,0,1
105611,105611,200,0,0,0,200,0,0,1
72676,72676,2,0,0,0,2,0,0,1
76362,76362,100,0,0,0,100,0,0,1
76366,76366,500,0,0,0,500,0,0,1
76370,76370,500,0,0,0,500,0,0,1
76374,76374,500,0,0,0,500,0,0,1
76378,76378,500,0,0,0,500,0,0,1
110129,110129,2,0,0,0,2,0,0,1
110133,110133,1500,0,0,0,1500,0,0,1
105615,105615,1146,0,0,0,1146,0,0,1
76382,76382,106,0,0,0,106,0,0,1
110149,110149,1282,0,0,0,1282,0,0,1
105623,105623,1146,0,0,0,1146,0,0,1
110169,110169,1421,0,0,628,793,0,0,1
76386,76386,106,0,0,0,106,0,0,1
110173,110173,500,0,0,0,500,0,0,1
105631,105631,500,0,0,0,500,0,0,1
105635,105635,200,0,0,0,200,0,0,1
110177,110177,597,0,0,0,597,0,0,1
110181,110181,1500,0,0,0,1500,0,0,1
105639,105639,1146,0,0,0,1146,0,0,1
72680,72680,450,0,0,0,450,0,0,1
76394,76394,100,0,0,0,100,0,0,1
72684,72684,100,0,0,0,100,0,0,1
105643,105643,100,0,0,0,100,0,0,1
110185,110185,597,0,0,0,597,0,0,1
72688,72688,450,0,0,0,450,0,0,1
105647,105647,1146,0,0,0,1146,0,0,1
105651,105651,100,0,0,0,100,0,0,1
72692,72692,60,0,0,0,60,0,0,1
110189,110189,70,0,0,0,70,0,0,1
110193,110193,597,0,0,209,388,0,0,1
105663,105663,400,0,0,0,400,0,0,1
72696,72696,450,0,0,268,182,0,0,1
110197,110197,1500,0,0,0,1500,0,0,1
105667,105667,1146,0,0,0,1146,0,0,1
105671,105671,1100,0,0,0,1100,0,0,1
76410,76410,106,0,0,0,106,0,0,1
72700,72700,318,0,0,3,315,0,0,1
72704,72704,400,0,0,0,400,0,0,1
110217,110217,1282,0,0,350,932,0,0,1
110221,110221,4,0,0,0,4,0,0,1
110225,110225,100,0,0,0,100,0,0,1
110229,110229,100,0,0,0,100,0,0,1
110233,110233,108,0,0,0,108,0,0,1
105679,105679,2000,0,0,200,1800,0,0,1
105683,105683,500,0,0,0,500,0,0,1
105687,105687,1112,0,0,751,361,0,0,1
105691,105691,1500,0,0,895,605,0,0,1
110237,110317,500,500,0,0,500,500,0,1
105695,105695,1500,0,0,1248,252,0,0,1
105699,105699,8,0,8,0,0,0,0,1
105703,105703,100,0,0,0,100,0,0,1
72708,72708,100,0,0,0,100,0,0,1
105711,105711,100,0,0,0,100,0,0,1
72712,72712,100,0,0,0,100,0,0,1
72716,72716,100,0,0,0,100,0,0,1
105715,105715,100,0,0,0,100,0,0,1
76426,76426,100,0,0,0,100,0,0,1
110241,110241,100,0,94,0,6,0,0,1
76430,76430,100,0,0,0,100,0,0,1
110245,110245,20,0,0,0,20,0,0,1
110249,110249,100,0,0,0,100,0,0,1
110253,110253,100,0,0,0,100,0,0,1
110257,110257,100,0,0,0,100,0,0,1
72720,72720,100,0,0,0,100,0,0,1
72724,72724,500,0,0,400,100,0,0,1
110273,110273,793,0,0,661,132,0,0,1
105723,105723,2600,0,0,2400,200,0,0,1
105727,105727,3000,0,0,2900,100,0,0,1
72728,72728,428,0,0,304,124,0,0,1
110277,110277,160,0,0,0,160,0,0,1
110281,110281,100,0,0,0,100,0,0,1
72732,72732,300,0,0,31,269,0,0,1
105731,105731,80,0,0,0,80,0,0,1
110289,110289,108,0,0,8,100,0,0,1
76442,76442,200,0,0,0,200,0,0,1
110293,110293,100,0,0,0,100,0,0,1
110297,110297,100,0,0,0,100,0,0,1
110301,110301,123,0,0,0,123,0,0,1
76446,76446,30,0,0,0,30,0,0,1
105735,105735,50,0,50,0,0,0,0,1
72744,72744,23,0,0,0,23,0,0,1
72748,72748,60,0,0,0,60,0,0,1
76450,80238,299,300,0,0,300,299,0,1
76454,76454,1,0,0,0,1,0,0,1
76458,76458,100,0,0,0,100,0,0,1
76462,76462,100,0,0,0,100,0,0,1
76466,76466,100,0,0,0,100,0,0,1
72752,72752,55,0,0,0,55,0,0,1
110313,110313,900,0,0,0,900,0,0,1
76470,76470,4000,0,0,0,4000,0,0,1
110321,110321,500,0,0,0,500,0,0,1
110325,110749,500,3000,0,0,500,3000,0,1
110333,110333,100,0,0,0,100,0,0,1
110345,110345,50,0,0,0,50,0,0,1
76474,76474,1700,0,0,1400,300,0,0,1
110349,110349,100,0,0,0,100,0,0,1
105751,105751,23,0,23,0,0,0,0,1
110353,110353,1,0,0,0,1,0,0,1
105759,105759,100,0,0,0,100,0,0,1
105763,105763,2500,0,0,0,2500,0,0,1
105767,105767,30,0,0,0,30,0,0,1
76478,76478,17,0,0,0,17,0,0,1
105771,105771,100,0,0,0,100,0,0,1
105775,105775,623,0,0,403,220,0,0,1
72756,72756,700,0,0,0,700,0,0,1
110357,110397,300,200,0,0,200,300,0,1
105779,105779,300,0,0,0,300,0,0,1
105783,105783,1000,0,0,0,1000,0,0,1
76482,76482,300,0,0,0,300,0,0,1
105787,105787,1000,0,0,0,1000,0,0,1
105791,105791,100,0,0,0,100,0,0,1
105795,105795,334,0,0,56,278,0,0,1
105799,105799,363,0,0,100,263,0,0,1
110373,110745,300,900,0,0,200,1000,0,1
76486,76486,800,0,0,200,600,0,0,1
105803,105803,1000,0,0,0,1000,0,0,1
76490,76490,100,0,0,0,100,0,0,1
110385,110385,100,0,0,0,100,0,0,1
105807,105807,500,0,0,0,500,0,0,1
105811,105811,700,0,0,300,400,0,0,1
76494,76494,100,0,0,0,100,0,0,1
105815,105815,347,0,0,148,199,0,0,1
72760,72760,197,0,0,0,197,0,0,1
105819,105819,100,0,0,0,100,0,0,1
105823,105823,100,0,0,0,100,0,0,1
110401,110401,100,0,0,0,100,0,0,1
110405,110405,106,0,0,6,100,0,0,1
76498,76498,100,0,0,0,100,0,0,1
76502,76502,100,0,0,0,100,0,0,1
72764,72764,100,0,0,0,100,0,0,1
110413,118337,300,600,0,0,300,600,0,1
110417,110417,100,0,0,0,100,0,0,1
110425,110425,100,0,0,0,100,0,0,1
76506,76506,1000,0,0,0,1000,0,0,1
105827,105827,135,0,0,0,135,0,0,1
76510,76510,22,0,0,0,22,0,0,1
110437,110437,61,0,0,0,61,0,0,1
76514,76514,179,0,0,65,114,0,0,1
105831,105831,334,0,0,14,320,0,0,1
105835,105835,200,0,0,0,200,0,0,1
110445,110445,426,0,0,318,108,0,0,1
110449,110449,500,0,0,0,500,0,0,1
110453,110453,1064,0,0,964,100,0,0,1
110457,110457,500,0,0,0,500,0,0,1
110461,110461,100,0,0,0,100,0,0,1
110465,110465,1062,0,0,765,297,0,0,1
110469,110469,100,0,0,0,100,0,0,1
110473,110473,600,0,0,500,100,0,0,1
110477,110477,100,0,0,0,100,0,0,1
110481,110481,100,0,0,0,100,0,0,1
110489,110489,2,0,0,0,2,0,0,1
76522,76522,1,0,0,0,1,0,0,1
105839,105839,3000,0,0,0,3000,0,0,1
105843,105843,5,0,0,0,5,0,0,1
110493,119265,700,3300,0,0,700,3300,0,1
110497,110497,800,0,0,0,800,0,0,1
105847,105847,1700,0,0,1600,100,0,0,1
105851,105851,1800,0,0,1600,200,0,0,1
105855,105855,500,0,0,0,500,0,0,1
105859,105859,500,0,0,0,500,0,0,1
105863,105863,1000,0,0,600,400,0,0,1
105867,105867,500,0,0,0,500,0,0,1
105871,105871,100,0,0,0,100,0,0,1
105875,105875,100,0,0,0,100,0,0,1
72772,72772,300,0,0,200,100,0,0,1
72776,72776,100,0,0,0,100,0,0,1
72780,72780,700,0,0,0,700,0,0,1
72788,72788,100,0,0,0,100,0,0,1
72792,72792,211,0,0,108,103,0,0,1
72796,74324,800,3100,0,0,700,3200,0,1
110505,110505,270,0,0,0,270,0,0,1
110509,110509,236,0,0,0,236,0,0,1
72804,72804,194,0,0,94,100,0,0,1
72808,72808,700,0,0,0,700,0,0,1
105887,105887,20,0,0,0,20,0,0,1
105891,105891,20,0,0,0,20,0,0,1
105899,105899,100,0,0,0,100,0,0,1
105903,105903,300,0,0,0,300,0,0,1
105907,105907,114,0,0,0,114,0,0,1
105935,105935,1,0,0,0,1,0,0,1
105939,105939,100,0,0,0,100,0,0,1
105951,105951,800,0,0,400,400,0,0,1
76530,76530,50,0,0,0,50,0,0,1
105955,105955,200,0,0,0,200,0,0,1
105959,105959,1000,0,0,0,1000,0,0,1
110533,110533,4,0,0,0,4,0,0,1
105971,105971,100,0,0,0,100,0,0,1
105975,105975,100,0,0,0,100,0,0,1
105979,105979,500,0,0,0,500,0,0,1
72816,72816,1500,0,0,0,1500,0,0,1
105983,105983,1000,0,0,0,1000,0,0,1
76534,76534,2000,0,0,0,2000,0,0,1
76538,76538,2,0,0,0,2,0,0,1
110541,110541,2,0,0,0,2,0,0,1
76542,76542,1,0,0,0,1,0,0,1
110545,110545,1,0,0,0,1,0,0,1
105987,105987,300,0,0,0,300,0,0,1
105991,105991,2,0,0,0,2,0,0,1
105995,105995,200,0,0,0,200,0,0,1
105999,105999,1,0,0,0,1,0,0,1
76550,76550,100,0,0,0,100,0,0,1
76554,76554,100,0,0,0,100,0,0,1
106003,106003,20,0,0,0,20,0,0,1
110565,110565,50,0,0,0,50,0,0,1
106007,106007,159,0,0,0,159,0,0,1
76558,76558,251,0,0,0,251,0,0,1
110573,110573,100,0,0,0,100,0,0,1
110577,110577,100,0,0,0,100,0,0,1
72820,72820,280,0,0,0,280,0,0,1
106011,106011,1000,0,0,0,1000,0,0,1
106015,106015,2,0,0,0,2,0,0,1
72824,72824,1900,0,0,1500,400,0,0,1
72828,72828,100,0,0,0,100,0,0,1
72832,72832,100,0,0,0,100,0,0,1
106019,106019,2,0,0,0,2,0,0,1
76562,76562,70,0,0,0,70,0,0,1
72836,72836,4,0,0,0,4,0,0,1
76566,76566,70,0,70,0,0,0,0,1
76570,76570,100,0,0,0,100,0,0,1
106023,106023,800,0,0,0,800,0,0,1
72840,72840,400,0,0,0,400,0,0,1
106027,106027,400,0,0,0,400,0,0,1
106031,106031,100,0,0,0,100,0,0,1
106035,106035,800,0,0,700,100,0,0,1
76582,76582,20,0,0,0,20,0,0,1
106039,106039,900,0,0,0,900,0,0,1
110589,110589,300,0,0,0,300,0,0,1
106043,106043,1700,0,0,0,1700,0,0,1
76586,76586,1300,0,0,1200,100,0,0,1
76594,76594,3000,0,0,0,3000,0,0,1
76598,76598,500,0,0,0,500,0,0,1
76602,76602,22,0,0,0,22,0,0,1
76606,76606,500,0,0,0,500,0,0,1
76614,76614,100,0,0,0,100,0,0,1
76618,76618,1300,0,0,0,1300,0,0,1
76626,76626,100,0,0,0,100,0,0,1
106047,106047,900,0,0,0,900,0,0,1
76630,76630,100,0,0,0,100,0,0,1
106051,106051,400,0,0,0,400,0,0,1
72844,73340,700,700,0,0,700,700,0,1
106055,106055,800,0,0,0,800,0,0,1
106059,106059,800,0,0,700,100,0,0,1
106063,106063,800,0,0,700,100,0,0,1
76634,76634,100,0,0,0,100,0,0,1
76638,76638,800,0,0,300,500,0,0,1
106067,106067,500,0,0,400,100,0,0,1
76642,76642,1200,0,0,0,1200,0,0,1
76646,76646,1200,0,0,1100,100,0,0,1
110605,110605,168,0,0,40,128,0,0,1
72848,72848,100,0,0,0,100,0,0,1
110609,110609,645,0,0,0,645,0,0,1
106079,106079,1146,0,0,0,1146,0,0,1
106083,106083,215,0,0,115,100,0,0,1
106087,106087,400,0,0,200,200,0,0,1
76654,76654,600,0,0,0,600,0,0,1
106091,106091,6000,0,0,5100,900,0,0,1
76658,76658,1300,0,0,0,1300,0,0,1
110617,110617,200,0,0,0,200,0,0,1
106099,106099,200,0,0,0,200,0,0,1
110621,110621,100,0,0,0,100,0,0,1
110625,110625,200,0,0,0,200,0,0,1
110637,110637,1235,0,0,139,1096,0,0,1
76662,76662,188,0,0,0,188,0,0,1
72852,72852,300,0,0,0,300,0,0,1
110641,110641,100,0,0,0,100,0,0,1
72856,72856,100,0,0,0,100,0,0,1
106111,106111,20,0,0,0,20,0,0,1
106115,106115,20,0,0,0,20,0,0,1
106119,106119,636,0,0,0,636,0,0,1
76666,76666,1200,0,0,0,1200,0,0,1
72860,72860,500,0,0,400,100,0,0,1
106123,106123,500,0,0,400,100,0,0,1
106127,106127,300,0,0,0,300,0,0,1
72864,72864,500,0,0,400,100,0,0,1
76670,76670,1000,0,0,0,1000,0,0,1
106131,106131,500,0,0,0,500,0,0,1
76678,76678,400,0,0,0,400,0,0,1
110653,110653,751,0,0,0,751,0,0,1
110657,110657,193,0,0,93,100,0,0,1
72868,72868,450,0,0,0,450,0,0,1
110661,110661,100,0,0,0,100,0,0,1
76682,76682,1300,0,0,0,1300,0,0,1
72876,72876,100,0,0,0,100,0,0,1
106135,106135,100,0,0,0,100,0,0,1
72880,72880,500,0,0,0,500,0,0,1
72884,72884,1200,0,0,0,1200,0,0,1
72888,72888,500,0,0,0,500,0,0,1
106139,106139,2200,0,0,0,2200,0,0,1
106143,106143,100,0,0,0,100,0,0,1
76686,76686,700,0,0,0,700,0,0,1
76690,76690,600,0,0,100,500,0,0,1
76694,76694,500,0,0,0,500,0,0,1
106147,106147,871,0,0,0,871,0,0,1
110665,110665,1139,0,0,281,858,0,0,1
72892,72892,507,0,0,405,102,0,0,1
106151,106151,23200,0,0,0,23200,0,0,1
72896,72896,450,0,0,0,450,0,0,1
106155,106155,1500,0,0,1293,207,0,0,1
72900,72900,400,0,0,0,400,0,0,1
72904,72916,800,1600,0,0,800,1600,0,1
76698,76698,400,0,0,100,300,0,0,1
72908,72908,131,0,0,0,131,0,0,1
106163,106163,1000,0,0,0,1000,0,0,1
110673,110673,300,0,0,0,300,0,0,1
106167,106167,500,0,0,0,500,0,0,1
106171,106171,100,0,0,0,100,0,0,1
106183,106183,500,0,0,0,500,0,0,1
72920,72920,350,0,0,189,161,0,0,1
72924,72924,262,0,0,146,116,0,0,1
72928,72928,641,0,0,0,641,0,0,1
72932,72932,694,0,0,394,300,0,0,1
72936,72936,700,0,0,0,700,0,0,1
72940,73064,700,700,0,0,700,700,0,1
72944,72944,100,0,0,0,100,0,0,1
76702,76702,1000,0,0,0,1000,0,0,1
76706,76706,200,0,0,0,200,0,0,1
72948,72948,304,0,0,0,304,0,0,1
72952,72952,377,0,0,0,377,0,0,1
110677,110677,300,0,0,0,300,0,0,1
110681,110681,300,0,0,200,100,0,0,1
110685,110685,100,0,0,0,100,0,0,1
106187,106187,1000,0,0,0,1000,0,0,1
72956,72956,500,0,0,0,500,0,0,1
72960,72960,600,0,0,0,600,0,0,1
72964,72964,800,0,0,0,800,0,0,1
106191,106191,3300,0,0,0,3300,0,0,1
76710,76710,500,0,0,0,500,0,0,1
72968,72968,600,0,0,0,600,0,0,1
72972,72972,1200,0,0,0,1200,0,0,1
76714,76714,11,0,0,0,11,0,0,1
76718,76718,100,0,0,0,100,0,0,1
76722,76722,100,0,0,0,100,0,0,1
72976,72976,200,0,0,0,200,0,0,1
106195,106195,100,0,0,0,100,0,0,1
106199,106199,100,0,0,0,100,0,0,1
106203,106203,100,0,0,0,100,0,0,1
76726,76726,1200,0,0,0,1200,0,0,1
72980,72980,572,0,0,350,222,0,0,1
72984,72984,500,0,0,0,500,0,0,1
72988,72988,525,0,0,42,483,0,0,1
72992,72992,500,0,0,0,500,0,0,1
76730,76730,1200,0,0,0,1200,0,0,1
76734,76734,100,0,0,0,100,0,0,1
110689,110689,100,0,0,0,100,0,0,1
72996,72996,7,0,0,0,7,0,0,1
73000,73000,7,0,0,0,7,0,0,1
73004,73004,12,0,0,0,12,0,0,1
73008,73008,10,0,0,0,10,0,0,1
110693,110693,2,0,0,0,2,0,0,1
76738,76738,1300,0,0,0,1300,0,0,1
76742,76742,100,0,0,0,100,0,0,1
73012,73012,500,0,0,0,500,0,0,1
73016,73016,210,0,0,0,210,0,0,1
73020,73020,210,0,210,0,0,0,0,1
76750,76750,400,0,0,0,400,0,0,1
106211,106211,871,0,0,730,141,0,0,1
73024,73024,450,0,0,152,298,0,0,1
73028,73028,450,0,0,319,131,0,0,1
110697,110697,933,0,0,0,933,0,0,1
106215,106215,10,0,0,0,10,0,0,1
76758,76758,2600,0,0,2400,200,0,0,1
73032,73032,600,0,0,0,600,0,0,1
106219,106219,1413,0,0,0,1413,0,0,1
73036,73036,377,0,0,0,377,0,0,1
73040,73040,1600,0,0,0,1600,0,0,1
73044,73044,377,0,0,0,377,0,0,1
106223,106223,1413,0,0,0,1413,0,0,1
73048,73048,600,0,0,0,600,0,0,1
73052,73052,1600,0,0,0,1600,0,0,1
76766,76766,2000,0,0,0,2000,0,0,1
73056,73056,600,0,0,0,600,0,0,1
73060,73060,600,0,0,0,600,0,0,1
106227,106227,134,0,0,0,134,0,0,1
110713,110713,1500,0,0,1000,500,0,0,1
110717,110717,1000,0,0,0,1000,0,0,1
110721,110721,100,0,0,0,100,0,0,1
106239,106239,1344,0,0,958,386,0,0,1
76770,76770,300,0,0,0,300,0,0,1
76774,76774,2000,0,0,0,2000,0,0,1
106243,106243,500,0,0,0,500,0,0,1
106247,106247,500,0,0,0,500,0,0,1
110725,110725,500,0,0,0,500,0,0,1
73072,77424,300,1700,0,0,200,1800,0,1
110729,110729,1500,0,0,1000,500,0,0,1
73076,73076,377,0,0,0,377,0,0,1
73080,73080,1600,0,0,0,1600,0,0,1
76782,76782,2000,0,0,0,2000,0,0,1
106251,106251,1413,0,0,0,1413,0,0,1
73084,73084,600,0,0,0,600,0,0,1
73088,73088,377,0,0,0,377,0,0,1
76790,76790,2000,0,0,0,2000,0,0,1
73092,73092,1600,0,0,0,1600,0,0,1
73096,73096,1600,0,0,0,1600,0,0,1
76798,76798,2000,0,0,0,2000,0,0,1
73100,73100,377,0,0,0,377,0,0,1
76802,76802,100,0,0,0,100,0,0,1
106255,110027,200,400,0,0,200,400,0,1
76806,76806,500,0,0,0,500,0,0,1
73104,73104,200,0,0,0,200,0,0,1
73108,73108,500,0,0,0,500,0,0,1
106259,106259,2000,0,0,0,2000,0,0,1
110753,110753,100,0,0,0,100,0,0,1
76810,76810,100,0,0,0,100,0,0,1
110757,110757,236,0,0,0,236,0,0,1
76814,76814,100,0,0,0,100,0,0,1
110765,110765,100,0,0,0,100,0,0,1
106267,106267,100,0,0,0,100,0,0,1
106271,106271,400,0,0,0,400,0,0,1
76818,76818,100,0,0,0,100,0,0,1
76822,76822,2400,0,0,152,2248,0,0,1
110769,110769,1000,0,0,0,1000,0,0,1
110773,110773,500,0,0,0,500,0,0,1
76826,76826,100,0,0,0,100,0,0,1
76830,76830,2400,0,0,152,2248,0,0,1
110777,110777,100,0,0,0,100,0,0,1
110781,110781,1000,0,0,0,1000,0,0,1
76834,76834,5,0,0,0,5,0,0,1
76838,76838,2400,0,0,152,2248,0,0,1
76842,76842,100,0,0,0,100,0,0,1
76850,76850,1200,0,0,0,1200,0,0,1
76854,76854,2400,0,0,152,2248,0,0,1
73112,73112,600,0,0,0,600,0,0,1
73116,73116,377,0,0,0,377,0,0,1
106275,106275,1413,0,0,0,1413,0,0,1
73120,73120,1600,0,0,0,1600,0,0,1
76858,76858,2000,0,0,0,2000,0,0,1
76862,76862,100,0,0,0,100,0,0,1
76866,76866,2400,0,0,152,2248,0,0,1
76870,76870,100,0,0,0,100,0,0,1
110793,110793,20,0,0,0,20,0,0,1
76874,76874,2400,0,0,2251,149,0,0,1
76878,76878,100,0,0,0,100,0,0,1
76886,76886,2000,0,0,0,2000,0,0,1
73124,73124,1600,0,0,0,1600,0,0,1
73128,73128,377,0,0,0,377,0,0,1
76890,76890,2400,0,0,451,1949,0,0,1
76894,76894,100,0,0,0,100,0,0,1
76898,76898,100,0,0,0,100,0,0,1
110801,110801,200,0,0,100,100,0,0,1
110805,110805,20,0,0,0,20,0,0,1
106279,106279,1413,0,0,1057,356,0,0,1
73132,73132,600,0,0,0,600,0,0,1
73136,73136,1600,0,0,0,1600,0,0,1
76906,76906,2000,0,0,1400,600,0,0,1
73140,73140,377,0,0,188,189,0,0,1
110813,110813,20,0,0,0,20,0,0,1
76910,76910,300,0,0,200,100,0,0,1
73144,73144,350,0,0,0,350,0,0,1
110829,110829,60,0,0,0,60,0,0,1
73148,73148,100,0,0,0,100,0,0,1
106295,106295,20,0,0,0,20,0,0,1
110833,110833,100,0,0,0,100,0,0,1
110837,110837,10,0,0,0,10,0,0,1
106299,106299,1932,0,0,1605,327,0,0,1
76914,76914,2000,0,0,0,2000,0,0,1
76918,76918,100,0,0,0,100,0,0,1
76922,76922,2900,0,0,2000,900,0,0,1
76926,76926,900,0,0,500,400,0,0,1
110841,110841,500,0,0,0,500,0,0,1
73152,73152,700,0,0,0,700,0,0,1
76930,76930,700,0,0,0,700,0,0,1
76934,76934,500,0,0,0,500,0,0,1
76938,76938,100,0,0,0,100,0,0,1
76942,76942,100,0,0,0,100,0,0,1
106303,106303,100,0,0,0,100,0,0,1
73156,73156,100,0,0,0,100,0,0,1
76954,76954,116,0,0,0,116,0,0,1
76958,77434,11,11,0,0,11,11,0,1
73160,73160,500,0,0,0,500,0,0,1
73164,73164,500,0,0,0,500,0,0,1
106307,106307,6,0,0,0,6,0,0,1
76962,76962,1300,0,0,0,1300,0,0,1
76966,76966,600,0,0,0,600,0,0,1
76970,76970,600,0,0,0,600,0,0,1
76974,76974,600,0,0,0,600,0,0,1
76978,76978,5,0,0,0,5,0,0,1
73168,73168,100,0,0,0,100,0,0,1
76982,76982,400,0,0,0,400,0,0,1
76990,76990,400,0,0,0,400,0,0,1
76994,76994,500,0,0,0,500,0,0,1
106311,106311,50,0,50,0,0,0,0,1
106315,106315,1000,0,0,0,1000,0,0,1
106319,106319,1000,0,0,0,1000,0,0,1
106323,106323,1000,0,0,0,1000,0,0,1
110861,110861,362,0,0,52,310,0,0,1
76998,76998,600,0,0,100,500,0,0,1
77002,77002,100,0,0,0,100,0,0,1
77006,77006,100,0,0,0,100,0,0,1
73172,73172,100,0,0,0,100,0,0,1
73176,73176,100,0,0,0,100,0,0,1
110865,110865,50,0,0,0,50,0,0,1
77010,77010,100,0,0,0,100,0,0,1
77014,77014,1000,0,0,0,1000,0,0,1
73180,73180,200,0,0,0,200,0,0,1
106331,106331,100,0,0,0,100,0,0,1
73184,73184,100,0,0,0,100,0,0,1
73188,73188,300,0,0,0,300,0,0,1
73192,73192,300,0,0,0,300,0,0,1
110869,110869,307,0,0,0,307,0,0,1
77018,77018,1200,0,0,0,1200,0,0,1
77022,77022,100,0,0,0,100,0,0,1
77026,77026,15000,0,0,0,15000,0,0,1
106339,108999,2500,2300,0,0,2300,2500,0,1
110881,110881,500,0,0,0,500,0,0,1
77030,77030,600,0,0,300,300,0,0,1
77034,77034,600,0,0,300,300,0,0,1
77038,77038,300,0,0,0,300,0,0,1
77042,77042,300,0,0,0,300,0,0,1
106343,106343,300,0,0,100,200,0,0,1
106347,106347,8000,0,0,0,8000,0,0,1
106351,106351,200,0,0,0,200,0,0,1
77046,80858,300,700,0,0,200,800,0,1
73196,73196,100,0,0,0,100,0,0,1
106355,106355,200,0,0,0,200,0,0,1
77050,77050,100,0,0,0,100,0,0,1
77054,77054,100,0,0,0,100,0,0,1
110893,110893,200,0,0,0,200,0,0,1
110897,110897,200,0,0,0,200,0,0,1
110901,110901,1000,0,0,0,1000,0,0,1
73212,73212,120,0,0,0,120,0,0,1
106359,106359,100,0,0,0,100,0,0,1
110909,110909,500,0,0,0,500,0,0,1
73220,73220,300,0,0,0,300,0,0,1
73224,73224,188,0,0,0,188,0,0,1
73228,73228,800,0,0,0,800,0,0,1
110913,110913,100,0,0,0,100,0,0,1
73232,73232,1330,0,0,0,1330,0,0,1
77058,77058,500,0,0,0,500,0,0,1
77062,77062,800,0,0,0,800,0,0,1
77066,77066,46,0,0,0,46,0,0,1
110933,110933,500,0,0,0,500,0,0,1
110937,110937,700,0,0,0,700,0,0,1
110941,110941,700,0,0,0,700,0,0,1
106363,106363,100,0,0,0,100,0,0,1
77070,77070,700,0,0,0,700,0,0,1
106367,106367,100,0,0,0,100,0,0,1
106371,106371,100,0,0,0,100,0,0,1
77074,77074,100,0,0,0,100,0,0,1
110945,110945,100,0,0,0,100,0,0,1
110949,110949,150,0,0,0,150,0,0,1
110953,110953,150,0,0,0,150,0,0,1
73236,73236,4500,0,0,0,4500,0,0,1
106375,106375,100,0,0,0,100,0,0,1
106379,106379,100,0,0,0,100,0,0,1
73240,73240,400,0,0,0,400,0,0,1
73244,73244,2800,0,0,0,2800,0,0,1
77094,77094,100,0,0,0,100,0,0,1
77098,77098,100,0,0,0,100,0,0,1
77102,77102,100,0,0,0,100,0,0,1
77106,77106,100,0,0,0,100,0,0,1
110969,110969,100,0,0,0,100,0,0,1
77110,77110,100,0,0,0,100,0,0,1
73248,73248,10,0,0,0,10,0,0,1
73252,73252,100,0,0,0,100,0,0,1
73256,73256,100,0,0,0,100,0,0,1
110973,110973,50,0,0,0,50,0,0,1
73260,73260,500,0,0,0,500,0,0,1
73264,73264,2800,0,0,0,2800,0,0,1
77114,77114,1200,0,0,0,1200,0,0,1
77118,77118,100,0,0,0,100,0,0,1
106387,106387,100,0,0,0,100,0,0,1
110977,110977,100,0,0,0,100,0,0,1
73268,73268,100,0,0,0,100,0,0,1
73272,73272,100,0,0,0,100,0,0,1
106391,106391,20,0,0,0,20,0,0,1
110981,110981,20,0,0,0,20,0,0,1
110985,110985,100,0,0,0,100,0,0,1
110989,110989,236,0,0,0,236,0,0,1
77122,77122,3000,0,0,0,3000,0,0,1
77126,77126,500,0,0,0,500,0,0,1
77130,77130,3000,0,0,0,3000,0,0,1
106395,106395,800,0,0,0,800,0,0,1
106399,106399,800,0,0,0,800,0,0,1
110993,110993,4,0,0,0,4,0,0,1
110997,110997,200,0,0,0,200,0,0,1
77134,77134,300,0,0,0,300,0,0,1
73280,73280,300,0,0,100,200,0,0,1
77138,77138,500,0,0,0,500,0,0,1
73284,73284,261,0,0,73,188,0,0,1
73292,73292,319,0,0,0,319,0,0,1
106407,106407,100,0,0,0,100,0,0,1
111005,111005,189,0,0,0,189,0,0,1
106411,106411,1000,0,0,0,1000,0,0,1
111009,111009,500,0,0,0,500,0,0,1
111013,111013,100,0,0,0,100,0,0,1
73296,73296,300,0,0,0,300,0,0,1
73300,73300,100,0,0,0,100,0,0,1
111017,111401,500,2000,0,0,500,2000,0,1
73304,73304,700,0,0,0,700,0,0,1
73308,73308,300,0,0,0,300,0,0,1
111021,111021,500,0,0,200,300,0,0,1
111029,111029,277,0,0,177,100,0,0,1
73312,73312,250,0,0,0,250,0,0,1
106415,106415,1000,0,0,0,1000,0,0,1
106419,106419,3300,0,0,0,3300,0,0,1
77142,77142,500,0,0,0,500,0,0,1
73320,73320,500,0,0,0,500,0,0,1
73324,73324,600,0,0,0,600,0,0,1
73328,73328,800,0,0,0,800,0,0,1
73332,73332,1000,0,0,0,1000,0,0,1
73336,73336,1000,0,0,0,1000,0,0,1
106423,106423,400,0,0,0,400,0,0,1
106427,106427,900,0,0,0,900,0,0,1
106431,106431,2000,0,0,0,2000,0,0,1
73344,73344,500,0,0,0,500,0,0,1
73348,73348,500,0,0,0,500,0,0,1
106435,106435,100,0,0,0,100,0,0,1
106439,106439,2000,0,0,1000,1000,0,0,1
106443,106443,100,0,0,0,100,0,0,1
77146,77146,300,0,0,0,300,0,0,1
73352,73352,187,0,0,19,168,0,0,1
73356,74196,800,2300,0,0,800,2300,0,1
73360,73360,1200,0,0,0,1200,0,0,1
73364,73364,500,0,0,0,500,0,0,1
73368,73368,145,0,0,0,145,0,0,1
73372,73372,553,0,0,438,115,0,0,1
106447,106447,2200,0,0,0,2200,0,0,1
77150,77150,50,0,50,0,0,0,0,1
106451,106451,1000,0,0,0,1000,0,0,1
77154,77154,100,0,0,0,100,0,0,1
111037,111037,500,0,0,0,500,0,0,1
77158,77158,1200,0,0,0,1200,0,0,1
111041,111041,20,0,0,0,20,0,0,1
77162,77162,100,0,0,0,100,0,0,1
77166,77166,100,0,0,0,100,0,0,1
73376,77964,300,400,0,0,400,300,0,1
73380,73380,100,0,0,0,100,0,0,1
73384,73384,100,0,0,0,100,0,0,1
73388,75360,300,300,0,0,300,300,0,1
73392,73392,400,0,0,0,400,0,0,1
73396,73396,300,0,0,0,300,0,0,1
73400,73400,100,0,0,0,100,0,0,1
106455,106455,300,0,0,100,200,0,0,1
106459,106459,500,0,0,0,500,0,0,1
106463,106463,500,0,0,0,500,0,0,1
73404,73404,300,0,0,0,300,0,0,1
77170,77170,100,0,0,0,100,0,0,1
77174,77174,50,0,0,0,50,0,0,1
73408,73408,600,0,0,0,600,0,0,1
77178,77178,1200,0,0,0,1200,0,0,1
106467,106467,500,0,0,0,500,0,0,1
106471,106471,785,0,0,0,785,0,0,1
73412,73412,500,0,0,0,500,0,0,1
106475,106475,1500,0,0,1171,329,0,0,1
106479,106479,336,0,0,0,336,0,0,1
106483,106483,636,0,0,475,161,0,0,1
106487,106487,500,0,0,0,500,0,0,1
106491,106491,500,0,0,0,500,0,0,1
106495,106495,500,0,0,0,500,0,0,1
106499,106499,500,0,0,0,500,0,0,1
73416,73416,487,0,0,300,187,0,0,1
106503,106503,1500,0,0,22,1478,0,0,1
73424,73424,261,0,0,0,261,0,0,1
106507,106507,500,0,0,0,500,0,0,1
73428,73428,347,0,0,0,347,0,0,1
106511,106511,1500,0,0,0,1500,0,0,1
73432,73432,400,0,0,300,100,0,0,1
106515,106515,100,0,0,0,100,0,0,1
106519,106519,211,0,0,100,111,0,0,1
77182,77182,500,0,0,0,500,0,0,1
77186,77186,300,0,0,0,300,0,0,1
73436,73436,131,0,0,0,131,0,0,1
73440,73440,188,0,0,0,188,0,0,1
73444,73444,188,0,0,19,169,0,0,1
106523,106523,1900,0,0,1700,200,0,0,1
106527,106527,600,0,0,300,300,0,0,1
106531,106531,1700,0,0,1600,100,0,0,1
106535,106535,500,0,0,100,400,0,0,1
111045,111045,100,0,0,0,100,0,0,1
111049,111049,100,0,0,0,100,0,0,1
77190,77190,100,0,0,0,100,0,0,1
111053,111053,300,0,0,0,300,0,0,1
106539,106539,185,0,0,0,185,0,0,1
106543,106543,100,0,0,0,100,0,0,1
106547,106547,300,0,0,100,200,0,0,1
106551,106551,1100,0,0,900,200,0,0,1
73448,73448,400,0,0,0,400,0,0,1
77194,78702,600,600,0,0,600,600,0,1
73452,73452,1400,0,0,0,1400,0,0,1
73456,73456,261,0,0,0,261,0,0,1
73460,73460,300,0,0,112,188,0,0,1
77198,77198,1200,0,0,0,1200,0,0,1
111057,111057,1400,0,0,700,700,0,0,1
111061,111061,500,0,0,0,500,0,0,1
111065,111065,200,0,0,0,200,0,0,1
111069,111069,200,0,0,0,200,0,0,1
111073,111073,500,0,0,0,500,0,0,1
111077,111077,500,0,0,0,500,0,0,1
111081,111081,500,0,0,0,500,0,0,1
111085,111085,500,0,0,0,500,0,0,1
73464,73464,100,0,0,0,100,0,0,1
77210,77210,1200,0,0,0,1200,0,0,1
111089,111089,100,0,0,0,100,0,0,1
73468,73468,200,0,0,0,200,0,0,1
77214,77214,1200,0,0,0,1200,0,0,1
111093,111093,1000,0,0,0,1000,0,0,1
77218,77218,1200,0,0,1100,100,0,0,1
77222,77222,100,0,0,0,100,0,0,1
77226,77226,3000,0,0,0,3000,0,0,1
77230,77230,1100,0,0,700,400,0,0,1
73472,73472,100,0,100,0,0,0,0,1
73476,73476,100,0,0,0,100,0,0,1
73480,73480,2,0,0,0,2,0,0,1
73484,73484,3,0,0,0,3,0,0,1
73488,73488,3,0,0,0,3,0,0,1
73492,73492,3,0,0,0,3,0,0,1
73496,73496,3,0,0,0,3,0,0,1
73500,73500,2,0,0,0,2,0,0,1
73504,73504,3,0,0,0,3,0,0,1
77234,77234,200,0,0,0,200,0,0,1
77238,77238,21,0,0,0,21,0,0,1
77242,77242,100,0,0,0,100,0,0,1
77246,77246,100,0,0,0,100,0,0,1
106555,106555,100,0,0,0,100,0,0,1
106559,106559,618,0,0,0,618,0,0,1
77250,77250,500,0,0,0,500,0,0,1
73508,73508,319,0,0,219,100,0,0,1
73512,73512,188,0,0,0,188,0,0,1
111101,111101,500,0,0,0,500,0,0,1
111105,111105,100,0,0,0,100,0,0,1
111109,111109,500,0,0,0,500,0,0,1
106563,106563,326,0,0,120,206,0,0,1
111113,111121,500,200,0,0,200,500,0,1
111117,111117,200,0,0,0,200,0,0,1
111125,111125,100,0,0,0,100,0,0,1
111129,111129,200,0,0,0,200,0,0,1
106567,106567,500,0,0,0,500,0,0,1
111145,111145,200,0,0,0,200,0,0,1
111149,111149,100,0,0,0,100,0,0,1
106571,106571,2,0,0,0,2,0,0,1
111153,111153,900,0,0,0,900,0,0,1
111157,111157,2,0,0,0,2,0,0,1
77254,77254,3,0,0,0,3,0,0,1
106575,106575,1000,0,0,0,1000,0,0,1
106579,106579,1144,0,0,973,171,0,0,1
106583,106583,1500,0,0,982,518,0,0,1
106587,106587,500,0,0,0,500,0,0,1
106591,106591,1500,0,0,630,870,0,0,1
106595,106595,1500,0,0,440,1060,0,0,1
106599,106599,1500,0,0,0,1500,0,0,1
73516,73516,65,0,0,0,65,0,0,1
73520,73520,65,0,0,0,65,0,0,1
73524,73524,65,0,0,0,65,0,0,1
73528,73528,55,0,0,0,55,0,0,1
77258,77258,100,0,0,0,100,0,0,1
77262,77262,1200,0,0,0,1200,0,0,1
106603,106603,500,0,0,0,500,0,0,1
106607,106663,500,500,0,0,500,500,0,1
73532,73532,500,0,0,0,500,0,0,1
111165,111165,1,0,0,0,1,0,0,1
106615,106615,500,0,0,0,500,0,0,1
106619,106619,333,0,0,0,333,0,0,1
106623,106623,500,0,0,0,500,0,0,1
106627,106627,496,0,0,374,122,0,0,1
106631,106631,1118,0,0,510,608,0,0,1
106635,106635,500,0,0,0,500,0,0,1
106639,106639,100,0,0,0,100,0,0,1
77266,77266,200,0,0,0,200,0,0,1
106643,106643,900,0,0,0,900,0,0,1
106647,106647,500,0,0,0,500,0,0,1
106651,106651,300,0,0,0,300,0,0,1
106655,106655,400,0,0,0,400,0,0,1
106659,106659,100,0,0,0,100,0,0,1
106667,106667,700,0,0,300,400,0,0,1
77270,77270,100,0,0,0,100,0,0,1
106671,106671,100,0,0,0,100,0,0,1
77274,77274,100,0,0,0,100,0,0,1
106675,106675,500,0,0,0,500,0,0,1
106679,106679,500,0,0,0,500,0,0,1
106683,106683,500,0,0,0,500,0,0,1
106687,106687,2500,0,0,1700,800,0,0,1
106691,106691,3000,0,0,2900,100,0,0,1
111169,111169,30,0,0,0,30,0,0,1
77278,77278,400,0,0,200,200,0,0,1
106695,106695,1400,0,0,1300,100,0,0,1
106699,106699,3000,0,0,2500,500,0,0,1
77282,77282,500,0,0,0,500,0,0,1
77286,77286,500,0,0,0,500,0,0,1
77290,77290,300,0,0,100,200,0,0,1
77294,77294,500,0,0,0,500,0,0,1
77298,77298,500,0,0,0,500,0,0,1
111173,111173,100,0,0,0,100,0,0,1
77302,77302,400,0,0,0,400,0,0,1
111177,111177,1000,0,0,0,1000,0,0,1
111181,111181,1000,0,0,0,1000,0,0,1
111185,111185,1000,0,0,0,1000,0,0,1
106703,106703,1600,0,0,0,1600,0,0,1
77306,77306,600,0,0,0,600,0,0,1
106707,107667,500,500,0,0,500,500,0,1
106711,106711,177,0,0,0,177,0,0,1
106715,106715,400,0,0,0,400,0,0,1
106719,106719,1000,0,0,900,100,0,0,1
111189,111189,1,0,0,0,1,0,0,1
77310,77310,500,0,0,0,500,0,0,1
77314,77314,3000,0,0,0,3000,0,0,1
77318,77318,500,0,0,0,500,0,0,1
106723,106723,500,0,0,0,500,0,0,1
77322,77322,1300,0,0,1200,100,0,0,1
77326,77326,500,0,0,0,500,0,0,1
77330,77330,3000,0,0,0,3000,0,0,1
77334,77582,500,500,0,0,500,500,0,1
106727,106727,100,0,0,0,100,0,0,1
106731,106731,100,0,0,0,100,0,0,1
77342,77342,100,0,0,0,100,0,0,1
77346,77346,500,0,0,0,500,0,0,1
77350,77350,1200,0,0,1100,100,0,0,1
77354,77354,1100,0,0,0,1100,0,0,1
77358,77358,500,0,0,0,500,0,0,1
77362,77362,500,0,0,0,500,0,0,1
106735,106735,500,0,0,0,500,0,0,1
106739,106739,300,0,0,0,300,0,0,1
106743,106743,40,0,0,0,40,0,0,1
111197,111197,120,0,0,0,120,0,0,1
111201,111201,2,0,0,0,2,0,0,1
73540,73540,400,0,0,0,400,0,0,1
77370,77370,500,0,500,0,0,0,0,1
106747,106747,200,0,0,0,200,0,0,1
106751,106751,573,0,0,457,116,0,0,1
106755,106755,300,0,0,0,300,0,0,1
106759,106759,200,0,0,0,200,0,0,1
106763,106763,100,0,0,0,100,0,0,1
106767,106767,100,0,0,0,100,0,0,1
106771,106771,200,0,0,0,200,0,0,1
106775,106775,241,0,0,117,124,0,0,1
106779,106779,200,0,0,15,185,0,0,1
106783,106783,479,0,0,379,100,0,0,1
106787,106787,217,0,0,117,100,0,0,1
106791,106791,300,0,0,0,300,0,0,1
106795,106795,200,0,0,100,100,0,0,1
106799,106799,200,0,0,0,200,0,0,1
106803,106803,321,0,0,215,106,0,0,1
106807,106807,300,0,0,0,300,0,0,1
106811,106811,100,0,0,0,100,0,0,1
77374,77374,100,0,0,0,100,0,0,1
77378,77378,500,0,0,0,500,0,0,1
73544,73544,8900,0,0,0,8900,0,0,1
106815,106815,148,0,0,0,148,0,0,1
106819,106819,200,0,0,0,200,0,0,1
106823,106823,160,0,0,0,160,0,0,1
73548,73548,20,0,0,0,20,0,0,1
73552,73552,20,0,20,0,0,0,0,1
111209,111209,100,0,0,0,100,0,0,1
73556,73556,100,0,0,0,100,0,0,1
106827,106827,1000,0,0,900,100,0,0,1
106831,106831,1000,0,0,700,300,0,0,1
77390,77390,100,0,0,0,100,0,0,1
106835,106835,500,0,0,0,500,0,0,1
106839,106839,1000,0,0,900,100,0,0,1
73560,73560,200,0,0,0,200,0,0,1
106843,106843,100,0,0,0,100,0,0,1
106847,106847,1000,0,0,900,100,0,0,1
106851,106851,500,0,0,0,500,0,0,1
106855,106855,500,0,0,100,400,0,0,1
106859,106859,800,0,0,600,200,0,0,1
106863,106863,500,0,0,300,200,0,0,1
106867,106867,500,0,0,300,200,0,0,1
73564,73564,400,0,0,0,400,0,0,1
106875,106875,100,0,0,0,100,0,0,1
106879,106879,300,0,0,0,300,0,0,1
106883,106883,300,0,0,0,300,0,0,1
111213,111213,500,0,0,0,500,0,0,1
77394,77394,2000,0,0,1600,400,0,0,1
77406,77406,188,0,0,0,188,0,0,1
73568,73568,1600,0,0,1500,100,0,0,1
106895,106895,527,0,0,0,527,0,0,1
106899,106899,1500,0,0,924,576,0,0,1
111221,111221,1000,0,0,900,100,0,0,1
73572,73572,377,0,0,277,100,0,0,1
73576,73576,450,0,0,347,103,0,0,1
106903,106903,600,0,0,0,600,0,0,1
77410,77410,2000,0,0,1800,200,0,0,1
106907,106907,700,0,0,600,100,0,0,1
111225,111225,500,0,0,0,500,0,0,1
73580,73580,150,0,0,0,150,0,0,1
77414,77414,46,0,0,0,46,0,0,1
73584,73584,200,0,0,0,200,0,0,1
73588,73588,200,0,0,0,200,0,0,1
73592,73592,150,0,0,0,150,0,0,1
111229,111229,100,0,0,0,100,0,0,1
111233,111233,100,0,0,0,100,0,0,1
111237,111237,500,0,0,0,500,0,0,1
77418,77418,500,0,0,0,500,0,0,1
73596,73596,500,0,0,0,500,0,0,1
77422,77422,800,0,0,0,800,0,0,1
77426,77426,100,0,0,0,100,0,0,1
111241,111241,100,0,0,0,100,0,0,1
111245,111245,242,0,0,142,100,0,0,1
73600,73600,2700,0,0,2500,200,0,0,1
106911,106911,455,0,0,0,455,0,0,1
106919,106919,500,0,0,0,500,0,0,1
106923,106923,973,0,0,0,973,0,0,1
73604,73604,300,0,0,150,150,0,0,1
111253,111253,1097,0,0,62,1035,0,0,1
77438,77438,188,0,0,0,188,0,0,1
106927,106927,1500,0,0,0,1500,0,0,1
106931,106931,1500,0,0,0,1500,0,0,1
77442,77442,10,0,0,0,10,0,0,1
77446,77446,800,0,0,0,800,0,0,1
77450,77450,1300,0,0,0,1300,0,0,1
106935,106935,500,0,0,0,500,0,0,1
106939,106939,300,0,0,0,300,0,0,1
73608,73608,500,0,0,0,500,0,0,1
73612,73612,501,0,0,312,189,0,0,1
73616,73616,187,0,0,0,187,0,0,1
77454,77454,800,0,0,0,800,0,0,1
73620,73620,1,0,1,0,0,0,0,1
111257,111257,1,0,1,0,0,0,0,1
111261,111261,200,0,0,0,200,0,0,1
77458,77458,800,0,0,0,800,0,0,1
77466,77466,1900,0,0,1600,300,0,0,1
77470,77470,800,0,0,0,800,0,0,1
77474,77474,700,0,0,0,700,0,0,1
77482,77482,700,0,0,0,700,0,0,1
111265,111265,500,0,0,0,500,0,0,1
73636,73636,277,0,0,0,277,0,0,1
111269,111269,2600,0,0,1300,1300,0,0,1
111273,111273,100,0,0,0,100,0,0,1
106943,106943,400,0,0,300,100,0,0,1
106947,106947,500,0,0,0,500,0,0,1
106951,106951,500,0,0,0,500,0,0,1
106955,106955,500,0,0,0,500,0,0,1
106959,106959,400,0,0,300,100,0,0,1
106967,106967,100,0,0,0,100,0,0,1
73640,73640,500,0,0,0,500,0,0,1
73644,73644,500,0,0,0,500,0,0,1
77490,77490,200,0,0,0,200,0,0,1
77498,77498,100,0,0,0,100,0,0,1
77502,77502,1,0,0,0,1,0,0,1
77506,77506,1300,0,0,0,1300,0,0,1
77510,77510,1000,0,0,0,1000,0,0,1
77514,77514,800,0,0,0,800,0,0,1
106975,106975,1000,0,0,0,1000,0,0,1
77518,77518,2000,0,0,0,2000,0,0,1
106979,106979,500,0,0,0,500,0,0,1
106983,106983,392,0,0,0,392,0,0,1
106987,106987,500,0,0,0,500,0,0,1
106999,106999,500,0,0,0,500,0,0,1
107003,107003,211,0,0,107,104,0,0,1
73648,73648,500,0,0,0,500,0,0,1
107007,107007,608,0,0,476,132,0,0,1
107011,107543,200,600,0,0,200,600,0,1
111277,111277,100,0,0,0,100,0,0,1
107019,107019,1000,0,0,0,1000,0,0,1
77522,77522,2000,0,0,0,2000,0,0,1
111281,111281,200,0,0,0,200,0,0,1
77526,77526,200,0,0,0,200,0,0,1
111285,111285,600,0,0,0,600,0,0,1
111289,111289,4000,0,0,0,4000,0,0,1
111293,111293,1500,0,0,0,1500,0,0,1
111297,111297,1900,0,0,0,1900,0,0,1
77530,77530,800,0,0,0,800,0,0,1
111301,111301,152,0,0,0,152,0,0,1
111305,111305,500,0,0,0,500,0,0,1
77534,77534,79,0,0,0,79,0,0,1
111309,111309,20,0,0,0,20,0,0,1
77538,77538,500,0,0,0,500,0,0,1
107023,107023,19,0,0,0,19,0,0,1
107027,107027,800,0,0,0,800,0,0,1
111313,113933,500,500,0,0,500,500,0,1
111317,111317,100,0,0,0,100,0,0,1
111321,111321,500,0,0,0,500,0,0,1
111325,111325,800,0,0,600,200,0,0,1
111329,111329,600,0,0,0,600,0,0,1
107031,107031,500,0,0,0,500,0,0,1
73652,73652,2,0,0,0,2,0,0,1
107035,107035,11613,0,0,0,11613,0,0,1
107039,107039,1100,0,0,300,800,0,0,1
107043,107043,600,0,0,0,600,0,0,1
107047,107047,1000,0,0,0,1000,0,0,1
77550,77550,3,0,1,0,2,0,0,1
111333,111333,200,0,0,0,200,0,0,1
111337,111337,200,0,0,0,200,0,0,1
77554,77554,2000,0,0,0,2000,0,0,1
77558,77558,660,0,0,0,660,0,0,1
107051,107051,900,0,0,0,900,0,0,1
77562,77562,1200,0,0,800,400,0,0,1
107055,107055,1000,0,0,0,1000,0,0,1
77574,77574,1300,0,0,1200,100,0,0,1
77578,77578,2000,0,0,0,2000,0,0,1
111341,111341,50,0,0,0,50,0,0,1
111345,111381,500,500,0,0,500,500,0,1
77586,100074,1000,1000,0,0,500,1500,0,1
111349,111349,100,0,0,0,100,0,0,1
77590,77590,1100,0,0,0,1100,0,0,1
77594,77594,2400,0,0,1500,900,0,0,1
111353,111353,30,0,30,0,0,0,0,1
111361,111361,500,0,0,0,500,0,0,1
111365,111365,500,0,0,0,500,0,0,1
111369,111369,384,0,0,269,115,0,0,1
77598,77598,2000,0,0,0,2000,0,0,1
111373,111373,500,0,0,0,500,0,0,1
111385,111385,100,0,0,0,100,0,0,1
111389,111389,100,0,0,0,100,0,0,1
73656,73656,50,0,0,0,50,0,0,1
77602,77602,2000,0,0,0,2000,0,0,1
111393,111393,9,0,0,0,9,0,0,1
77610,77610,1200,0,0,0,1200,0,0,1
77614,77614,233,0,0,0,233,0,0,1
111397,111397,50,0,0,0,50,0,0,1
77618,77618,2000,0,0,1800,200,0,0,1
73660,73660,55,0,0,0,55,0,0,1
77622,77622,2000,0,0,0,2000,0,0,1
73664,73664,1,0,1,0,0,0,0,1
107059,107059,500,0,0,0,500,0,0,1
73668,73668,280,0,0,0,280,0,0,1
107063,107063,200,0,0,0,200,0,0,1
107067,107067,100,0,0,0,100,0,0,1
73672,73672,3500,0,0,0,3500,0,0,1
111405,111405,100,0,0,0,100,0,0,1
111409,111409,100,0,0,0,100,0,0,1
77626,77626,1200,0,0,0,1200,0,0,1
73676,73676,27,0,0,0,27,0,0,1
73680,73680,18,0,0,0,18,0,0,1
73684,73684,3000,0,0,0,3000,0,0,1
77630,78642,500,500,0,0,500,500,0,1
73688,73688,500,0,0,0,500,0,0,1
73692,73692,1500,0,0,0,1500,0,0,1
77634,77634,1200,0,0,1100,100,0,0,1
77638,77638,1100,0,0,600,500,0,0,1
77642,77642,1000,0,0,0,1000,0,0,1
107071,107071,1000,0,0,0,1000,0,0,1
77654,77654,1200,0,0,0,1200,0,0,1
77658,77658,1100,0,0,0,1100,0,0,1
107103,107103,500,0,0,0,500,0,0,1
77662,77662,2,0,2,0,0,0,0,1
77666,77666,1100,0,0,800,300,0,0,1
107107,107107,1,0,0,0,1,0,0,1
77670,77670,100,0,0,0,100,0,0,1
111437,111437,30,0,0,0,30,0,0,1
77674,78742,1000,500,0,0,500,1000,0,1
107111,107111,4,0,0,0,4,0,0,1
73700,73700,25,0,0,0,25,0,0,1
77678,77678,500,0,0,0,500,0,0,1
77682,77682,100,0,0,0,100,0,0,1
73920,73920,200,0,0,0,200,0,0,1
77918,77918,100,0,0,0,100,0,0,1
77922,77922,100,0,0,0,100,0,0,1
77926,77926,12,0,0,0,12,0,0,1
73924,73924,10,0,0,0,10,0,0,1
77930,77930,1000,0,1000,0,0,0,0,1
107411,107411,500,0,0,0,500,0,0,1
111797,111797,500,0,0,0,500,0,0,1
73928,73928,102,0,0,0,102,0,0,1
107419,107419,1,0,0,0,1,0,0,1
107423,107423,25900,0,0,25100,800,0,0,1
73932,73932,10,0,10,0,0,0,0,1
77934,77934,5000,0,0,0,5000,0,0,1
73936,73936,10,0,10,0,0,0,0,1
73940,73940,31,0,0,0,31,0,0,1
73944,73944,18,0,0,0,18,0,0,1
107427,107427,201,0,0,101,100,0,0,1
107431,107431,500,0,0,0,500,0,0,1
107435,107435,100,0,0,0,100,0,0,1
107439,107439,100,0,0,0,100,0,0,1
77938,77938,500,0,0,0,500,0,0,1
107443,107443,500,0,0,0,500,0,0,1
77942,77942,500,0,0,0,500,0,0,1
107447,107447,500,0,0,0,500,0,0,1
107451,107451,309,0,0,0,309,0,0,1
107455,107455,785,0,0,685,100,0,0,1
77946,77946,1000,0,0,0,1000,0,0,1
107459,107459,309,0,0,126,183,0,0,1
107463,107463,116,0,0,0,116,0,0,1
77950,77950,800,0,800,0,0,0,0,1
77954,77954,1100,0,0,400,700,0,0,1
77958,77958,1200,0,0,0,1200,0,0,1
73948,73948,1300,0,0,1100,200,0,0,1
107467,107467,100,0,0,0,100,0,0,1
73952,73952,441,0,0,0,441,0,0,1
77962,77962,100,0,0,0,100,0,0,1
77966,77966,100,0,0,0,100,0,0,1
77970,77970,100,0,0,0,100,0,0,1
77974,77974,100,0,0,0,100,0,0,1
77978,77978,100,0,0,0,100,0,0,1
77982,77982,2400,0,0,2279,121,0,0,1
77986,77986,100,0,0,0,100,0,0,1
77990,77990,2400,0,0,182,2218,0,0,1
77994,77994,100,0,0,0,100,0,0,1
77998,77998,2400,0,0,2300,100,0,0,1
78002,78002,100,0,0,0,100,0,0,1
78006,78006,2400,0,0,288,2112,0,0,1
78010,78010,100,0,0,0,100,0,0,1
78014,78014,2400,0,0,288,2112,0,0,1
78018,78018,100,0,0,0,100,0,0,1
78022,78022,2400,0,0,2244,156,0,0,1
78026,78026,100,0,0,0,100,0,0,1
78030,78030,2400,0,0,309,2091,0,0,1
78034,78034,100,0,0,0,100,0,0,1
78038,78038,2400,0,0,309,2091,0,0,1
78042,78042,100,0,0,0,100,0,0,1
78046,78046,2400,0,0,346,2054,0,0,1
78050,78050,100,0,0,0,100,0,0,1
78054,78054,2400,0,0,346,2054,0,0,1
78058,78058,100,0,0,0,100,0,0,1
78062,78062,2400,0,0,401,1999,0,0,1
78066,78066,100,0,0,0,100,0,0,1
78070,78070,2400,0,0,401,1999,0,0,1
78074,78074,100,0,0,0,100,0,0,1
78078,78078,2400,0,0,401,1999,0,0,1
78082,78082,100,0,0,0,100,0,0,1
78086,78086,2400,0,0,286,2114,0,0,1
78090,78090,100,0,0,0,100,0,0,1
78094,78094,2400,0,0,286,2114,0,0,1
73956,73956,10,0,10,0,0,0,0,1
107471,107471,1000,0,0,0,1000,0,0,1
78098,78098,100,0,0,0,100,0,0,1
107475,107475,1201,0,0,539,662,0,0,1
107479,107479,635,0,0,0,635,0,0,1
107483,107483,100,0,0,0,100,0,0,1
107487,107487,1500,0,0,0,1500,0,0,1
107491,107491,701,0,0,594,107,0,0,1
78102,78102,2400,0,0,288,2112,0,0,1
78106,78106,100,0,0,0,100,0,0,1
107495,107495,1500,0,0,0,1500,0,0,1
107499,107499,1500,0,0,947,553,0,0,1
78110,78110,2400,0,0,504,1896,0,0,1
78114,78114,100,0,0,0,100,0,0,1
78118,78118,1400,0,0,1200,200,0,0,1
73960,73960,1000,0,0,800,200,0,0,1
107503,107503,580,0,0,347,233,0,0,1
78122,78122,2400,0,0,504,1896,0,0,1
78126,78126,100,0,0,0,100,0,0,1
78130,78130,280,0,0,139,141,0,0,1
78134,78134,2400,0,0,504,1896,0,0,1
78138,78138,100,0,0,0,100,0,0,1
78142,78142,100,0,0,0,100,0,0,1
78146,78146,100,0,0,0,100,0,0,1
78150,78150,100,0,0,0,100,0,0,1
78154,78154,100,0,0,0,100,0,0,1
78158,78158,2400,0,0,513,1887,0,0,1
78162,78162,100,0,0,0,100,0,0,1
78166,78166,100,0,0,0,100,0,0,1
78170,78170,2400,0,0,513,1887,0,0,1
78174,78174,100,0,0,0,100,0,0,1
78178,78178,2400,0,0,513,1887,0,0,1
78182,78182,100,0,0,0,100,0,0,1
78186,78186,2400,0,0,523,1877,0,0,1
78190,78190,100,0,0,0,100,0,0,1
78194,78194,2400,0,0,523,1877,0,0,1
78198,78198,100,0,0,0,100,0,0,1
78202,78202,2400,0,0,523,1877,0,0,1
78206,78206,100,0,0,0,100,0,0,1
78210,78210,2400,0,0,2226,174,0,0,1
78214,78214,100,0,0,0,100,0,0,1
78218,78218,2400,0,0,1108,1292,0,0,1
78222,78222,100,0,0,0,100,0,0,1
78226,78226,2400,0,0,1135,1265,0,0,1
78230,78230,100,0,0,0,100,0,0,1
78234,78234,2400,0,0,1135,1265,0,0,1
78238,78238,100,0,0,0,100,0,0,1
78242,78242,2400,0,0,1071,1329,0,0,1
78246,78246,100,0,0,0,100,0,0,1
78250,78250,1265,0,0,0,1265,0,0,1
78254,78254,2400,0,0,955,1445,0,0,1
78258,78258,100,0,0,0,100,0,0,1
78262,78262,100,0,0,0,100,0,0,1
78266,78266,2400,0,0,992,1408,0,0,1
78270,78270,100,0,0,0,100,0,0,1
78274,78274,2400,0,0,1015,1385,0,0,1
78278,78278,100,0,0,0,100,0,0,1
78282,78282,1408,0,0,23,1385,0,0,1
78286,78286,2400,0,0,1137,1263,0,0,1
78290,78290,100,0,0,0,100,0,0,1
78294,78294,2400,0,0,1137,1263,0,0,1
78298,78298,100,0,0,0,100,0,0,1
78302,78302,160,0,0,0,160,0,0,1
78306,78306,2400,0,0,1137,1263,0,0,1
78310,78310,100,0,0,0,100,0,0,1
78314,78314,2400,0,0,1299,1101,0,0,1
78318,78318,100,0,0,0,100,0,0,1
78322,78322,2400,0,0,1299,1101,0,0,1
78326,78326,100,0,0,0,100,0,0,1
78330,78330,162,0,0,61,101,0,0,1
78334,78334,100,0,0,0,100,0,0,1
78338,78338,100,0,0,0,100,0,0,1
78342,78342,2400,0,0,1299,1101,0,0,1
78346,78346,100,0,0,0,100,0,0,1
78350,78350,2400,0,0,2300,100,0,0,1
78354,78354,100,0,0,0,100,0,0,1
78358,78358,2400,0,0,1445,955,0,0,1
78362,78362,100,0,0,0,100,0,0,1
78366,78366,2400,0,0,1479,921,0,0,1
78370,78370,100,0,0,0,100,0,0,1
78374,78374,2400,0,0,1479,921,0,0,1
78378,78378,100,0,0,0,100,0,0,1
78382,78382,2400,0,0,1479,921,0,0,1
78386,78386,100,0,0,0,100,0,0,1
78390,78390,2400,0,0,1509,891,0,0,1
78394,78394,100,0,0,0,100,0,0,1
78398,78398,2400,0,0,1509,891,0,0,1
78402,78402,100,0,0,0,100,0,0,1
78406,78406,2400,0,0,1509,891,0,0,1
78410,78410,100,0,0,0,100,0,0,1
78414,78414,100,0,0,0,100,0,0,1
78418,78418,100,0,0,0,100,0,0,1
78422,78422,2400,0,0,1543,857,0,0,1
78426,78426,100,0,0,0,100,0,0,1
78430,78430,2400,0,0,1543,857,0,0,1
78434,78434,800,0,800,0,0,0,0,1
78438,78438,100,0,0,0,100,0,0,1
78442,78442,2400,0,0,1543,857,0,0,1
78446,78446,100,0,0,0,100,0,0,1
78450,78450,2400,0,0,1577,823,0,0,1
78454,78454,100,0,0,0,100,0,0,1
73964,73964,188,0,0,0,188,0,0,1
73968,73968,167,0,0,0,167,0,0,1
78458,78458,2400,0,0,1577,823,0,0,1
78462,78462,100,0,0,0,100,0,0,1
78466,78466,2400,0,0,2300,100,0,0,1
78470,78470,100,0,0,0,100,0,0,1
78474,78474,2400,0,0,1637,763,0,0,1
78478,78478,100,0,0,0,100,0,0,1
78482,78482,2400,0,0,1637,763,0,0,1
78486,78486,100,0,0,0,100,0,0,1
78490,78490,2400,0,0,1670,730,0,0,1
78494,78494,100,0,0,0,100,0,0,1
78498,78498,2400,0,0,1670,730,0,0,1
78502,78502,100,0,0,0,100,0,0,1
78506,78506,1200,0,0,0,1200,0,0,1
78510,78510,2400,0,0,1670,730,0,0,1
78514,78514,100,0,0,0,100,0,0,1
78518,78518,2400,0,0,2005,395,0,0,1
78522,78522,100,0,0,0,100,0,0,1
78526,78526,2400,0,0,2005,395,0,0,1
78530,78530,100,0,0,0,100,0,0,1
78534,78534,335,0,0,0,335,0,0,1
78538,78538,2400,0,0,2005,395,0,0,1
78542,78542,100,0,0,0,100,0,0,1
78546,78546,2400,0,0,1799,601,0,0,1
78550,78550,100,0,0,0,100,0,0,1
78554,78554,395,0,0,0,395,0,0,1
78558,78558,2194,0,0,0,2194,0,0,1
78562,78562,100,0,0,0,100,0,0,1
78566,78566,601,0,0,1,600,0,0,1
78570,78570,2194,0,0,4,2190,0,0,1
78574,78574,100,0,0,0,100,0,0,1
73980,73980,140,0,0,0,140,0,0,1
78578,78578,2190,0,0,1753,437,0,0,1
78582,78582,100,0,0,0,100,0,0,1
78586,78586,1753,0,0,0,1753,0,0,1
78590,78590,100,0,0,0,100,0,0,1
78594,78594,437,0,0,0,437,0,0,1
78598,78598,1753,0,0,0,1753,0,0,1
78602,78602,100,0,0,0,100,0,0,1
73984,73984,71,0,0,0,71,0,0,1
73988,73988,1,0,1,0,0,0,0,1
78606,78606,1753,0,0,1582,171,0,0,1
78610,78610,100,0,0,0,100,0,0,1
78614,78614,1416,0,0,0,1416,0,0,1
78618,78618,100,0,0,0,100,0,0,1
78622,78622,1416,0,0,3,1413,0,0,1
78626,78626,100,0,0,0,100,0,0,1
78630,78630,1413,0,0,1288,125,0,0,1
78634,78634,100,0,0,0,100,0,0,1
107515,107515,500,0,0,0,500,0,0,1
107519,107519,100,0,0,0,100,0,0,1
107523,107523,500,0,0,0,500,0,0,1
107527,107527,200,0,0,0,200,0,0,1
73992,73992,500,0,0,0,500,0,0,1
73996,73996,100,0,0,0,100,0,0,1
74000,74000,100,0,0,0,100,0,0,1
107531,107531,500,0,0,0,500,0,0,1
107535,107535,100,0,0,0,100,0,0,1
111801,111801,60,0,0,0,60,0,0,1
111805,111805,1000,0,0,0,1000,0,0,1
107547,107547,400,0,0,300,100,0,0,1
111809,111809,100,0,0,0,100,0,0,1
107551,107551,100,0,0,0,100,0,0,1
107555,107555,2400,0,0,2300,100,0,0,1
111813,111813,6000,0,0,0,6000,0,0,1
111817,111817,1000,0,0,500,500,0,0,1
107559,107559,800,0,0,0,800,0,0,1
74012,74012,100,0,0,0,100,0,0,1
74016,74016,4000,0,0,0,4000,0,0,1
107563,107563,800,0,0,0,800,0,0,1
78638,78638,500,0,0,0,500,0,0,1
78646,78646,3000,0,0,0,3000,0,0,1
78650,78650,3000,0,0,0,3000,0,0,1
78654,78654,1300,0,0,1200,100,0,0,1
78658,78658,1288,0,0,124,1164,0,0,1
78662,78662,100,0,0,0,100,0,0,1
78666,78666,100,0,0,0,100,0,0,1
78670,78670,1000,0,0,800,200,0,0,1
107567,107567,400,0,0,0,400,0,0,1
74020,74424,700,700,0,0,700,700,0,1
78674,78674,300,0,0,0,300,0,0,1
111825,111825,1500,0,0,0,1500,0,0,1
78678,78678,300,0,0,200,100,0,0,1
78682,78682,100,0,0,0,100,0,0,1
78686,78686,200,0,0,0,200,0,0,1
111829,111829,100,0,100,0,0,0,0,1
78690,78690,100,0,0,0,100,0,0,1
78694,78694,100,0,0,0,100,0,0,1
78698,78698,1,0,1,0,0,0,0,1
111833,111833,500,0,0,0,500,0,0,1
74024,74024,400,0,0,0,400,0,0,1
74028,74028,400,0,0,0,400,0,0,1
74032,74032,1400,0,0,0,1400,0,0,1
78706,78706,100,0,0,0,100,0,0,1
78710,78710,600,0,0,0,600,0,0,1
74036,74036,400,0,0,0,400,0,0,1
78714,78714,45,0,0,20,25,0,0,1
78718,78718,700,0,0,0,700,0,0,1
107571,107571,50,0,50,0,0,0,0,1
74040,74040,200,0,0,0,200,0,0,1
74044,74044,150,0,0,0,150,0,0,1
74048,74048,2800,0,0,0,2800,0,0,1
74052,74052,400,0,0,0,400,0,0,1
78722,79386,600,600,0,0,600,600,0,1
111837,111837,400,0,0,300,100,0,0,1
111841,111841,300,0,0,100,200,0,0,1
111845,111845,200,0,0,0,200,0,0,1
107575,107575,500,0,0,0,500,0,0,1
107579,107579,507,0,0,311,196,0,0,1
107583,107583,1500,0,0,0,1500,0,0,1
107587,107587,1500,0,0,0,1500,0,0,1
74068,74068,1,0,1,0,0,0,0,1
111857,111857,65,0,0,0,65,0,0,1
74080,74080,18,0,0,0,18,0,0,1
78726,78726,1200,0,0,0,1200,0,0,1
78730,78730,1200,0,0,0,1200,0,0,1
78734,78734,1200,0,0,0,1200,0,0,1
78738,78738,100,0,0,0,100,0,0,1
74084,74084,200,0,0,0,200,0,0,1
78746,79046,1000,500,0,0,500,1000,0,1
78750,78750,200,0,0,0,200,0,0,1
78754,78754,300,0,0,0,300,0,0,1
111869,111869,200,0,0,0,200,0,0,1
78758,78758,500,0,0,400,100,0,0,1
78762,78762,100,0,0,0,100,0,0,1
111873,111873,400,0,0,200,200,0,0,1
111877,111877,300,0,0,100,200,0,0,1
78766,78766,1200,0,0,0,1200,0,0,1
111881,111881,500,0,0,400,100,0,0,1
78770,78770,500,0,0,200,300,0,0,1
78774,78774,1200,0,0,0,1200,0,0,1
107591,107591,489,0,0,356,133,0,0,1
78778,78778,100,0,0,0,100,0,0,1
78782,78782,500,0,0,0,500,0,0,1
107595,107595,5,0,0,0,5,0,0,1
107599,107599,500,0,0,0,500,0,0,1
78786,78786,500,0,0,0,500,0,0,1
78790,78790,100,0,0,0,100,0,0,1
107603,107603,4000,0,0,0,4000,0,0,1
78794,78794,1200,0,0,0,1200,0,0,1
107607,107607,44,0,0,0,44,0,0,1
107611,107611,3000,0,0,0,3000,0,0,1
74088,74088,152,0,0,0,152,0,0,1
78798,78798,1200,0,0,0,1200,0,0,1
78802,78802,100,0,0,0,100,0,0,1
78806,78806,1200,0,0,0,1200,0,0,1
78810,78810,1200,0,0,0,1200,0,0,1
78814,78814,1200,0,0,0,1200,0,0,1
78818,78818,9000,0,0,0,9000,0,0,1
78822,78822,100,0,0,0,100,0,0,1
78826,78826,1200,0,0,0,1200,0,0,1
78830,78830,100,0,0,0,100,0,0,1
107615,107615,1500,0,0,0,1500,0,0,1
107619,107619,1500,0,0,0,1500,0,0,1
111885,111885,900,0,0,0,900,0,0,1
111897,111897,100,0,0,0,100,0,0,1
111901,111901,15,0,0,0,15,0,0,1
74092,74092,12,0,12,0,0,0,0,1
74096,74096,100,0,100,0,0,0,0,1
111905,111905,1000,0,0,0,1000,0,0,1
111909,111909,500,0,0,0,500,0,0,1
111913,111913,1000,0,0,0,1000,0,0,1
78834,78834,1200,0,0,0,1200,0,0,1
78838,78838,100,0,0,0,100,0,0,1
78842,78842,1200,0,0,0,1200,0,0,1
111917,111917,500,0,0,0,500,0,0,1
111921,111921,100,0,0,0,100,0,0,1
74124,74124,60,0,0,0,60,0,0,1
78846,78846,100,0,0,0,100,0,0,1
74128,74128,7,0,7,0,0,0,0,1
111929,111929,100,0,0,0,100,0,0,1
111933,111933,100,0,0,0,100,0,0,1
111937,111937,500,0,0,0,500,0,0,1
111941,111941,500,0,0,0,500,0,0,1
78854,78854,9,0,9,0,0,0,0,1
111945,111945,100,0,0,0,100,0,0,1
111949,111949,1000,0,0,300,700,0,0,1
74132,74132,200,0,0,0,200,0,0,1
107635,107635,300,0,0,0,300,0,0,1
78858,78858,1000,0,0,0,1000,0,0,1
78862,78862,1200,0,0,0,1200,0,0,1
78866,78866,1200,0,0,0,1200,0,0,1
107643,107643,100,0,0,0,100,0,0,1
107647,107647,100,0,0,0,100,0,0,1
107651,107651,100,0,0,0,100,0,0,1
111953,111953,20,0,0,0,20,0,0,1
74140,74140,100,0,0,0,100,0,0,1
74144,74144,100,0,0,0,100,0,0,1
74148,74148,100,0,0,0,100,0,0,1
74152,74152,100,0,0,0,100,0,0,1
107655,107655,300,0,0,200,100,0,0,1
111965,111965,500,0,0,0,500,0,0,1
111969,111969,100,0,0,0,100,0,0,1
111973,111993,500,1000,0,0,500,1000,0,1
111977,111977,100,0,0,0,100,0,0,1
74156,74156,300,0,0,0,300,0,0,1
111985,111985,331,0,0,0,331,0,0,1
111989,111989,157,0,0,57,100,0,0,1
111997,111997,500,0,0,0,500,0,0,1
74164,74788,300,200,0,0,200,300,0,1
74168,74168,3,0,0,0,3,0,0,1
112001,112001,100,0,0,0,100,0,0,1
112005,112053,500,2000,0,0,500,2000,0,1
112009,112009,155,0,0,0,155,0,0,1
78870,78870,121,0,0,21,100,0,0,1
78874,78874,100,0,0,0,100,0,0,1
78878,78878,100,0,0,0,100,0,0,1
112013,112013,100,0,0,0,100,0,0,1
74172,74172,100,0,0,0,100,0,0,1
112017,112017,100,0,0,0,100,0,0,1
112021,112021,366,0,0,211,155,0,0,1
78882,78882,119,0,0,19,100,0,0,1
112025,112025,600,0,0,400,200,0,0,1
112029,114249,200,1300,0,0,300,1200,0,1
112037,112037,100,0,0,0,100,0,0,1
112049,112049,100,0,0,0,100,0,0,1
112057,112057,500,0,0,0,500,0,0,1
112061,112061,100,0,0,0,100,0,0,1
112065,112065,100,0,0,0,100,0,0,1
78886,78886,158,0,0,0,158,0,0,1
78890,78890,100,0,0,0,100,0,0,1
78894,78894,3000,0,0,0,3000,0,0,1
78898,78898,500,0,0,0,500,0,0,1
74180,74180,394,0,0,251,143,0,0,1
74184,74184,378,0,0,0,378,0,0,1
74192,74192,100,0,0,0,100,0,0,1
74204,74204,647,0,0,544,103,0,0,1
74208,74208,312,0,0,181,131,0,0,1
74212,74212,100,0,0,0,100,0,0,1
112069,112069,500,0,0,0,500,0,0,1
112073,112073,500,0,0,0,500,0,0,1
74220,74220,165,0,0,0,165,0,0,1
74224,74224,146,0,0,0,146,0,0,1
74228,76228,700,700,0,0,700,700,0,1
74232,74232,450,0,0,181,269,0,0,1
112077,112077,1000,0,0,0,1000,0,0,1
112081,112081,500,0,0,0,500,0,0,1
74240,74240,146,0,0,0,146,0,0,1
78906,78906,100,0,0,0,100,0,0,1
78910,78910,1200,0,0,0,1200,0,0,1
107663,107663,1782,0,0,1590,192,0,0,1
74244,74244,800,0,0,600,200,0,0,1
78914,78914,400,0,0,0,400,0,0,1
112085,112085,300,0,0,0,300,0,0,1
112089,112089,1008,0,0,863,145,0,0,1
78918,78918,1200,0,0,0,1200,0,0,1
78922,78922,100,0,0,0,100,0,0,1
78930,78930,1200,0,0,0,1200,0,0,1
107671,107671,20,0,20,0,0,0,0,1
74248,74248,1500,0,0,0,1500,0,0,1
74252,74252,10,0,10,0,0,0,0,1
78934,78934,1200,0,0,0,1200,0,0,1
74256,74256,1500,0,0,100,1400,0,0,1
112105,112105,1090,0,0,978,112,0,0,1
112109,112109,1,0,1,0,0,0,0,1
112113,112113,100,0,0,0,100,0,0,1
107683,107683,200,0,0,0,200,0,0,1
112117,114481,500,5000,0,0,500,5000,0,1
74264,74264,300,0,0,0,300,0,0,1
107687,107687,300,0,0,0,300,0,0,1
78938,78938,500,0,0,0,500,0,0,1
74268,74268,100,0,0,0,100,0,0,1
74272,74272,19,0,0,0,19,0,0,1
107691,107691,600,0,0,0,600,0,0,1
107695,107695,200,0,0,0,200,0,0,1
107699,107699,200,0,0,0,200,0,0,1
78942,78942,100,0,0,0,100,0,0,1
78950,78950,100,0,0,0,100,0,0,1
78954,78954,100,0,0,0,100,0,0,1
112121,112121,100,0,0,0,100,0,0,1
78958,78958,1200,0,0,0,1200,0,0,1
78962,78962,1200,0,0,0,1200,0,0,1
78966,78966,1200,0,0,0,1200,0,0,1
78970,78970,1200,0,0,0,1200,0,0,1
74280,74280,1,0,0,0,1,0,0,1
78978,78978,100,0,0,0,100,0,0,1
78982,78982,1200,0,0,0,1200,0,0,1
112125,112125,100,0,0,0,100,0,0,1
74284,74284,100,0,0,0,100,0,0,1
112129,112129,100,0,0,0,100,0,0,1
112137,112137,20,0,0,0,20,0,0,1
112141,112141,20,0,0,0,20,0,0,1
78986,78986,100,0,0,0,100,0,0,1
78990,78990,100,0,0,0,100,0,0,1
78994,78994,100,0,0,0,100,0,0,1
78998,78998,100,0,0,0,100,0,0,1
79002,79002,100,0,0,0,100,0,0,1
112145,112145,20,0,0,0,20,0,0,1
79006,79006,500,0,0,0,500,0,0,1
79010,79010,1661,0,1661,0,0,0,0,1
112149,112149,1000,0,0,0,1000,0,0,1
107703,107703,200,0,0,0,200,0,0,1
112153,112153,100,0,0,0,100,0,0,1
112157,112157,100,0,0,0,100,0,0,1
107707,107707,200,0,0,0,200,0,0,1
112161,112161,108,0,0,8,100,0,0,1
79014,79014,100,0,0,0,100,0,0,1
112169,112169,100,0,0,0,100,0,0,1
74288,74288,100,0,0,0,100,0,0,1
107711,107711,100,0,0,0,100,0,0,1
112173,112173,6,0,6,0,0,0,0,1
74292,74292,1,0,1,0,0,0,0,1
74296,74296,100,0,0,0,100,0,0,1
79018,79018,1,0,0,0,1,0,0,1
112177,112717,500,500,0,0,500,500,0,1
112189,112189,100,0,0,0,100,0,0,1
112193,112193,916,0,0,717,199,0,0,1
112197,112197,500,0,0,0,500,0,0,1
112201,112201,414,0,0,0,414,0,0,1
112205,112205,1000,0,0,0,1000,0,0,1
112209,112209,100,0,0,0,100,0,0,1
112213,112213,500,0,0,0,500,0,0,1
112217,112217,406,0,0,262,144,0,0,1
112221,112221,537,0,0,282,255,0,0,1
112225,112225,358,0,0,246,112,0,0,1
79026,79026,800,0,0,0,800,0,0,1
74304,74304,500,0,0,0,500,0,0,1
79030,79030,1200,0,0,0,1200,0,0,1
79034,79034,1,0,0,0,1,0,0,1
79038,79038,1,0,0,0,1,0,0,1
107735,107735,200,0,0,0,200,0,0,1
107739,107739,100,0,0,0,100,0,0,1
112229,112229,500,0,0,0,500,0,0,1
112233,112233,203,0,0,0,203,0,0,1
112237,112237,1,0,0,0,1,0,0,1
79042,79042,500,0,0,0,500,0,0,1
79050,79050,500,0,0,0,500,0,0,1
79054,79054,800,0,0,700,100,0,0,1
112241,112241,100,0,0,0,100,0,0,1
79058,79058,100,0,0,0,100,0,0,1
112245,112245,20,0,0,0,20,0,0,1
79062,79062,100,0,0,0,100,0,0,1
79074,79074,500,0,0,0,500,0,0,1
79078,79078,100,0,0,0,100,0,0,1
79082,79082,1200,0,0,0,1200,0,0,1
79086,79086,100,0,0,0,100,0,0,1
112249,112249,5,0,5,0,0,0,0,1
79090,79090,1200,0,0,0,1200,0,0,1
79094,79094,1200,0,0,0,1200,0,0,1
107743,107743,371,0,0,13,358,0,0,1
107747,107747,500,0,0,0,500,0,0,1
107751,107751,500,0,0,0,500,0,0,1
107755,107755,3,0,0,0,3,0,0,1
79098,79098,100,0,0,0,100,0,0,1
107759,107759,1000,0,0,0,1000,0,0,1
79102,79102,3,0,3,0,0,0,0,1
79106,79106,500,0,0,0,500,0,0,1
79110,79110,100,0,0,0,100,0,0,1
79114,79114,1200,0,0,0,1200,0,0,1
112261,112261,1,0,0,0,1,0,0,1
79118,79118,1200,0,0,0,1200,0,0,1
107763,107763,1100,0,0,700,400,0,0,1
79122,79122,100,0,0,0,100,0,0,1
107767,107767,24,0,24,0,0,0,0,1
112265,112265,100,0,0,0,100,0,0,1
79126,79126,1200,0,0,0,1200,0,0,1
79130,79130,100,0,0,0,100,0,0,1
79134,79134,100,0,0,0,100,0,0,1
79138,79138,1200,0,0,0,1200,0,0,1
112269,112269,200,0,0,100,100,0,0,1
107771,107771,3,0,0,0,3,0,0,1
79142,79142,1200,0,0,0,1200,0,0,1
79146,79146,500,0,0,0,500,0,0,1
74312,74312,100,0,0,0,100,0,0,1
79150,79150,100,0,0,0,100,0,0,1
112273,112273,204,0,0,0,204,0,0,1
74316,74316,100,0,0,0,100,0,0,1
112277,112277,1,0,0,0,1,0,0,1
112281,112281,1000,0,0,0,1000,0,0,1
112285,112285,2,0,0,0,2,0,0,1
112289,112289,50,0,50,0,0,0,0,1
112293,112321,1000,3000,0,0,1000,3000,0,1
112297,112297,1800,0,0,715,1085,0,0,1
74320,74320,732,0,0,578,154,0,0,1
74328,74600,800,1600,0,0,800,1600,0,1
74332,74332,535,0,0,336,199,0,0,1
74336,76156,800,6100,0,0,800,6100,0,1
107775,107775,900,0,0,700,200,0,0,1
74348,74348,100,0,0,0,100,0,0,1
79158,79158,100,0,0,0,100,0,0,1
74352,74352,364,0,0,88,276,0,0,1
107779,107779,100,0,0,0,100,0,0,1
107783,107783,100,0,0,0,100,0,0,1
79162,79162,100,0,0,0,100,0,0,1
79166,79166,100,0,0,0,100,0,0,1
112305,112305,21,0,0,0,21,0,0,1
74356,74356,373,0,0,196,177,0,0,1
112309,112309,1800,0,0,0,1800,0,0,1
74360,74360,365,0,0,146,219,0,0,1
112317,112317,1800,0,0,1700,100,0,0,1
112325,112325,100,0,0,0,100,0,0,1
112329,112329,255,0,0,0,255,0,0,1
107787,965559,6721,4764023,0,0,9718,4761026,0,1
107791,127207,277,1939,0,0,277,1939,0,1
107795,961727,7884,941951,0,0,7996,941839,0,1
74368,74368,677,0,0,0,677,0,0,1
107799,107799,125,0,0,0,125,0,0,1
74372,75640,1200,1200,0,0,1200,1200,0,1
107803,116403,162,491,0,0,491,162,0,1
112333,207649,137,204,0,0,204,137,0,1
112337,119797,100,439,0,0,439,100,0,1
112341,119181,831,1502,0,0,841,1492,0,1
74376,76580,1054,3265,0,0,1054,3265,0,1
112345,112345,2424,0,0,0,2424,0,0,1
107807,163307,677,3495,0,0,710,3462,0,1
107811,133539,531,1545,0,0,231,1845,0,1
112349,112865,1281,1285,0,0,1285,1281,0,1
79170,80246,185,185,0,0,185,185,0,1
79174,246886,1081,11767,0,0,370,12478,0,1
79178,246890,771,20280,0,0,191,20860,0,1
107815,107815,60,0,0,0,60,0,0,1
107819,107819,1158,0,0,0,1158,0,0,1
107823,116407,1061,870,0,0,870,1061,0,1
112353,120813,202,304,0,0,202,304,0,1
112357,112357,244,0,0,0,244,0,0,1
74384,74384,154,0,0,0,154,0,0,1
74388,74388,185,0,0,40,145,0,0,1
74392,74392,276,0,0,0,276,0,0,1
74396,74396,100,0,0,0,100,0,0,1
74404,74404,100,0,0,0,100,0,0,1
107831,107831,20,0,0,0,20,0,0,1
112377,112377,1,0,0,0,1,0,0,1
112381,112381,2,0,0,0,2,0,0,1
107835,107835,200,0,0,0,200,0,0,1
107839,107843,200,200,0,0,200,200,0,1
79182,79182,1,0,0,0,1,0,0,1
74416,74416,100,0,0,0,100,0,0,1
74420,74420,4000,0,0,0,4000,0,0,1
107847,107847,200,0,0,0,200,0,0,1
107851,107851,20,0,0,0,20,0,0,1
107855,107855,300,0,0,200,100,0,0,1
112389,112389,1,0,0,0,1,0,0,1
112393,112393,2,0,0,0,2,0,0,1
107859,107859,10,0,0,0,10,0,0,1
79186,79186,100,0,0,0,100,0,0,1
79190,79190,100,0,0,0,100,0,0,1
79194,79194,1200,0,0,0,1200,0,0,1
74428,74428,22,0,0,0,22,0,0,1
112397,112397,100,0,0,0,100,0,0,1
112401,112401,100,0,0,0,100,0,0,1
79198,79198,500,0,0,0,500,0,0,1
79202,79202,500,0,0,0,500,0,0,1
79206,79206,800,0,0,0,800,0,0,1
74440,74440,3,0,3,0,0,0,0,1
74444,74444,80,0,0,0,80,0,0,1
107939,107939,128,0,15,0,113,0,0,1
79210,79210,800,0,0,0,800,0,0,1
107999,107999,300,0,0,200,100,0,0,1
79214,79214,2500,0,0,0,2500,0,0,1
74448,74448,30,0,0,0,30,0,0,1
79218,79218,1000,0,0,0,1000,0,0,1
112417,112417,100,0,0,0,100,0,0,1
79222,79222,300,0,0,0,300,0,0,1
79226,79226,100,0,0,0,100,0,0,1
108027,108027,800,0,0,0,800,0,0,1
74452,74452,1,0,0,0,1,0,0,1
79234,82706,1000,1000,0,0,1000,1000,0,1
112421,112421,500,0,0,0,500,0,0,1
112425,112425,453,0,0,234,219,0,0,1
74456,74456,300,0,0,0,300,0,0,1
79238,79238,1200,0,0,0,1200,0,0,1
74460,74460,200,0,0,0,200,0,0,1
79242,79242,100,0,0,0,100,0,0,1
112433,112433,20,0,0,0,20,0,0,1
79246,79246,500,0,0,0,500,0,0,1
79250,79250,1,0,0,0,1,0,0,1
112437,112437,100,0,0,0,100,0,0,1
108031,108031,20,0,0,0,20,0,0,1
79254,79254,1200,0,0,0,1200,0,0,1
79258,79258,1200,0,0,0,1200,0,0,1
79262,79262,1,0,0,0,1,0,0,1
79266,79266,100,0,0,0,100,0,0,1
79270,79270,1200,0,0,0,1200,0,0,1
79274,79274,1200,0,0,0,1200,0,0,1
79278,79278,1200,0,0,0,1200,0,0,1
74464,74464,2,0,0,0,2,0,0,1
79282,79282,1200,0,0,0,1200,0,0,1
74468,74468,2500,0,0,0,2500,0,0,1
112453,112453,1000,0,1000,0,0,0,0,1
79286,79286,1000,0,0,0,1000,0,0,1
108039,108039,20,0,0,0,20,0,0,1
79290,79290,100,0,0,0,100,0,0,1
79294,79294,1000,0,0,0,1000,0,0,1
74472,74472,100,0,0,0,100,0,0,1
79298,79298,100,0,0,0,100,0,0,1
79302,79302,1200,0,0,0,1200,0,0,1
79306,79306,1200,0,0,0,1200,0,0,1
79310,79310,1200,0,0,0,1200,0,0,1
79314,79314,500,0,0,0,500,0,0,1
112465,112465,799,0,0,0,799,0,0,1
108043,108043,1,0,1,0,0,0,0,1
112469,112469,25,0,0,0,25,0,0,1
112473,112473,1,0,0,0,1,0,0,1
108047,108047,185,0,0,41,144,0,0,1
79326,79326,200,0,0,0,200,0,0,1
79330,79330,10,0,0,0,10,0,0,1
112477,112477,176,0,176,0,0,0,0,1
79338,79338,1200,0,0,0,1200,0,0,1
79342,79342,100,0,0,0,100,0,0,1
79346,79346,1200,0,0,0,1200,0,0,1
79350,79350,1200,0,0,0,1200,0,0,1
112481,112481,35,0,0,0,35,0,0,1
108055,108055,4,0,0,0,4,0,0,1
79354,79354,500,0,0,0,500,0,0,1
79358,79358,1200,0,0,0,1200,0,0,1
79362,79362,1200,0,0,0,1200,0,0,1
74496,74496,10,0,0,0,10,0,0,1
112485,112485,200,0,200,0,0,0,0,1
108059,108059,10,0,0,0,10,0,0,1
79366,79366,1000,0,0,0,1000,0,0,1
79370,79370,1100,0,0,1000,100,0,0,1
74500,74500,180,0,0,34,146,0,0,1
108063,108063,800,0,0,0,800,0,0,1
74504,74504,100,0,0,0,100,0,0,1
79374,79374,800,0,0,0,800,0,0,1
74508,74508,100,0,0,0,100,0,0,1
79378,79378,300,0,0,0,300,0,0,1
74512,74512,1,0,1,0,0,0,0,1
112489,112489,100,0,0,0,100,0,0,1
74516,75008,700,700,0,0,700,700,0,1
112493,112493,100,0,0,0,100,0,0,1
74524,74524,3,0,3,0,0,0,0,1
108071,108071,20,0,0,0,20,0,0,1
108075,108075,20,0,0,0,20,0,0,1
108079,108079,1,0,1,0,0,0,0,1
79382,79382,110,0,0,0,110,0,0,1
112497,112497,100,0,0,0,100,0,0,1
112501,112501,2,0,2,0,0,0,0,1
74532,74532,400,0,0,0,400,0,0,1
79390,79390,400,0,400,0,0,0,0,1
74536,74536,23,0,23,0,0,0,0,1
74540,74540,2,0,0,0,2,0,0,1
74544,74544,10,0,10,0,0,0,0,1
108087,108087,100,0,0,0,100,0,0,1
108091,108091,200,0,0,0,200,0,0,1
108095,108095,200,0,0,0,200,0,0,1
79394,79394,800,0,0,0,800,0,0,1
112525,112525,13,0,0,0,13,0,0,1
79398,79398,100,0,0,0,100,0,0,1
79402,79402,100,0,0,0,100,0,0,1
112529,112529,20,0,0,0,20,0,0,1
79406,79406,2300,0,0,1700,600,0,0,1
108099,108099,100,0,0,0,100,0,0,1
112533,112533,5,0,5,0,0,0,0,1
79410,79810,1000,500,0,0,500,1000,0,1
108103,108103,101,0,0,0,101,0,0,1
79414,79414,1100,0,0,0,1100,0,0,1
79418,79418,500,0,0,0,500,0,0,1
112541,112541,3,0,0,0,3,0,0,1
112545,112545,3,0,0,0,3,0,0,1
74552,74552,300,0,0,200,100,0,0,1
79422,79422,1200,0,0,0,1200,0,0,1
79426,79426,1200,0,0,0,1200,0,0,1
108107,108107,200,0,0,0,200,0,0,1
79430,79430,1200,0,0,0,1200,0,0,1
79434,79434,1200,0,0,0,1200,0,0,1
79438,79438,100,0,0,0,100,0,0,1
79442,79442,1200,0,0,0,1200,0,0,1
108111,108111,300,0,0,0,300,0,0,1
108115,108115,363,0,0,214,149,0,0,1
108123,108123,20,0,0,0,20,0,0,1
79446,79446,1200,0,0,0,1200,0,0,1
74556,74556,500,0,0,0,500,0,0,1
79450,79450,1200,0,0,0,1200,0,0,1
108143,108143,20,0,0,0,20,0,0,1
112549,112549,20,0,20,0,0,0,0,1
79454,79454,500,0,0,0,500,0,0,1
108199,108199,800,0,0,0,800,0,0,1
79474,79474,6262,0,0,0,6262,0,0,1
112553,112553,100,0,0,0,100,0,0,1
79478,79478,1200,0,0,0,1200,0,0,1
108239,108239,628,0,0,153,475,0,0,1
108243,108243,395,0,0,0,395,0,0,1
79482,79482,1200,0,0,0,1200,0,0,1
79486,79486,100,0,0,0,100,0,0,1
108247,108247,30,0,30,0,0,0,0,1
112573,112573,1120,0,1120,0,0,0,0,1
79490,79490,100,0,0,0,100,0,0,1
74576,74576,29,0,29,0,0,0,0,1
112577,112577,15,0,0,0,15,0,0,1
79494,79494,100,0,0,0,100,0,0,1
79498,79498,1000,0,0,0,1000,0,0,1
112593,112593,283,0,0,0,283,0,0,1
112597,112597,500,0,0,0,500,0,0,1
112601,112601,630,0,0,150,480,0,0,1
112605,112605,30,0,0,0,30,0,0,1
112609,112609,30,0,0,0,30,0,0,1
79502,79502,500,0,0,0,500,0,0,1
79506,79506,200,0,0,100,100,0,0,1
79510,79510,500,0,0,300,200,0,0,1
112617,112617,100,0,0,0,100,0,0,1
79514,79514,100,0,0,0,100,0,0,1
79518,79518,1000,0,0,0,1000,0,0,1
79522,79522,500,0,0,400,100,0,0,1
79526,79526,200,0,0,100,100,0,0,1
79530,79530,600,0,0,500,100,0,0,1
112621,112621,1,0,1,0,0,0,0,1
79534,79534,100,0,0,0,100,0,0,1
79538,79538,200,0,0,0,200,0,0,1
74580,74580,400,0,0,0,400,0,0,1
79542,79902,600,600,0,0,600,600,0,1
79546,79546,500,0,0,0,500,0,0,1
74584,74584,1400,0,0,0,1400,0,0,1
112625,112625,100,0,100,0,0,0,0,1
74588,74588,296,0,0,113,183,0,0,1
74596,74596,469,0,0,343,126,0,0,1
74604,74604,351,0,0,202,149,0,0,1
108263,108263,800,0,0,0,800,0,0,1
74608,74608,60,0,60,0,0,0,0,1
112629,112629,145,0,0,0,145,0,0,1
112633,112633,100,0,0,0,100,0,0,1
74612,74612,100,0,0,0,100,0,0,1
74624,74624,100,0,0,0,100,0,0,1
74628,74628,27,0,27,0,0,0,0,1
108267,108267,440,0,0,0,440,0,0,1
74632,74632,300,0,0,100,200,0,0,1
74636,74636,1,0,0,0,1,0,0,1
79554,79554,100,0,0,0,100,0,0,1
108271,108271,1,0,0,0,1,0,0,1
108275,108275,2,0,0,0,2,0,0,1
112637,112637,100,0,0,0,100,0,0,1
108279,108279,4,0,0,0,4,0,0,1
79558,79558,100,0,0,0,100,0,0,1
79562,79562,100,0,0,0,100,0,0,1
79566,79566,100,0,0,0,100,0,0,1
79570,79570,1200,0,0,0,1200,0,0,1
79574,79574,100,0,0,0,100,0,0,1
79578,79578,100,0,0,0,100,0,0,1
79582,79582,1200,0,0,0,1200,0,0,1
79586,79586,7,0,0,0,7,0,0,1
112645,112645,4,0,0,0,4,0,0,1
79590,79590,5000,0,290,0,4710,0,0,1
112649,112649,1,0,0,0,1,0,0,1
108291,108291,20,0,0,0,20,0,0,1
108295,108295,20,0,0,0,20,0,0,1
108299,108299,100,0,0,0,100,0,0,1
108303,108303,300,0,0,0,300,0,0,1
112665,112665,3,0,0,0,3,0,0,1
112669,112669,1,0,0,0,1,0,0,1
112673,112673,100,0,0,0,100,0,0,1
112677,112677,100,0,0,0,100,0,0,1
74648,74648,10,0,0,0,10,0,0,1
108307,108307,2,0,0,0,2,0,0,1
108311,108311,1,0,0,0,1,0,0,1
108315,108315,381,0,0,0,381,0,0,1
108319,108319,500,0,0,0,500,0,0,1
108323,108323,729,0,0,629,100,0,0,1
108327,108327,771,0,0,0,771,0,0,1
108331,108331,1500,0,0,581,919,0,0,1
108335,108335,605,0,0,0,605,0,0,1
108339,108339,500,0,0,0,500,0,0,1
108343,108343,629,0,0,470,159,0,0,1
108347,108347,500,0,0,0,500,0,0,1
74652,74652,200,0,0,0,200,0,0,1
112681,112681,1,0,0,0,1,0,0,1
79622,79622,1200,0,0,0,1200,0,0,1
79626,79626,100,0,0,0,100,0,0,1
112685,112685,1,0,0,0,1,0,0,1
112689,112689,3,0,0,0,3,0,0,1
79630,79630,500,0,0,0,500,0,0,1
79634,79634,500,0,0,0,500,0,0,1
112693,112693,100,0,0,0,100,0,0,1
79638,79638,1200,0,0,0,1200,0,0,1
79642,79642,100,0,0,0,100,0,0,1
79646,79646,500,0,0,0,500,0,0,1
79650,79650,100,0,0,0,100,0,0,1
79654,79654,1200,0,0,0,1200,0,0,1
112709,112709,500,0,0,0,500,0,0,1
112713,112713,100,0,0,0,100,0,0,1
79658,79658,500,0,0,0,500,0,0,1
108351,108351,2,0,0,0,2,0,0,1
74656,74656,3,0,0,0,3,0,0,1
79662,79662,1200,0,0,0,1200,0,0,1
79666,79666,100,0,0,0,100,0,0,1
79670,79670,1200,0,0,0,1200,0,0,1
79674,79674,100,0,0,0,100,0,0,1
79678,79678,100,0,0,0,100,0,0,1
112721,112721,100,0,0,0,100,0,0,1
112725,112725,500,0,0,0,500,0,0,1
112729,112741,500,1000,0,0,500,1000,0,1
108363,108363,1,0,0,0,1,0,0,1
112745,112745,100,0,0,0,100,0,0,1
79682,79682,300,0,0,0,300,0,0,1
79686,79686,200,0,0,0,200,0,0,1
108367,108367,501,0,0,346,155,0,0,1
79690,79690,100,0,0,0,100,0,0,1
112749,112749,100,0,0,0,100,0,0,1
112753,112753,50,0,0,0,50,0,0,1
79694,79694,100,0,0,0,100,0,0,1
108371,108371,1,0,0,0,1,0,0,1
74660,74660,2,0,0,0,2,0,0,1
79698,79698,100,0,0,0,100,0,0,1
112757,112757,500,0,0,0,500,0,0,1
112761,112761,100,0,0,0,100,0,0,1
108375,108375,1,0,0,0,1,0,0,1
79702,79702,100,0,0,0,100,0,0,1
79714,79714,100,0,0,0,100,0,0,1
79718,79718,100,0,0,0,100,0,0,1
79722,79722,100,0,0,0,100,0,0,1
108379,108379,1,0,0,0,1,0,0,1
112769,112769,400,0,400,0,0,0,0,1
108383,108383,447,0,0,330,117,0,0,1
79726,79726,1200,0,0,0,1200,0,0,1
79730,79730,100,0,0,0,100,0,0,1
79734,79734,1200,0,0,0,1200,0,0,1
79738,79738,500,0,0,0,500,0,0,1
79742,79742,1200,0,0,0,1200,0,0,1
79746,79746,1200,0,0,0,1200,0,0,1
79750,79750,100,0,0,0,100,0,0,1
79754,79754,1200,0,0,0,1200,0,0,1
79758,79758,100,0,0,0,100,0,0,1
79762,79762,1200,0,0,0,1200,0,0,1
108411,108411,300,0,0,0,300,0,0,1
112785,112785,100,0,0,0,100,0,0,1
108419,108419,20,0,0,0,20,0,0,1
108423,108423,20,0,0,0,20,0,0,1
79766,79766,100,0,0,0,100,0,0,1
79770,79770,1200,0,0,0,1200,0,0,1
108427,108427,100,0,0,0,100,0,0,1
79774,79774,1200,0,0,0,1200,0,0,1
79778,79778,1200,0,0,0,1200,0,0,1
79782,79782,1200,0,0,0,1200,0,0,1
79786,79786,100,0,0,0,100,0,0,1
79790,79790,100,0,0,0,100,0,0,1
79794,79794,100,0,0,0,100,0,0,1
79798,79798,100,0,0,0,100,0,0,1
79802,79802,100,0,0,0,100,0,0,1
79806,79806,500,0,0,0,500,0,0,1
108451,108451,307,0,0,0,307,0,0,1
108455,108455,100,0,0,0,100,0,0,1
108459,108459,200,0,0,0,200,0,0,1
79814,79814,1200,0,0,0,1200,0,0,1
79822,79822,800,0,0,0,800,0,0,1
112793,112793,1119,0,0,0,1119,0,0,1
74676,74676,450,0,0,0,450,0,0,1
108463,108463,700,0,0,300,400,0,0,1
112797,112797,100,0,0,0,100,0,0,1
79826,79826,1200,0,0,0,1200,0,0,1
79830,79830,1200,0,0,0,1200,0,0,1
112801,112801,100,0,0,0,100,0,0,1
108467,108467,100,0,0,0,100,0,0,1
112809,112809,100,0,0,0,100,0,0,1
112813,112813,100,0,0,0,100,0,0,1
108475,108475,100,0,0,0,100,0,0,1
74680,74680,21,0,0,0,21,0,0,1
79838,79838,100,0,0,0,100,0,0,1
112817,112817,1119,0,0,0,1119,0,0,1
112821,112821,100,0,0,0,100,0,0,1
74684,74684,450,0,0,0,450,0,0,1
79842,79842,100,0,0,0,100,0,0,1
79846,79846,1200,0,0,0,1200,0,0,1
79850,79850,500,0,0,0,500,0,0,1
79854,79854,500,0,0,0,500,0,0,1
79858,79858,1200,0,0,0,1200,0,0,1
79862,79862,100,0,0,0,100,0,0,1
79866,79866,100,0,0,0,100,0,0,1
108479,108479,20,0,0,0,20,0,0,1
108483,108483,20,0,0,0,20,0,0,1
79870,79870,1200,0,0,0,1200,0,0,1
79874,79874,100,0,0,0,100,0,0,1
79878,79878,1200,0,0,0,1200,0,0,1
112825,112825,20,0,0,0,20,0,0,1
79882,79882,500,0,0,0,500,0,0,1
112829,112829,100,0,0,0,100,0,0,1
79886,79886,800,0,0,0,800,0,0,1
79890,79890,200,0,0,0,200,0,0,1
79894,79894,300,0,0,0,300,0,0,1
108511,108511,403,0,0,236,167,0,0,1
108515,108515,100,0,0,0,100,0,0,1
108519,108519,1,0,0,0,1,0,0,1
108523,108523,300,0,0,152,148,0,0,1
74688,74688,4000,0,0,0,4000,0,0,1
79898,79898,500,0,0,0,500,0,0,1
74692,74692,400,0,0,0,400,0,0,1
112841,112841,100,0,0,0,100,0,0,1
112845,112845,100,0,0,0,100,0,0,1
112849,112849,333,0,0,167,166,0,0,1
79906,79906,1200,0,0,0,1200,0,0,1
79910,79910,500,0,0,0,500,0,0,1
74696,74696,34,0,0,0,34,0,0,1
79914,79914,500,0,0,0,500,0,0,1
79918,79918,100,0,0,0,100,0,0,1
112853,112853,100,0,0,0,100,0,0,1
112857,112857,100,0,0,0,100,0,0,1
112861,112861,151,0,0,0,151,0,0,1
112869,112869,1285,0,0,0,1285,0,0,1
112873,112873,1285,0,0,0,1285,0,0,1
112877,112877,1285,0,0,0,1285,0,0,1
112881,112881,1285,0,0,0,1285,0,0,1
112885,112885,1285,0,0,0,1285,0,0,1
112889,112889,1285,0,0,0,1285,0,0,1
79922,79922,100,0,0,0,100,0,0,1
112893,112893,1285,0,0,0,1285,0,0,1
112897,112897,1285,0,0,0,1285,0,0,1
112901,112901,1285,0,0,0,1285,0,0,1
112905,112905,1285,0,0,0,1285,0,0,1
112913,112913,1285,0,0,0,1285,0,0,1
108527,108527,800,0,0,0,800,0,0,1
112917,112917,1285,0,0,0,1285,0,0,1
112921,112921,1285,0,0,0,1285,0,0,1
112925,112925,1285,0,0,0,1285,0,0,1
112929,112929,1285,0,0,0,1285,0,0,1
79926,79926,100,0,0,0,100,0,0,1
112933,112933,1285,0,0,0,1285,0,0,1
112937,112937,1285,0,0,0,1285,0,0,1
112941,112941,1285,0,0,0,1285,0,0,1
79930,81026,600,1200,0,0,600,1200,0,1
74700,74700,400,0,0,0,400,0,0,1
112945,112945,1285,0,0,0,1285,0,0,1
112949,112949,1285,0,0,0,1285,0,0,1
112953,112953,1285,0,0,0,1285,0,0,1
112957,112957,1285,0,0,0,1285,0,0,1
112961,112961,1285,0,0,0,1285,0,0,1
112965,112965,1285,0,0,0,1285,0,0,1
112969,112969,1285,0,0,0,1285,0,0,1
112973,112973,1285,0,0,0,1285,0,0,1
112977,112977,1285,0,0,0,1285,0,0,1
112981,112981,1285,0,0,0,1285,0,0,1
112985,112985,1285,0,0,0,1285,0,0,1
112989,112989,1285,0,0,0,1285,0,0,1
112993,112993,1285,0,0,0,1285,0,0,1
112997,112997,1285,0,0,0,1285,0,0,1
113001,113001,1285,0,0,0,1285,0,0,1
113005,113005,1285,0,0,0,1285,0,0,1
79934,79934,1200,0,0,0,1200,0,0,1
113009,113009,1285,0,0,0,1285,0,0,1
113013,113013,1285,0,0,0,1285,0,0,1
113017,113017,1285,0,0,0,1285,0,0,1
113021,113021,1285,0,0,0,1285,0,0,1
113025,113025,1285,0,0,0,1285,0,0,1
113029,113029,1285,0,0,0,1285,0,0,1
79938,79938,100,0,0,0,100,0,0,1
113033,113033,1285,0,0,0,1285,0,0,1
113037,113037,1285,0,0,0,1285,0,0,1
113041,113041,1285,0,0,0,1285,0,0,1
113045,113045,1285,0,0,0,1285,0,0,1
113049,113049,1285,0,0,0,1285,0,0,1
113053,113053,1285,0,0,0,1285,0,0,1
113057,113057,1285,0,0,0,1285,0,0,1
113061,113061,1285,0,0,0,1285,0,0,1
113065,113065,1285,0,0,0,1285,0,0,1
113069,113069,1285,0,0,0,1285,0,0,1
113073,113073,1285,0,0,0,1285,0,0,1
113077,113077,1285,0,0,0,1285,0,0,1
113081,113081,1285,0,0,0,1285,0,0,1
113085,113085,1285,0,0,0,1285,0,0,1
113089,113089,1285,0,0,0,1285,0,0,1
113093,113093,1285,0,0,0,1285,0,0,1
113097,113097,1285,0,0,0,1285,0,0,1
113101,113101,1285,0,0,0,1285,0,0,1
113105,113105,1285,0,0,0,1285,0,0,1
113109,113109,1285,0,0,0,1285,0,0,1
113113,113113,1285,0,0,0,1285,0,0,1
113117,113117,1285,0,0,0,1285,0,0,1
113121,113121,1285,0,0,0,1285,0,0,1
113125,113125,1285,0,0,0,1285,0,0,1
113129,113129,1285,0,0,0,1285,0,0,1
113133,113133,1285,0,0,0,1285,0,0,1
113137,113137,1285,0,0,0,1285,0,0,1
113141,113141,1285,0,0,0,1285,0,0,1
113149,113149,1285,0,0,0,1285,0,0,1
113153,113153,1285,0,0,0,1285,0,0,1
113157,113157,1285,0,0,0,1285,0,0,1
113161,113161,1285,0,0,0,1285,0,0,1
113165,113165,1285,0,0,0,1285,0,0,1
113169,113169,1285,0,0,0,1285,0,0,1
113173,113173,1285,0,0,0,1285,0,0,1
113177,113177,1285,0,0,0,1285,0,0,1
113181,113181,1285,0,0,0,1285,0,0,1
113185,113185,1285,0,0,0,1285,0,0,1
113189,113189,1285,0,0,0,1285,0,0,1
113193,113193,1285,0,0,0,1285,0,0,1
113197,113197,1285,0,0,0,1285,0,0,1
79942,79942,100,0,0,0,100,0,0,1
79946,79946,1200,0,0,0,1200,0,0,1
113201,113201,1285,0,0,0,1285,0,0,1
113205,113205,1285,0,0,0,1285,0,0,1
113209,113209,1285,0,0,0,1285,0,0,1
113213,113213,1285,0,0,0,1285,0,0,1
113217,113217,1285,0,0,0,1285,0,0,1
113221,113865,1285,1080,0,0,1080,1285,0,1
108531,108531,100,0,0,0,100,0,0,1
108539,108539,20,0,0,0,20,0,0,1
113225,113225,100,0,0,0,100,0,0,1
108543,108543,100,0,0,0,100,0,0,1
113229,113229,100,0,0,0,100,0,0,1
79950,79950,1200,0,0,0,1200,0,0,1
79954,79954,100,0,0,0,100,0,0,1
79970,79970,500,0,0,0,500,0,0,1
79974,79974,100,0,0,0,100,0,0,1
79978,79978,1200,0,0,0,1200,0,0,1
79982,79982,1200,0,0,900,300,0,0,1
79986,79986,100,0,0,0,100,0,0,1
113233,113249,500,1000,0,0,500,1000,0,1
113237,113237,100,0,0,0,100,0,0,1
74708,74708,293,0,0,0,293,0,0,1
74712,74712,180,0,0,0,180,0,0,1
113245,113245,185,0,0,41,144,0,0,1
79990,79990,800,0,0,600,200,0,0,1
79994,79994,500,0,0,0,500,0,0,1
79998,79998,600,0,0,500,100,0,0,1
74716,74716,500,0,0,0,500,0,0,1
74720,74720,500,0,0,0,500,0,0,1
74724,74724,381,0,0,0,381,0,0,1
80002,80002,1200,0,0,600,600,0,0,1
74728,74728,100,0,0,0,100,0,0,1
74732,74732,500,0,0,0,500,0,0,1
74736,74736,100,0,0,0,100,0,0,1
74740,74740,500,0,0,0,500,0,0,1
74744,74744,500,0,0,0,500,0,0,1
74748,74748,659,0,0,0,659,0,0,1
74752,74752,175,0,0,75,100,0,0,1
80006,80006,600,0,0,400,200,0,0,1
80010,80010,300,0,0,0,300,0,0,1
108547,108547,800,0,0,0,800,0,0,1
74756,74756,4000,0,0,0,4000,0,0,1
113253,113253,100,0,0,0,100,0,0,1
80022,80022,100,0,0,0,100,0,0,1
113257,113257,100,0,0,0,100,0,0,1
113261,113261,100,0,0,0,100,0,0,1
113265,113265,100,0,0,0,100,0,0,1
113269,113269,100,0,0,0,100,0,0,1
74768,74768,500,0,0,0,500,0,0,1
74772,74772,195,0,0,0,195,0,0,1
74776,74776,500,0,0,0,500,0,0,1
74780,74780,500,0,0,0,500,0,0,1
113273,113273,100,0,0,0,100,0,0,1
113277,113277,100,0,0,0,100,0,0,1
74784,74784,676,0,0,75,601,0,0,1
113281,113281,100,0,0,0,100,0,0,1
113285,113285,100,0,0,0,100,0,0,1
113289,113289,100,0,0,0,100,0,0,1
113293,113293,100,0,0,0,100,0,0,1
113297,113297,100,0,0,0,100,0,0,1
113301,113301,100,0,0,0,100,0,0,1
113305,113305,100,0,0,0,100,0,0,1
74792,74792,500,0,0,0,500,0,0,1
113309,113309,100,0,0,0,100,0,0,1
74796,74796,500,0,0,0,500,0,0,1
113313,113313,100,0,0,0,100,0,0,1
113317,113317,100,0,0,0,100,0,0,1
74800,74800,1000,0,0,500,500,0,0,1
113321,113321,100,0,0,0,100,0,0,1
80026,80026,100,0,0,0,100,0,0,1
80030,80030,100,0,0,0,100,0,0,1
80034,80034,100,0,0,0,100,0,0,1
80038,80038,100,0,0,0,100,0,0,1
80042,80042,100,0,0,0,100,0,0,1
80046,80046,100,0,0,0,100,0,0,1
80050,80050,100,0,0,0,100,0,0,1
80054,80054,100,0,0,0,100,0,0,1
80058,80058,100,0,0,0,100,0,0,1
80062,80062,100,0,0,0,100,0,0,1
80066,80066,100,0,0,0,100,0,0,1
80070,80070,100,0,0,0,100,0,0,1
80074,80074,100,0,0,0,100,0,0,1
80078,80078,100,0,0,0,100,0,0,1
80082,80082,100,0,0,0,100,0,0,1
80086,80086,100,0,0,0,100,0,0,1
80090,80090,100,0,0,0,100,0,0,1
108551,108551,100,0,0,0,100,0,0,1
113325,113325,500,0,0,0,500,0,0,1
108555,108555,100,0,0,0,100,0,0,1
108559,108559,100,0,0,0,100,0,0,1
108563,108563,100,0,0,0,100,0,0,1
108567,108567,100,0,0,0,100,0,0,1
108571,108571,100,0,0,0,100,0,0,1
108575,108575,100,0,0,0,100,0,0,1
108579,108579,100,0,0,0,100,0,0,1
108583,108583,100,0,0,0,100,0,0,1
108587,108587,100,0,0,0,100,0,0,1
108591,108591,100,0,0,0,100,0,0,1
108595,108595,100,0,0,0,100,0,0,1
108599,108599,100,0,0,0,100,0,0,1
108603,108603,100,0,0,0,100,0,0,1
108607,108607,100,0,0,0,100,0,0,1
108611,108611,100,0,0,0,100,0,0,1
108615,108615,100,0,0,0,100,0,0,1
108619,108619,100,0,0,0,100,0,0,1
108623,108623,100,0,0,0,100,0,0,1
113329,113329,195,0,0,13,182,0,0,1
108627,108627,100,0,0,0,100,0,0,1
108631,108631,100,0,0,0,100,0,0,1
74804,74804,100,0,0,0,100,0,0,1
108635,108635,150,0,0,0,150,0,0,1
74808,74808,100,0,0,0,100,0,0,1
74812,74812,100,0,0,0,100,0,0,1
113333,113333,100,0,0,0,100,0,0,1
74816,74816,100,0,0,0,100,0,0,1
74820,74820,100,0,0,0,100,0,0,1
108639,108639,800,0,0,0,800,0,0,1
74824,74824,100,0,0,0,100,0,0,1
74828,74828,100,0,0,0,100,0,0,1
74832,74832,100,0,0,0,100,0,0,1
74836,74836,100,0,0,0,100,0,0,1
74840,74840,100,0,0,0,100,0,0,1
74844,74844,100,0,0,0,100,0,0,1
74848,74848,100,0,0,0,100,0,0,1
74852,74852,100,0,0,0,100,0,0,1
74856,74856,100,0,0,0,100,0,0,1
113337,113337,102,0,0,0,102,0,0,1
108643,108643,375,0,0,256,119,0,0,1
108651,108651,500,0,0,0,500,0,0,1
108655,108671,500,500,0,0,500,500,0,1
108659,108659,500,0,0,0,500,0,0,1
108663,108663,100,0,0,0,100,0,0,1
108667,108667,100,0,0,0,100,0,0,1
108675,108743,500,500,0,0,500,500,0,1
74860,74860,400,0,0,0,400,0,0,1
74864,74864,500,0,0,0,500,0,0,1
74868,74868,2800,0,0,0,2800,0,0,1
108679,108687,500,500,0,0,500,500,0,1
108683,108755,500,1000,0,0,500,1000,0,1
80114,80114,200,0,0,0,200,0,0,1
74872,74872,800,0,0,700,100,0,0,1
108715,110511,500,500,0,0,500,500,0,1
113369,113369,168,0,0,6,162,0,0,1
108719,108719,1100,0,0,100,1000,0,0,1
108723,108723,100,0,0,0,100,0,0,1
108727,108727,500,0,0,0,500,0,0,1
108731,108731,500,0,0,0,500,0,0,1
108735,108735,300,0,0,200,100,0,0,1
108751,108751,500,0,0,0,500,0,0,1
108759,108759,500,0,0,0,500,0,0,1
108763,108763,100,0,0,0,100,0,0,1
108767,108767,800,0,0,0,800,0,0,1
108771,108771,129,0,0,21,108,0,0,1
80134,80134,300,0,0,0,300,0,0,1
108775,108775,500,0,0,0,500,0,0,1
108779,108779,500,0,0,0,500,0,0,1
80138,80138,200,0,0,0,200,0,0,1
108783,108783,600,0,0,500,100,0,0,1
113373,113373,800,0,0,700,100,0,0,1
113381,113381,200,0,0,0,200,0,0,1
113385,113385,200,0,0,0,200,0,0,1
113389,113389,100,0,0,0,100,0,0,1
108787,108787,100,0,0,0,100,0,0,1
113393,113393,100,0,0,0,100,0,0,1
108791,108791,200,0,0,0,200,0,0,1
108795,108795,500,0,0,0,500,0,0,1
108799,108799,100,0,0,0,100,0,0,1
113405,113405,100,0,0,0,100,0,0,1
113409,113409,200,0,0,0,200,0,0,1
113413,113413,100,0,0,0,100,0,0,1
113421,113421,800,0,0,200,600,0,0,1
74908,74908,500,0,0,0,500,0,0,1
74912,74912,100,0,0,0,100,0,0,1
74916,74916,100,0,0,0,100,0,0,1
74920,74920,100,0,0,0,100,0,0,1
74924,74924,600,0,0,400,200,0,0,1
74928,74928,200,0,0,0,200,0,0,1
74932,74932,1200,0,0,0,1200,0,0,1
74936,74936,100,0,0,0,100,0,0,1
74940,74940,100,0,0,0,100,0,0,1
74944,74944,100,0,0,0,100,0,0,1
74948,74948,4800,0,0,0,4800,0,0,1
74952,74952,100,0,0,0,100,0,0,1
74956,74956,100,0,0,0,100,0,0,1
74960,74960,100,0,0,0,100,0,0,1
74964,74964,100,0,0,0,100,0,0,1
74968,74968,100,0,0,0,100,0,0,1
74972,74972,100,0,0,0,100,0,0,1
74976,74976,100,0,0,0,100,0,0,1
74980,74980,1200,0,0,0,1200,0,0,1
74984,74984,100,0,0,0,100,0,0,1
74988,74988,100,0,0,0,100,0,0,1
74992,74992,100,0,0,0,100,0,0,1
74996,74996,200,0,0,100,100,0,0,1
75000,75000,1100,0,0,400,700,0,0,1
80142,80142,200,0,0,0,200,0,0,1
113425,113425,20,0,0,0,20,0,0,1
108803,108803,167,0,0,18,149,0,0,1
80146,80146,200,0,0,0,200,0,0,1
80150,80150,300,0,0,0,300,0,0,1
113441,113441,20,0,0,0,20,0,0,1
113445,113445,20,0,0,0,20,0,0,1
113449,113449,20,0,0,0,20,0,0,1
80154,80154,2000,0,0,1000,1000,0,0,1
80158,80158,1000,0,0,0,1000,0,0,1
80162,80162,15000,0,0,14500,500,0,0,1
108823,110015,500,1000,0,0,500,1000,0,1
108827,108827,500,0,0,200,300,0,0,1
108831,108831,800,0,0,500,300,0,0,1
108835,108835,100,0,0,0,100,0,0,1
113453,113453,100,0,0,0,100,0,0,1
108839,108839,346,0,0,162,184,0,0,1
75004,75004,500,0,0,0,500,0,0,1
108843,108843,371,0,0,200,171,0,0,1
80166,80166,100,0,0,0,100,0,0,1
80174,80174,100,0,0,0,100,0,0,1
75012,76428,400,400,0,0,400,400,0,1
75016,75016,100,0,0,0,100,0,0,1
75020,75020,100,0,0,0,100,0,0,1
75024,75024,100,0,0,0,100,0,0,1
75028,75028,100,0,0,0,100,0,0,1
75032,75032,100,0,0,0,100,0,0,1
75036,75036,1000,0,0,0,1000,0,0,1
75040,75040,300,0,0,0,300,0,0,1
75044,76264,300,200,0,0,200,300,0,1
80214,80214,100,0,0,0,100,0,0,1
75048,75048,100,0,0,0,100,0,0,1
80218,80218,300,0,0,0,300,0,0,1
80222,80222,200,0,0,0,200,0,0,1
75052,75052,200,0,0,100,100,0,0,1
75056,75056,200,0,0,100,100,0,0,1
75060,75060,1400,0,0,0,1400,0,0,1
80226,80226,100,0,0,0,100,0,0,1
75064,75064,100,0,0,0,100,0,0,1
80230,80230,300,0,0,0,300,0,0,1
80234,80234,200,0,0,0,200,0,0,1
108855,108855,377,0,0,237,140,0,0,1
108859,108859,100,0,0,0,100,0,0,1
108863,108863,250,0,0,69,181,0,0,1
80242,80242,100,0,0,0,100,0,0,1
108867,108867,391,0,0,229,162,0,0,1
80250,80250,185,0,0,0,185,0,0,1
75068,75068,100,0,0,0,100,0,0,1
113485,113485,100,0,0,0,100,0,0,1
75072,75072,500,0,0,0,500,0,0,1
75076,75076,500,0,0,0,500,0,0,1
75080,75080,500,0,0,0,500,0,0,1
75084,75084,490,0,0,290,200,0,0,1
75088,75088,276,0,0,101,175,0,0,1
75092,75092,461,0,0,0,461,0,0,1
75096,75096,523,0,0,0,523,0,0,1
108871,108871,1000,0,0,0,1000,0,0,1
80254,80254,100,0,0,0,100,0,0,1
80270,80270,600,0,0,0,600,0,0,1
75100,75100,400,0,0,0,400,0,0,1
113501,113501,1119,0,0,148,971,0,0,1
75104,75104,795,0,0,0,795,0,0,1
75108,75108,469,0,0,358,111,0,0,1
113505,113505,500,0,0,0,500,0,0,1
75112,75112,100,0,0,0,100,0,0,1
113509,113509,20,0,0,0,20,0,0,1
113513,113513,20,0,0,0,20,0,0,1
113517,113517,100,0,0,0,100,0,0,1
108879,108879,200,0,0,0,200,0,0,1
75116,75116,500,0,0,0,500,0,0,1
108895,108895,20,0,0,0,20,0,0,1
108899,108899,20,0,0,0,20,0,0,1
108903,108903,20,0,0,0,20,0,0,1
113529,113529,251,0,0,91,160,0,0,1
108907,108907,20,0,0,0,20,0,0,1
75120,75120,203,0,0,0,203,0,0,1
75124,75124,293,0,0,113,180,0,0,1
113533,113533,100,0,0,0,100,0,0,1
113537,113537,100,0,0,0,100,0,0,1
108911,108911,350,0,0,0,350,0,0,1
80278,81578,300,1200,0,0,300,1200,0,1
80282,80282,700,0,0,0,700,0,0,1
80286,80286,800,0,0,0,800,0,0,1
80290,80290,2000,0,0,1800,200,0,0,1
108931,108931,100,0,0,0,100,0,0,1
75132,75132,100,0,0,0,100,0,0,1
75136,75136,100,0,0,0,100,0,0,1
75144,75144,200,0,0,0,200,0,0,1
75148,75148,100,0,0,0,100,0,0,1
75160,75160,200,0,0,0,200,0,0,1
75164,75164,100,0,0,0,100,0,0,1
75168,75168,200,0,0,0,200,0,0,1
108935,108935,20,0,0,0,20,0,0,1
108943,108943,20,0,0,0,20,0,0,1
75172,75172,100,0,0,0,100,0,0,1
75176,75176,200,0,0,0,200,0,0,1
113549,113549,200,0,0,0,200,0,0,1
75180,75180,500,0,0,0,500,0,0,1
75188,75188,296,0,0,0,296,0,0,1
75192,75192,113,0,0,4,109,0,0,1
75196,75196,100,0,0,0,100,0,0,1
75200,75200,2500,0,0,0,2500,0,0,1
75204,75204,1200,0,1200,0,0,0,0,1
108979,108979,200,0,0,0,200,0,0,1
75208,75332,200,400,0,0,200,400,0,1
75212,75212,200,0,0,0,200,0,0,1
75224,75224,330,0,0,171,159,0,0,1
75228,75228,296,0,0,143,153,0,0,1
75232,75232,171,0,0,0,171,0,0,1
113557,113557,901,0,0,0,901,0,0,1
75240,75240,450,0,0,0,450,0,0,1
75252,75252,799,0,0,0,799,0,0,1
113569,113569,901,0,0,778,123,0,0,1
75256,75256,450,0,0,337,113,0,0,1
75260,75260,400,0,0,0,400,0,0,1
80322,80322,600,0,0,0,600,0,0,1
75264,75264,500,0,0,0,500,0,0,1
75268,75268,400,0,0,0,400,0,0,1
113573,113573,100,0,0,0,100,0,0,1
75272,75272,342,0,0,187,155,0,0,1
75276,75276,700,0,0,0,700,0,0,1
75280,75280,231,0,0,0,231,0,0,1
75284,75284,100,0,0,0,100,0,0,1
108991,108991,200,0,0,100,100,0,0,1
108995,108995,400,0,0,200,200,0,0,1
109003,109003,2500,0,0,0,2500,0,0,1
109007,109007,100,0,0,0,100,0,0,1
109011,109011,100,0,0,0,100,0,0,1
109015,109019,2500,2200,0,0,2200,2500,0,1
113577,113577,785,0,0,662,123,0,0,1
113581,113581,232,0,0,83,149,0,0,1
113585,113585,100,0,0,0,100,0,0,1
113589,113589,463,0,0,0,463,0,0,1
113593,113593,172,0,0,60,112,0,0,1
113597,113597,500,0,0,0,500,0,0,1
113601,113601,100,0,0,0,100,0,0,1
113605,113605,517,0,0,304,213,0,0,1
113609,113609,395,0,0,72,323,0,0,1
113613,113613,369,0,0,136,233,0,0,1
80342,80342,100,0,0,0,100,0,0,1
80346,80346,100,0,0,0,100,0,0,1
80350,80350,100,0,0,0,100,0,0,1
113617,113617,276,0,0,43,233,0,0,1
109023,109067,2200,4300,0,0,2500,4000,0,1
109027,109027,300,0,0,0,300,0,0,1
75288,75288,100,0,0,0,100,0,0,1
75292,75292,100,0,0,0,100,0,0,1
113621,113621,166,0,0,1,165,0,0,1
113625,113625,500,0,0,0,500,0,0,1
113629,113629,1000,0,0,0,1000,0,0,1
113633,113633,791,0,0,50,741,0,0,1
113637,113637,463,0,0,363,100,0,0,1
80358,80358,3000,0,3000,0,0,0,0,1
113641,113641,1062,0,0,932,130,0,0,1
113645,113645,500,0,0,0,500,0,0,1
113649,113649,500,0,0,0,500,0,0,1
113653,113653,100,0,0,0,100,0,0,1
113657,113657,500,0,0,0,500,0,0,1
113661,113661,500,0,0,0,500,0,0,1
113665,116837,500,500,0,0,500,500,0,1
75296,75296,390,0,0,260,130,0,0,1
75300,75300,800,0,0,0,800,0,0,1
75304,75304,171,0,0,0,171,0,0,1
80362,80362,500,0,0,0,500,0,0,1
75308,75308,100,0,0,0,100,0,0,1
109043,109043,189,0,0,0,189,0,0,1
113669,113669,500,0,0,0,500,0,0,1
109047,109047,131,0,0,0,131,0,0,1
109051,109051,354,0,0,0,354,0,0,1
75312,75312,100,0,0,0,100,0,0,1
109055,109055,500,0,0,0,500,0,0,1
109059,109059,235,0,0,108,127,0,0,1
80366,80366,400,0,0,0,400,0,0,1
80370,80370,500,0,0,0,500,0,0,1
109063,109127,2500,2400,0,0,2400,2500,0,1
80374,80374,500,0,0,0,500,0,0,1
80378,80378,400,0,0,0,400,0,0,1
80382,80382,100,0,0,0,100,0,0,1
80386,80386,100,0,0,0,100,0,0,1
75316,75316,100,0,0,0,100,0,0,1
113685,113685,926,0,0,792,134,0,0,1
113689,113689,500,0,0,0,500,0,0,1
113693,113693,423,0,0,323,100,0,0,1
113697,113697,176,0,0,0,176,0,0,1
113701,113701,448,0,0,0,448,0,0,1
113705,113705,500,0,0,0,500,0,0,1
113709,113709,628,0,0,458,170,0,0,1
113713,113713,1837,0,0,831,1006,0,0,1
109071,109071,100,0,0,0,100,0,0,1
113717,113717,100,0,0,0,100,0,0,1
109075,109075,500,0,0,300,200,0,0,1
80390,80390,500,0,0,0,500,0,0,1
80394,80394,500,0,0,0,500,0,0,1
80398,80398,100,0,0,0,100,0,0,1
75320,75320,100,0,0,0,100,0,0,1
113721,113721,100,0,0,0,100,0,0,1
113725,113725,100,0,0,0,100,0,0,1
80402,80402,500,0,0,0,500,0,0,1
80406,80406,100,0,0,0,100,0,0,1
80410,80410,500,0,0,0,500,0,0,1
80414,80414,100,0,0,0,100,0,0,1
80418,80418,100,0,0,0,100,0,0,1
80422,80422,500,0,0,0,500,0,0,1
80426,80426,100,0,0,0,100,0,0,1
80430,80430,500,0,0,0,500,0,0,1
75324,75324,100,0,0,0,100,0,0,1
80434,80434,100,0,0,0,100,0,0,1
80438,80438,500,0,0,0,500,0,0,1
109095,109095,20,0,0,0,20,0,0,1
80442,100594,3000,1500,0,0,500,4000,0,1
75328,75328,450,0,0,330,120,0,0,1
113741,113741,100,0,0,0,100,0,0,1
113745,113745,100,0,0,0,100,0,0,1
113749,113749,205,0,0,0,205,0,0,1
113753,113753,100,0,0,0,100,0,0,1
80450,80450,100,0,0,0,100,0,0,1
113761,113761,500,0,0,0,500,0,0,1
113765,113765,290,0,0,157,133,0,0,1
113769,113769,500,0,0,0,500,0,0,1
75336,75336,2000,0,0,1500,500,0,0,1
75340,75340,400,0,0,0,400,0,0,1
75344,110064,2200,4400,0,0,2200,4400,0,1
75348,75348,8000,0,0,7900,100,0,0,1
75352,75352,100,0,0,0,100,0,0,1
75356,75356,1500,0,0,1400,100,0,0,1
75364,75364,1500,0,0,1300,200,0,0,1
75368,75368,100,0,0,0,100,0,0,1
75372,75372,300,0,0,0,300,0,0,1
75376,75376,100,0,0,0,100,0,0,1
80454,80454,300,0,0,0,300,0,0,1
113773,113773,328,0,0,0,328,0,0,1
75380,75380,100,0,0,0,100,0,0,1
80462,80462,100,0,0,0,100,0,0,1
75384,75384,2900,0,0,2600,300,0,0,1
75388,75388,2500,0,0,0,2500,0,0,1
75392,75392,100,0,0,0,100,0,0,1
75396,75396,100,0,0,0,100,0,0,1
75400,75400,1400,0,0,0,1400,0,0,1
80466,80466,1100,0,0,600,500,0,0,1
109103,109103,200,0,0,0,200,0,0,1
109107,109107,500,0,0,0,500,0,0,1
80470,80470,800,0,0,0,800,0,0,1
80474,80474,1800,0,0,0,1800,0,0,1
80478,80478,700,0,0,0,700,0,0,1
75408,75408,100,0,0,0,100,0,0,1
75412,75412,1400,0,0,0,1400,0,0,1
80482,82542,500,500,0,0,500,500,0,1
113785,113785,100,0,0,0,100,0,0,1
75416,75416,1300,0,0,1200,100,0,0,1
75420,75420,400,0,0,100,300,0,0,1
75424,75424,400,0,0,0,400,0,0,1
109111,109111,2500,0,0,0,2500,0,0,1
80486,80486,100,0,0,0,100,0,0,1
75436,75436,115,0,0,15,100,0,0,1
109115,109115,200,0,0,0,200,0,0,1
109123,109123,200,0,0,0,200,0,0,1
75444,75444,1700,0,0,1200,500,0,0,1
113793,113793,500,0,0,0,500,0,0,1
113797,113797,299,0,0,75,224,0,0,1
109135,109135,100,0,0,0,100,0,0,1
109143,109143,100,0,0,0,100,0,0,1
109147,109555,2500,4200,0,0,2000,4700,0,1
109151,109163,2500,2300,0,0,2300,2500,0,1
80490,80490,100,0,0,0,100,0,0,1
80494,80494,100,0,0,0,100,0,0,1
113801,113801,200,0,0,100,100,0,0,1
75448,75448,400,0,0,0,400,0,0,1
75452,75452,200,0,0,0,200,0,0,1
113805,113805,100,0,0,0,100,0,0,1
113809,113809,300,0,0,0,300,0,0,1
75456,75456,2800,0,0,0,2800,0,0,1
75460,75460,2800,0,0,0,2800,0,0,1
75464,75464,500,0,0,0,500,0,0,1
75468,75468,400,0,0,0,400,0,0,1
80498,80498,600,0,0,400,200,0,0,1
80502,80502,500,0,0,0,500,0,0,1
80506,80506,1500,0,0,0,1500,0,0,1
80510,80510,500,0,0,0,500,0,0,1
75472,75472,200,0,0,11,189,0,0,1
75476,75476,171,0,0,0,171,0,0,1
75480,75480,201,0,0,81,120,0,0,1
109167,109167,100,0,0,0,100,0,0,1
109175,109175,300,0,0,0,300,0,0,1
109179,109179,1800,0,0,0,1800,0,0,1
109187,109187,100,0,0,0,100,0,0,1
109191,109191,200,0,0,0,200,0,0,1
109195,109195,100,0,0,0,100,0,0,1
109199,109199,129,0,0,0,129,0,0,1
109203,109203,100,0,0,0,100,0,0,1
109207,109207,539,0,0,429,110,0,0,1
109211,109211,100,0,0,0,100,0,0,1
109215,109215,146,0,0,46,100,0,0,1
109219,109219,179,0,0,0,179,0,0,1
109223,109223,200,0,0,0,200,0,0,1
75484,75484,2500,0,0,0,2500,0,0,1
109227,109227,1000,0,0,0,1000,0,0,1
109231,109231,1000,0,0,0,1000,0,0,1
109235,109235,1000,0,0,0,1000,0,0,1
80514,80514,600,0,0,300,300,0,0,1
109247,109247,100,0,100,0,0,0,0,1
109251,109251,500,0,0,0,500,0,0,1
109255,109255,100,0,0,0,100,0,0,1
109259,109259,20,0,0,0,20,0,0,1
109263,109263,500,0,0,0,500,0,0,1
109267,109267,100,0,0,0,100,0,0,1
80518,80518,500,0,0,0,500,0,0,1
109271,109271,328,0,0,149,179,0,0,1
80522,80522,100,0,0,0,100,0,0,1
109275,109275,225,0,0,0,225,0,0,1
109279,109279,1000,0,0,0,1000,0,0,1
75488,75488,5000,0,0,0,5000,0,0,1
109283,109283,100,0,0,0,100,0,0,1
109287,109287,534,0,0,115,419,0,0,1
109291,109291,195,0,0,90,105,0,0,1
75492,75492,100,0,0,0,100,0,0,1
109295,109295,500,0,0,400,100,0,0,1
109299,109299,500,0,0,0,500,0,0,1
109303,109303,500,0,0,0,500,0,0,1
80526,80526,100,0,0,0,100,0,0,1
80530,80530,100,0,0,0,100,0,0,1
109307,109307,100,0,0,0,100,0,0,1
109311,109311,500,0,0,0,500,0,0,1
109315,109315,600,0,0,500,100,0,0,1
109319,109319,500,0,0,0,500,0,0,1
109323,109323,1800,0,0,1600,200,0,0,1
109327,109327,500,0,0,0,500,0,0,1
109331,109331,500,0,0,0,500,0,0,1
109335,109335,100,0,0,0,100,0,0,1
75496,75496,2100,0,0,2000,100,0,0,1
75500,75500,500,0,0,0,500,0,0,1
75504,75504,1000,0,0,0,1000,0,0,1
75508,75508,1000,0,0,800,200,0,0,1
75512,75512,500,0,0,0,500,0,0,1
75516,75516,500,0,0,0,500,0,0,1
75520,75520,3000,0,0,2300,700,0,0,1
75524,75524,500,0,0,400,100,0,0,1
75528,75528,500,0,0,0,500,0,0,1
75532,75532,1500,0,0,900,600,0,0,1
109339,109339,1100,0,0,1000,100,0,0,1
75536,75536,100,0,0,0,100,0,0,1
80534,80534,100,0,0,0,100,0,0,1
109343,109343,500,0,0,0,500,0,0,1
75540,75540,300,0,0,200,100,0,0,1
75544,75544,1000,0,0,500,500,0,0,1
75548,75548,500,0,0,0,500,0,0,1
75552,75552,500,0,0,0,500,0,0,1
75556,75556,1000,0,0,0,1000,0,0,1
75560,75560,800,0,0,0,800,0,0,1
75564,75564,800,0,0,500,300,0,0,1
75568,75568,400,0,0,0,400,0,0,1
113837,113837,500,0,0,0,500,0,0,1
113841,113841,500,0,0,0,500,0,0,1
109347,109347,100,0,0,0,100,0,0,1
113849,113849,700,0,0,0,700,0,0,1
113853,113853,500,0,0,0,500,0,0,1
113857,113857,220,0,0,57,163,0,0,1
109351,109351,800,0,0,500,300,0,0,1
109355,109355,500,0,0,0,500,0,0,1
75572,75572,1000,0,0,0,1000,0,0,1
75576,75576,1000,0,0,500,500,0,0,1
75580,75580,1200,0,0,1100,100,0,0,1
113861,113861,100,0,0,0,100,0,0,1
75584,75584,1500,0,0,0,1500,0,0,1
113877,113877,500,0,0,0,500,0,0,1
80538,80538,100,0,0,0,100,0,0,1
113881,113881,17,0,0,0,17,0,0,1
109359,109359,500,0,0,0,500,0,0,1
109363,109363,500,0,0,0,500,0,0,1
109371,109371,800,0,0,500,300,0,0,1
80542,80542,247,0,0,147,100,0,0,1
80546,80546,100,0,0,0,100,0,0,1
80550,80550,100,0,0,0,100,0,0,1
80554,80554,100,0,0,0,100,0,0,1
109375,109375,457,0,0,352,105,0,0,1
109379,109379,800,0,0,0,800,0,0,1
80558,80558,105,0,0,0,105,0,0,1
75588,75588,500,0,0,100,400,0,0,1
113885,113885,500,0,0,0,500,0,0,1
113889,113889,500,0,0,0,500,0,0,1
75592,75592,500,0,0,0,500,0,0,1
109383,109383,1100,0,0,1000,100,0,0,1
113893,113893,200,0,0,0,200,0,0,1
75596,75596,200,0,0,0,200,0,0,1
113897,113897,300,0,0,0,300,0,0,1
75600,75600,800,0,0,600,200,0,0,1
75604,75604,1500,0,0,0,1500,0,0,1
75608,75608,17500,0,0,2500,15000,0,0,1
75612,75612,900,0,0,0,900,0,0,1
75616,75616,2500,0,0,0,2500,0,0,1
75620,75620,1400,0,0,400,1000,0,0,1
75624,75624,100,0,0,0,100,0,0,1
109387,109387,500,0,0,0,500,0,0,1
109391,109391,500,0,0,0,500,0,0,1
109399,109399,100,0,0,0,100,0,0,1
75632,75632,100,0,0,0,100,0,0,1
75636,75636,100,0,0,0,100,0,0,1
109419,109419,100,0,0,0,100,0,0,1
109427,109427,100,0,0,0,100,0,0,1
109431,109431,100,0,0,0,100,0,0,1
109451,109451,100,0,0,0,100,0,0,1
80562,80562,100,0,0,0,100,0,0,1
80566,80566,100,0,0,0,100,0,0,1
80570,80570,100,0,0,0,100,0,0,1
80574,80574,100,0,0,0,100,0,0,1
109455,109455,100,0,0,0,100,0,0,1
109459,109459,100,0,0,0,100,0,0,1
109467,109467,214,0,0,0,214,0,0,1
109471,109471,100,0,0,0,100,0,0,1
109475,109475,200,0,0,57,143,0,0,1
109483,109483,100,0,0,0,100,0,0,1
109503,109503,1000,0,0,0,1000,0,0,1
109511,109511,151,0,0,38,113,0,0,1
109515,109515,100,0,0,0,100,0,0,1
109519,109519,2500,0,0,0,2500,0,0,1
109527,109527,100,0,0,0,100,0,0,1
75652,75652,391,0,0,172,219,0,0,1
75656,75656,290,0,0,87,203,0,0,1
75660,75660,700,0,0,0,700,0,0,1
75664,75664,451,0,0,292,159,0,0,1
75668,75668,345,0,0,202,143,0,0,1
75672,75672,800,0,0,0,800,0,0,1
109547,109547,100,0,0,0,100,0,0,1
109559,109943,2500,3800,0,0,1900,4400,0,1
109563,109563,100,0,0,0,100,0,0,1
109567,109567,100,0,0,0,100,0,0,1
109571,109571,2300,0,0,0,2300,0,0,1
109575,109575,2300,0,0,0,2300,0,0,1
109579,109579,900,0,0,500,400,0,0,1
109583,109583,200,0,0,100,100,0,0,1
109587,109587,1800,0,0,0,1800,0,0,1
109591,111763,1800,3300,0,0,1600,3500,0,1
109599,109603,500,500,0,0,500,500,0,1
109619,109619,318,0,0,36,282,0,0,1
109631,109631,500,0,0,0,500,0,0,1
109635,109635,100,0,0,0,100,0,0,1
109655,109655,10000,0,0,0,10000,0,0,1
109659,109659,20000,0,0,0,20000,0,0,1
109663,109663,10000,0,0,0,10000,0,0,1
109667,109667,20000,0,0,0,20000,0,0,1
109671,109671,100,0,0,0,100,0,0,1
109675,109675,100,0,0,0,100,0,0,1
109683,109683,500,0,0,0,500,0,0,1
113909,113909,100,0,0,0,100,0,0,1
109687,109687,500,0,0,0,500,0,0,1
109691,109711,500,1000,0,0,500,1000,0,1
80582,80582,300,0,0,0,300,0,0,1
80586,80586,3000,0,0,2900,100,0,0,1
75692,75692,100,0,0,0,100,0,0,1
109699,109699,100,0,0,0,100,0,0,1
109719,109719,500,0,0,0,500,0,0,1
75704,75704,2500,0,0,0,2500,0,0,1
109723,109723,100,0,0,0,100,0,0,1
113913,113913,100,0,0,0,100,0,0,1
109731,109731,20,0,0,0,20,0,0,1
113917,113917,20,0,0,0,20,0,0,1
109743,109743,100,0,0,0,100,0,0,1
109747,110287,500,500,0,0,500,500,0,1
80594,80594,100,0,0,0,100,0,0,1
113921,113921,100,0,0,0,100,0,0,1
113925,113925,100,0,0,0,100,0,0,1
113937,113937,500,0,0,0,500,0,0,1
113941,113949,500,500,0,0,500,500,0,1
113945,113945,700,0,0,600,100,0,0,1
113953,113953,500,0,0,0,500,0,0,1
109763,109763,100,0,0,0,100,0,0,1
109767,109975,100,300,0,0,100,300,0,1
109775,109775,100,0,0,0,100,0,0,1
113957,113957,20,0,0,0,20,0,0,1
109779,109779,480,0,0,315,165,0,0,1
109783,109783,100,0,0,0,100,0,0,1
75724,75724,100,0,0,0,100,0,0,1
109795,109795,300,0,0,91,209,0,0,1
75748,75748,390,0,0,159,231,0,0,1
109799,109799,300,0,0,135,165,0,0,1
75752,75752,239,0,0,72,167,0,0,1
75756,75756,303,0,0,0,303,0,0,1
113961,113961,20,0,0,0,20,0,0,1
109803,109803,500,0,0,0,500,0,0,1
109807,109807,400,0,0,0,400,0,0,1
109811,109811,100,0,0,0,100,0,0,1
113965,113965,100,0,0,0,100,0,0,1
109819,109819,100,0,100,0,0,0,0,1
109827,109827,100,0,100,0,0,0,0,1
109831,109831,400,0,0,0,400,0,0,1
75776,75776,159,0,0,0,159,0,0,1
109835,109835,2200,0,0,1800,400,0,0,1
75780,75780,100,0,0,0,100,0,0,1
75784,75784,100,0,0,0,100,0,0,1
113969,114133,500,500,0,0,500,500,0,1
113973,113973,100,0,0,0,100,0,0,1
113977,113977,100,0,0,0,100,0,0,1
113981,113981,100,0,0,0,100,0,0,1
113989,113989,600,0,0,500,100,0,0,1
113993,113993,100,0,0,0,100,0,0,1
113997,113997,300,0,0,0,300,0,0,1
109839,109839,300,0,0,0,300,0,0,1
109843,109843,500,0,0,0,500,0,0,1
109847,109847,500,0,0,0,500,0,0,1
109851,109851,500,0,0,0,500,0,0,1
109855,109855,500,0,0,0,500,0,0,1
109859,109859,300,0,0,0,300,0,0,1
109863,109863,20,0,0,0,20,0,0,1
80610,80610,100,0,0,0,100,0,0,1
114001,114001,20,0,0,0,20,0,0,1
109867,109867,1000,0,0,0,1000,0,0,1
114005,114005,417,0,0,75,342,0,0,1
109871,109871,1,0,0,0,1,0,0,1
114013,114013,100,0,0,0,100,0,0,1
109875,109875,32,0,32,0,0,0,0,1
109883,109883,100,0,0,0,100,0,0,1
109887,109887,800,0,0,0,800,0,0,1
114021,114021,376,0,0,52,324,0,0,1
80614,80614,1495,0,0,0,1495,0,0,1
80618,84030,434,443,0,0,443,434,0,1
80622,80622,100,0,0,0,100,0,0,1
114025,114025,100,0,0,0,100,0,0,1
109891,109891,500,0,0,0,500,0,0,1
109895,109895,200,0,0,0,200,0,0,1
114033,116325,500,500,0,0,500,500,0,1
114037,114037,600,0,0,300,300,0,0,1
75876,75876,400,0,0,0,400,0,0,1
75880,75880,400,0,0,0,400,0,0,1
75884,75884,500,0,0,0,500,0,0,1
75888,75888,500,0,0,0,500,0,0,1
75892,75892,2800,0,0,0,2800,0,0,1
75896,75896,400,0,0,0,400,0,0,1
75900,75900,400,0,0,0,400,0,0,1
80626,80626,100,0,0,0,100,0,0,1
80630,80630,100,0,0,0,100,0,0,1
109907,109907,100,0,0,0,100,0,0,1
80634,80634,516,0,0,0,516,0,0,1
109911,109911,100,0,0,0,100,0,0,1
75912,75912,100,0,0,0,100,0,0,1
75916,75916,100,0,0,0,100,0,0,1
109915,109935,600,400,0,0,400,600,0,1
109923,109923,100,0,0,0,100,0,0,1
109927,111759,400,200,0,0,200,400,0,1
109931,109931,579,0,579,0,0,0,0,1
109939,109939,100,0,0,0,100,0,0,1
109947,109947,300,0,0,0,300,0,0,1
109955,109955,100,0,0,0,100,0,0,1
109959,109959,600,0,0,0,600,0,0,1
80638,80638,100,0,0,0,100,0,0,1
114045,114045,300,0,0,100,200,0,0,1
75928,75928,100,0,0,0,100,0,0,1
114049,114049,300,0,0,0,300,0,0,1
109971,110487,100,300,0,0,100,300,0,1
109987,109987,100,0,0,0,100,0,0,1
75932,75932,100,0,0,0,100,0,0,1
75936,75936,500,0,0,0,500,0,0,1
75940,75940,100,0,0,0,100,0,0,1
109995,109995,100,0,0,0,100,0,0,1
110003,110003,100,0,0,0,100,0,0,1
75944,75944,824,0,0,696,128,0,0,1
75948,75948,500,0,0,0,500,0,0,1
75952,75952,403,0,0,263,140,0,0,1
80642,80642,2800,0,0,0,2800,0,0,1
75956,75956,100,0,0,0,100,0,0,1
75960,75960,799,0,0,0,799,0,0,1
110007,110007,100,0,0,0,100,0,0,1
75964,75964,100,0,0,0,100,0,0,1
114053,114053,500,0,0,0,500,0,0,1
110011,111579,500,1500,0,0,500,1500,0,1
110019,110019,1900,0,0,300,1600,0,0,1
114057,114101,500,500,0,0,500,500,0,1
114065,114065,500,0,0,0,500,0,0,1
114069,114069,200,0,0,0,200,0,0,1
114073,114073,200,0,0,0,200,0,0,1
114077,114077,3000,0,0,1600,1400,0,0,1
114081,114081,1900,0,0,0,1900,0,0,1
114085,114085,500,0,0,0,500,0,0,1
114089,114089,1100,0,0,700,400,0,0,1
114093,114093,500,0,0,0,500,0,0,1
114097,136349,500,1000,0,0,500,1000,0,1
110031,110031,200,0,0,0,200,0,0,1
75968,75968,200,0,0,0,200,0,0,1
75972,75972,268,0,0,140,128,0,0,1
110035,110035,800,0,0,0,800,0,0,1
110039,110039,3500,0,0,0,3500,0,0,1
110043,110043,400,0,0,0,400,0,0,1
110047,110047,900,0,0,0,900,0,0,1
110051,110051,800,0,0,0,800,0,0,1
114109,114109,100,0,0,0,100,0,0,1
114113,114113,100,0,0,0,100,0,0,1
75976,75976,100,0,0,0,100,0,0,1
114117,114117,20,0,0,0,20,0,0,1
80674,80674,100,0,0,0,100,0,0,1
114121,114121,217,0,0,117,100,0,0,1
80686,80686,100,0,0,0,100,0,0,1
114125,114125,600,0,0,0,600,0,0,1
75984,75984,300,0,0,0,300,0,0,1
114129,114129,300,0,0,200,100,0,0,1
80698,80698,300,0,0,0,300,0,0,1
80702,80702,500,0,0,0,500,0,0,1
75988,75988,700,0,0,0,700,0,0,1
114141,114141,1500,0,0,0,1500,0,0,1
110055,110055,500,0,0,0,500,0,0,1
114149,114149,500,0,0,0,500,0,0,1
110059,110059,1527,0,0,923,604,0,0,1
75992,75992,506,0,0,385,121,0,0,1
114153,114153,500,0,0,0,500,0,0,1
75996,75996,1400,0,0,1300,100,0,0,1
110063,110063,1086,0,0,100,986,0,0,1
114157,114157,227,0,0,127,100,0,0,1
80706,80706,600,0,0,200,400,0,0,1
80710,80710,1500,0,0,0,1500,0,0,1
110067,110067,1500,0,0,1092,408,0,0,1
114161,114161,300,0,0,200,100,0,0,1
110071,110071,923,0,0,0,923,0,0,1
114169,114169,600,0,0,300,300,0,0,1
76004,76004,1100,0,0,500,600,0,0,1
110075,110075,514,0,0,0,514,0,0,1
76008,76008,100,0,0,0,100,0,0,1
76012,76012,300,0,0,0,300,0,0,1
114173,114173,877,0,0,321,556,0,0,1
114177,114177,500,0,0,0,500,0,0,1
114181,114181,500,0,0,0,500,0,0,1
114185,114185,324,0,0,150,174,0,0,1
110079,111723,200,1800,0,0,600,1400,0,1
114189,114189,1092,0,0,888,204,0,0,1
114193,114193,500,0,0,0,500,0,0,1
114197,114197,500,0,0,0,500,0,0,1
114201,114201,100,0,0,0,100,0,0,1
110087,110527,500,1000,0,0,500,1000,0,1
114205,114205,1000,0,0,0,1000,0,0,1
110091,110091,500,0,0,0,500,0,0,1
110095,110095,500,0,0,0,500,0,0,1
76016,76016,500,0,0,0,500,0,0,1
114213,114213,500,0,0,0,500,0,0,1
114217,114217,500,0,0,0,500,0,0,1
80718,80718,500,0,0,0,500,0,0,1
114221,114221,1798,0,0,1484,314,0,0,1
114225,114225,617,0,0,517,100,0,0,1
114229,114229,100,0,0,0,100,0,0,1
114237,114237,962,0,0,0,962,0,0,1
80726,80726,2000,0,0,0,2000,0,0,1
80730,80730,2300,0,0,2200,100,0,0,1
110111,110111,1004,0,0,0,1004,0,0,1
110115,110115,1043,0,0,0,1043,0,0,1
76020,76020,500,0,0,0,500,0,0,1
110119,110119,1000,0,0,0,1000,0,0,1
76024,76024,272,0,0,0,272,0,0,1
110123,110123,100,0,0,0,100,0,0,1
110127,126227,204,156,0,0,156,204,0,1
110131,110131,923,0,0,808,115,0,0,1
110135,110135,1043,0,0,0,1043,0,0,1
76028,76028,300,0,0,0,300,0,0,1
80742,80742,1600,0,0,0,1600,0,0,1
80746,80746,2500,0,0,0,2500,0,0,1
114245,114245,500,0,0,0,500,0,0,1
110139,110139,100,0,0,0,100,0,0,1
76032,76032,500,0,0,0,500,0,0,1
80750,80750,500,0,0,0,500,0,0,1
76036,76036,500,0,0,0,500,0,0,1
110147,110147,2000,0,0,0,2000,0,0,1
110151,110151,300,0,0,0,300,0,0,1
110155,110155,600,0,0,0,600,0,0,1
110159,110159,1043,0,0,0,1043,0,0,1
76040,76040,500,0,0,200,300,0,0,1
110163,110163,100,0,0,0,100,0,0,1
76044,76044,272,0,0,0,272,0,0,1
80758,80758,1600,0,0,1500,100,0,0,1
114257,114257,300,0,0,0,300,0,0,1
76048,76048,200,0,0,0,200,0,0,1
110167,110167,100,0,0,0,100,0,0,1
110171,110171,100,0,0,0,100,0,0,1
110175,110175,100,0,0,0,100,0,0,1
114261,114261,100,0,0,0,100,0,0,1
110187,110187,100,0,0,0,100,0,0,1
80782,80782,100,0,0,0,100,0,0,1
76052,76052,100,0,0,0,100,0,0,1
76056,76056,100,0,0,0,100,0,0,1
110191,110191,100,0,0,0,100,0,0,1
80786,80786,100,0,0,0,100,0,0,1
114265,114265,100,0,0,0,100,0,0,1
110195,110195,100,0,0,0,100,0,0,1
80790,80790,100,0,0,0,100,0,0,1
110199,110199,100,0,0,0,100,0,0,1
110211,110211,1000,0,0,0,1000,0,0,1
80794,80794,2000,0,0,0,2000,0,0,1
110215,110215,1500,0,0,0,1500,0,0,1
76060,76060,799,0,0,0,799,0,0,1
110223,110223,700,0,0,0,700,0,0,1
110231,110231,1004,0,0,623,381,0,0,1
80798,80798,2000,0,0,0,2000,0,0,1
110235,110235,475,0,0,0,475,0,0,1
110243,110243,1000,0,0,0,1000,0,0,1
110247,110247,576,0,0,0,576,0,0,1
76064,76064,300,0,0,188,112,0,0,1
76068,76068,328,0,0,211,117,0,0,1
110251,110251,100,0,0,0,100,0,0,1
76072,76072,700,0,0,0,700,0,0,1
110259,110259,100,0,0,0,100,0,0,1
110263,110263,500,0,0,0,500,0,0,1
110267,110267,1000,0,0,100,900,0,0,1
110271,110271,100,0,0,0,100,0,0,1
110275,110275,100,0,0,0,100,0,0,1
110283,110283,301,0,0,0,301,0,0,1
76076,76076,195,0,0,76,119,0,0,1
80802,80802,2000,0,0,1000,1000,0,0,1
76080,76080,500,0,0,0,500,0,0,1
114273,114273,500,0,0,400,100,0,0,1
76084,76084,100,0,0,0,100,0,0,1
114277,118061,500,1100,0,0,200,1400,0,1
76088,76088,170,0,0,0,170,0,0,1
76092,76092,500,0,0,0,500,0,0,1
114281,114281,100,0,0,0,100,0,0,1
76096,76096,188,0,0,15,173,0,0,1
76104,76104,500,0,0,0,500,0,0,1
76108,76108,1000,0,0,600,400,0,0,1
76112,76112,500,0,0,0,500,0,0,1
76116,76116,500,0,0,0,500,0,0,1
80806,80806,2000,0,0,0,2000,0,0,1
76120,76120,500,0,0,0,500,0,0,1
110299,110299,1500,0,0,0,1500,0,0,1
76124,76124,799,0,0,0,799,0,0,1
110303,110303,1000,0,0,100,900,0,0,1
110307,110307,1000,0,0,0,1000,0,0,1
110311,110311,761,0,0,0,761,0,0,1
110319,110319,700,0,0,0,700,0,0,1
80810,80810,2000,0,0,0,2000,0,0,1
80814,80814,400,0,0,300,100,0,0,1
76128,76128,900,0,0,800,100,0,0,1
76132,76132,1000,0,0,0,1000,0,0,1
76136,76136,1000,0,0,500,500,0,0,1
80818,80818,1600,0,0,1300,300,0,0,1
80822,80822,500,0,0,0,500,0,0,1
80826,80826,3000,0,0,0,3000,0,0,1
114285,114285,500,0,0,0,500,0,0,1
114289,114289,174,0,0,0,174,0,0,1
76140,76140,700,0,0,500,200,0,0,1
76144,76144,200,0,0,100,100,0,0,1
76148,76148,200,0,0,0,200,0,0,1
114293,114293,185,0,0,14,171,0,0,1
80834,80834,200,0,0,0,200,0,0,1
80842,80842,200,0,0,0,200,0,0,1
80846,80846,100,0,0,0,100,0,0,1
80850,80850,200,0,0,0,200,0,0,1
110327,110327,623,0,0,0,623,0,0,1
110331,110331,700,0,0,600,100,0,0,1
110339,110339,877,0,0,0,877,0,0,1
110343,110343,1000,0,0,0,1000,0,0,1
80862,80862,158,0,0,0,158,0,0,1
80866,80866,298,0,0,0,298,0,0,1
110367,110367,900,0,0,0,900,0,0,1
110375,110375,761,0,0,0,761,0,0,1
76160,76160,700,0,0,0,700,0,0,1
110379,110379,500,0,0,0,500,0,0,1
80870,80870,1000,0,0,500,500,0,0,1
80874,80874,1200,0,0,0,1200,0,0,1
80878,80878,600,0,0,500,100,0,0,1
76172,76172,500,0,0,300,200,0,0,1
76176,76176,1200,0,0,0,1200,0,0,1
114309,114309,584,0,0,236,348,0,0,1
80882,80882,800,0,0,300,500,0,0,1
110383,110383,761,0,0,570,191,0,0,1
110391,110391,1500,0,0,0,1500,0,0,1
76180,76180,799,0,0,0,799,0,0,1
110395,110395,1000,0,0,0,1000,0,0,1
110399,110399,900,0,0,0,900,0,0,1
110407,110407,700,0,0,0,700,0,0,1
110411,110411,400,0,0,0,400,0,0,1
76184,76184,700,0,0,0,700,0,0,1
110419,110419,623,0,0,33,590,0,0,1
110423,110423,1000,0,0,0,1000,0,0,1
110435,110435,100,0,100,0,0,0,0,1
110439,110439,877,0,0,655,222,0,0,1
114313,114313,1000,0,0,100,900,0,0,1
80886,84178,298,598,0,0,300,596,0,1
76188,76188,511,0,0,333,178,0,0,1
114317,114317,200,0,0,0,200,0,0,1
76192,76192,300,0,0,0,300,0,0,1
114321,114321,500,0,0,0,500,0,0,1
76200,76200,1000,0,0,0,1000,0,0,1
114325,114325,500,0,0,0,500,0,0,1
114329,114329,500,0,0,0,500,0,0,1
114333,114333,500,0,0,0,500,0,0,1
76204,77012,300,300,0,0,300,300,0,1
76208,76208,100,0,0,0,100,0,0,1
76212,76212,100,0,0,0,100,0,0,1
76216,76216,350,0,0,165,185,0,0,1
76220,76220,428,0,0,297,131,0,0,1
76224,76224,800,0,0,0,800,0,0,1
76232,76232,700,0,0,0,700,0,0,1
114337,114337,500,0,0,0,500,0,0,1
114341,114341,700,0,0,200,500,0,0,1
114345,114345,1473,0,0,827,646,0,0,1
114349,114349,300,0,0,100,200,0,0,1
114353,115549,500,500,0,0,500,500,0,1
76236,76236,1000,0,0,864,136,0,0,1
114357,114357,853,0,0,661,192,0,0,1
114361,114361,204,0,0,100,104,0,0,1
114365,114365,989,0,0,849,140,0,0,1
114369,114369,100,0,0,0,100,0,0,1
114373,114373,100,0,0,0,100,0,0,1
114377,114377,100,0,0,0,100,0,0,1
110447,110447,86,0,86,0,0,0,0,1
114381,114381,500,0,0,0,500,0,0,1
114385,114385,308,0,0,208,100,0,0,1
114389,114389,200,0,0,100,100,0,0,1
110451,110451,900,0,0,600,300,0,0,1
110455,110455,900,0,0,600,300,0,0,1
110459,110459,500,0,0,0,500,0,0,1
110463,110463,100,0,0,0,100,0,0,1
110467,110467,100,0,0,0,100,0,0,1
110471,110471,800,0,0,0,800,0,0,1
110475,110475,800,0,0,0,800,0,0,1
76256,76256,309,0,0,159,150,0,0,1
76260,76260,104,0,0,0,104,0,0,1
80898,80898,300,0,0,0,300,0,0,1
80902,80902,200,0,0,0,200,0,0,1
110479,110479,400,0,0,300,100,0,0,1
110483,110483,100,0,0,0,100,0,0,1
110491,110491,500,0,0,0,500,0,0,1
80906,80906,200,0,0,0,200,0,0,1
110499,110499,200,0,0,0,200,0,0,1
114397,114397,200,0,0,0,200,0,0,1
114405,114405,300,0,0,0,300,0,0,1
76268,76268,1500,0,0,0,1500,0,0,1
80910,80910,1200,0,0,200,1000,0,0,1
114417,114417,500,0,0,0,500,0,0,1
76272,76272,200,0,0,0,200,0,0,1
76276,76276,200,0,0,0,200,0,0,1
76280,76280,293,0,0,153,140,0,0,1
110503,110503,400,0,0,100,300,0,0,1
110507,110507,500,0,0,0,500,0,0,1
114425,114425,100,0,0,0,100,0,0,1
114433,114433,500,0,0,0,500,0,0,1
114437,114437,500,0,0,0,500,0,0,1
114441,114441,100,0,0,0,100,0,0,1
114445,114445,100,0,0,0,100,0,0,1
114457,114457,100,0,0,0,100,0,0,1
114465,114465,20,0,0,0,20,0,0,1
114469,114469,100,0,0,0,100,0,0,1
110519,110519,500,0,0,0,500,0,0,1
110523,110707,500,1000,0,0,500,1000,0,1
76284,76284,100,0,0,0,100,0,0,1
114473,114473,100,0,0,0,100,0,0,1
114477,114477,500,0,0,0,500,0,0,1
114485,114485,500,0,0,0,500,0,0,1
110531,110531,100,0,0,0,100,0,0,1
110535,110535,100,0,0,0,100,0,0,1
114489,114489,500,0,0,0,500,0,0,1
110539,110539,100,0,0,0,100,0,0,1
110543,110543,300,0,0,0,300,0,0,1
114493,114493,500,0,0,0,500,0,0,1
80930,80930,700,0,0,0,700,0,0,1
114497,114497,1300,0,0,0,1300,0,0,1
114501,114501,500,0,0,0,500,0,0,1
80934,80934,1600,0,0,1500,100,0,0,1
110551,110551,200,0,0,0,200,0,0,1
114505,114505,927,0,0,381,546,0,0,1
80938,80938,800,0,0,0,800,0,0,1
110555,110555,924,0,0,791,133,0,0,1
114509,114509,129,0,0,0,129,0,0,1
110559,110675,500,3000,0,0,500,3000,0,1
114513,114513,200,0,0,0,200,0,0,1
114517,114517,1300,0,0,0,1300,0,0,1
114521,114545,500,500,0,0,500,500,0,1
76296,76296,263,0,0,0,263,0,0,1
114525,114525,100,0,0,0,100,0,0,1
76300,76300,500,0,0,0,500,0,0,1
80946,80946,200,0,0,0,200,0,0,1
110563,110563,1000,0,0,0,1000,0,0,1
114529,114529,500,0,0,0,500,0,0,1
110567,110567,500,0,0,0,500,0,0,1
80950,80950,800,0,0,0,800,0,0,1
114533,114533,500,0,0,0,500,0,0,1
110571,110571,500,0,0,0,500,0,0,1
114537,114537,1300,0,0,0,1300,0,0,1
76304,76304,200,0,0,0,200,0,0,1
110575,111931,500,3000,0,0,500,3000,0,1
114541,114541,500,0,0,0,500,0,0,1
110579,110579,715,0,0,508,207,0,0,1
110583,110583,197,0,0,0,197,0,0,1
76308,76308,100,0,0,0,100,0,0,1
80954,80954,200,0,0,0,200,0,0,1
114549,114549,734,0,0,599,135,0,0,1
80958,80958,300,0,0,200,100,0,0,1
80962,80962,100,0,0,0,100,0,0,1
110587,110587,500,0,0,0,500,0,0,1
76312,76312,690,0,0,0,690,0,0,1
114553,114661,500,1500,0,0,500,1500,0,1
76316,76316,500,0,0,0,500,0,0,1
114557,114557,242,0,0,142,100,0,0,1
114561,114561,500,0,0,0,500,0,0,1
80966,80966,900,0,0,0,900,0,0,1
76320,76320,238,0,0,0,238,0,0,1
110603,110603,478,0,0,90,388,0,0,1
76324,76324,500,0,0,0,500,0,0,1
110611,110611,1303,0,0,1074,229,0,0,1
110615,110615,500,0,0,0,500,0,0,1
76328,76328,500,0,0,0,500,0,0,1
110619,110619,500,0,0,0,500,0,0,1
110623,110623,500,0,0,0,500,0,0,1
76332,76332,1704,0,0,1604,100,0,0,1
110631,110631,900,0,0,800,100,0,0,1
76336,76336,500,0,0,0,500,0,0,1
76340,76340,500,0,0,0,500,0,0,1
110639,110639,1000,0,0,0,1000,0,0,1
114569,114569,100,0,0,0,100,0,0,1
110643,110643,100,0,0,0,100,0,0,1
110647,110647,100,0,0,0,100,0,0,1
80970,80970,2000,0,0,1500,500,0,0,1
114573,114573,1910,0,0,1640,270,0,0,1
114577,114577,100,0,0,0,100,0,0,1
110659,110659,500,0,0,0,500,0,0,1
110663,110663,1388,0,0,0,1388,0,0,1
110667,110667,1009,0,0,0,1009,0,0,1
110671,110671,1022,0,0,914,108,0,0,1
110679,110679,500,0,0,0,500,0,0,1
110683,110683,1660,0,0,1407,253,0,0,1
114585,115093,1000,29000,0,0,1000,29000,0,1
110687,110687,100,0,0,0,100,0,0,1
80974,80974,100,0,0,0,100,0,0,1
76344,76344,500,0,0,0,500,0,0,1
110691,110703,500,500,0,0,500,500,0,1
114589,114589,500,0,0,0,500,0,0,1
114593,114593,782,0,0,52,730,0,0,1
114597,114597,500,0,0,0,500,0,0,1
114601,114601,1037,0,0,147,890,0,0,1
76348,76348,4500,0,0,1500,3000,0,0,1
114605,114605,1800,0,0,743,1057,0,0,1
114609,114609,700,0,0,0,700,0,0,1
110711,110711,1000,0,0,500,500,0,0,1
80978,80978,200,0,0,0,200,0,0,1
76352,76352,4000,0,0,1000,3000,0,0,1
110715,110715,538,0,0,420,118,0,0,1
114613,114613,100,0,0,0,100,0,0,1
110719,110719,1170,0,0,695,475,0,0,1
80982,80982,300,0,0,0,300,0,0,1
114617,114617,500,0,0,0,500,0,0,1
114621,114621,500,0,0,0,500,0,0,1
76356,76356,100,0,0,0,100,0,0,1
114625,114625,500,0,0,0,500,0,0,1
76360,76360,100,0,0,0,100,0,0,1
114629,114629,500,0,0,0,500,0,0,1
110723,110723,500,0,0,0,500,0,0,1
110727,110727,500,0,0,0,500,0,0,1
76364,76364,1500,0,0,1000,500,0,0,1
114633,114633,500,0,0,0,500,0,0,1
114641,114641,101,0,0,0,101,0,0,1
114645,114645,600,0,0,0,600,0,0,1
76368,76368,500,0,0,0,500,0,0,1
110731,110731,500,0,0,0,500,0,0,1
76372,76372,500,0,0,0,500,0,0,1
110735,110735,500,0,0,0,500,0,0,1
114649,114649,231,0,0,0,231,0,0,1
110739,110739,500,0,0,0,500,0,0,1
114653,114653,200,0,0,0,200,0,0,1
114657,114657,500,0,0,0,500,0,0,1
80986,80986,142,0,0,42,100,0,0,1
110743,110743,1500,0,0,0,1500,0,0,1
110747,110747,100,0,0,0,100,0,0,1
110751,110751,100,0,0,0,100,0,0,1
110755,110755,500,0,0,0,500,0,0,1
114665,114665,100,0,0,0,100,0,0,1
114669,114669,100,0,0,0,100,0,0,1
76376,76376,500,0,0,0,500,0,0,1
114673,114673,500,0,0,0,500,0,0,1
110759,110759,688,0,0,429,259,0,0,1
76380,76380,2000,0,0,0,2000,0,0,1
114677,114677,500,0,0,0,500,0,0,1
114681,114681,500,0,0,0,500,0,0,1
76384,76384,536,0,0,120,416,0,0,1
80990,80990,1100,0,0,1000,100,0,0,1
114685,114685,1800,0,0,751,1049,0,0,1
114689,116765,500,500,0,0,500,500,0,1
114693,114693,388,0,0,214,174,0,0,1
114705,114705,500,0,0,0,500,0,0,1
110771,110771,785,0,0,0,785,0,0,1
110775,110775,510,0,0,131,379,0,0,1
114713,114713,500,0,0,0,500,0,0,1
110779,110779,1603,0,0,1503,100,0,0,1
114717,114717,110,0,0,10,100,0,0,1
80994,80994,300,0,0,0,300,0,0,1
76388,76388,1000,0,0,800,200,0,0,1
114721,114721,500,0,0,0,500,0,0,1
110783,110783,619,0,0,307,312,0,0,1
114725,114725,1800,0,0,765,1035,0,0,1
80998,80998,300,0,0,200,100,0,0,1
81002,81002,2000,0,0,1500,500,0,0,1
110795,110795,1598,0,0,1498,100,0,0,1
110799,110799,600,0,0,300,300,0,0,1
110803,110803,500,0,0,0,500,0,0,1
110807,110807,350,0,0,126,224,0,0,1
110811,110811,1200,0,0,300,900,0,0,1
81006,81006,1000,0,0,500,500,0,0,1
114733,114733,100,0,0,0,100,0,0,1
110819,110819,100,0,0,0,100,0,0,1
110831,110831,1000,0,0,500,500,0,0,1
114737,114737,1800,0,0,765,1035,0,0,1
81010,81010,100,0,0,0,100,0,0,1
110835,110835,700,0,0,0,700,0,0,1
110839,110839,507,0,0,362,145,0,0,1
110843,110843,248,0,0,39,209,0,0,1
76392,76392,196,0,0,0,196,0,0,1
110847,110847,542,0,0,405,137,0,0,1
110851,110851,500,0,0,0,500,0,0,1
110855,110855,300,0,0,0,300,0,0,1
114749,114749,1800,0,0,792,1008,0,0,1
110859,110859,500,0,0,0,500,0,0,1
114753,114753,100,0,0,0,100,0,0,1
110863,110863,272,0,0,112,160,0,0,1
110867,110867,500,0,0,0,500,0,0,1
114765,114765,1300,0,0,0,1300,0,0,1
76396,76396,1400,0,0,0,1400,0,0,1
76400,76400,100,0,0,0,100,0,0,1
114769,114769,1800,0,0,792,1008,0,0,1
114777,114777,538,0,0,336,202,0,0,1
110871,110871,100,0,0,0,100,0,0,1
81014,81014,1000,0,0,0,1000,0,0,1
114781,114781,1800,0,0,792,1008,0,0,1
114785,114785,105,0,0,0,105,0,0,1
114789,114789,1300,0,0,0,1300,0,0,1
114797,114797,500,0,0,0,500,0,0,1
114801,114801,192,0,0,0,192,0,0,1
114805,114805,389,0,0,150,239,0,0,1
110875,110875,1000,0,0,0,1000,0,0,1
110883,110883,2800,0,0,2100,700,0,0,1
114809,114809,1000,0,0,0,1000,0,0,1
114813,114813,100,0,0,0,100,0,0,1
114817,114817,500,0,0,0,500,0,0,1
114821,114821,1800,0,0,832,968,0,0,1
114825,114825,676,0,0,558,118,0,0,1
114833,114833,500,0,0,0,500,0,0,1
114837,114837,1800,0,0,872,928,0,0,1
114841,114841,500,0,0,0,500,0,0,1
114849,114849,1800,0,0,872,928,0,0,1
114857,114857,1800,0,0,894,906,0,0,1
114865,114865,1800,0,0,894,906,0,0,1
76404,76404,356,0,0,0,356,0,0,1
114873,114873,1000,0,0,0,1000,0,0,1
114877,114877,100,0,0,0,100,0,0,1
114881,114881,1000,0,0,0,1000,0,0,1
114885,114885,1800,0,0,1033,767,0,0,1
114893,114893,100,0,0,0,100,0,0,1
110891,110891,100,0,0,0,100,0,0,1
110895,110895,100,0,0,0,100,0,0,1
114897,114897,1800,0,0,1033,767,0,0,1
110899,110899,142,0,0,0,142,0,0,1
114905,114905,100,0,0,0,100,0,0,1
114909,114909,200,0,0,0,200,0,0,1
114913,114913,1800,0,0,1067,733,0,0,1
110903,110903,100,0,0,0,100,0,0,1
110907,110907,200,0,0,0,200,0,0,1
110911,110911,500,0,0,0,500,0,0,1
110915,110915,500,0,0,0,500,0,0,1
110919,110919,300,0,0,0,300,0,0,1
110923,110923,200,0,0,0,200,0,0,1
110927,110927,100,0,0,0,100,0,0,1
114921,114921,1800,0,0,1095,705,0,0,1
110931,110931,100,0,0,0,100,0,0,1
110939,110939,100,0,0,0,100,0,0,1
76408,76408,500,0,0,0,500,0,0,1
110943,110943,500,0,0,0,500,0,0,1
110947,110947,600,0,0,0,600,0,0,1
110951,110951,139,0,0,0,139,0,0,1
110955,110955,500,0,0,0,500,0,0,1
110959,110959,313,0,0,0,313,0,0,1
76412,76412,667,0,0,0,667,0,0,1
110963,110963,1100,0,0,1000,100,0,0,1
110967,110967,100,0,0,0,100,0,0,1
76416,76416,500,0,0,0,500,0,0,1
110971,110971,500,0,0,0,500,0,0,1
114929,114929,1800,0,0,1095,705,0,0,1
110975,110975,170,0,0,0,170,0,0,1
114937,114937,1800,0,0,1095,705,0,0,1
114945,114945,1800,0,0,1144,656,0,0,1
114953,114953,1800,0,0,1144,656,0,0,1
110979,110979,300,0,0,100,200,0,0,1
110983,110983,100,0,0,0,100,0,0,1
110987,110987,500,0,0,0,500,0,0,1
110991,110991,200,0,0,0,200,0,0,1
76420,76420,791,0,0,529,262,0,0,1
114961,114961,1800,0,0,1144,656,0,0,1
110995,110995,100,0,0,0,100,0,0,1
114973,114973,1800,0,0,1144,656,0,0,1
114981,114981,100,0,0,0,100,0,0,1
110999,110999,100,0,0,0,100,0,0,1
114993,114993,1800,0,0,1700,100,0,0,1
114997,114997,100,0,0,0,100,0,0,1
115005,115005,1800,0,0,976,824,0,0,1
76424,76424,400,0,0,0,400,0,0,1
81018,81018,600,0,0,0,600,0,0,1
115013,115013,100,0,0,0,100,0,0,1
81022,81022,500,0,0,0,500,0,0,1
115017,115017,500,0,0,0,500,0,0,1
115021,115021,500,0,0,0,500,0,0,1
115025,115025,500,0,0,0,500,0,0,1
115029,115029,500,0,0,0,500,0,0,1
115033,115033,500,0,0,0,500,0,0,1
115037,115037,500,0,0,0,500,0,0,1
115041,115041,500,0,0,0,500,0,0,1
115045,115045,500,0,0,0,500,0,0,1
115049,115049,1300,0,0,0,1300,0,0,1
76432,76432,800,0,0,0,800,0,0,1
81030,81030,500,0,0,0,500,0,0,1
76448,76448,500,0,0,0,500,0,0,1
76452,76452,800,0,0,0,800,0,0,1
76456,76456,600,0,0,0,600,0,0,1
76464,76464,100,0,0,0,100,0,0,1
111003,111003,1500,0,0,1400,100,0,0,1
76468,76468,400,0,0,0,400,0,0,1
111007,111007,500,0,0,0,500,0,0,1
76472,76472,700,0,0,0,700,0,0,1
111011,111011,3800,0,0,0,3800,0,0,1
111015,111015,400,0,0,0,400,0,0,1
111019,111019,100,0,0,0,100,0,0,1
76476,76476,100,0,0,0,100,0,0,1
81034,81034,100,0,0,0,100,0,0,1
111023,111023,1000,0,0,800,200,0,0,1
76480,76480,400,0,0,0,400,0,0,1
111027,111027,500,0,0,0,500,0,0,1
76484,76484,1200,0,0,100,1100,0,0,1
81038,81038,300,0,0,0,300,0,0,1
111031,111031,500,0,0,0,500,0,0,1
76488,76488,1000,0,0,0,1000,0,0,1
111035,111035,210,0,0,0,210,0,0,1
115053,115053,2700,0,0,0,2700,0,0,1
76492,76492,1200,0,0,0,1200,0,0,1
76496,76496,500,0,0,0,500,0,0,1
76500,76500,500,0,0,0,500,0,0,1
76504,76504,100,0,0,0,100,0,0,1
76508,76508,500,0,0,0,500,0,0,1
76512,76512,500,0,0,0,500,0,0,1
81042,81042,1600,0,0,0,1600,0,0,1
111039,111039,2000,0,0,1800,200,0,0,1
111043,111043,2200,0,0,0,2200,0,0,1
81046,81046,1600,0,0,0,1600,0,0,1
76516,76516,1400,0,0,0,1400,0,0,1
76520,76520,2500,0,0,0,2500,0,0,1
76524,76524,500,0,0,0,500,0,0,1
76528,76528,500,0,0,0,500,0,0,1
76532,76532,24,0,0,0,24,0,0,1
115057,115057,1800,0,0,1024,776,0,0,1
115065,115065,1800,0,0,1024,776,0,0,1
76536,76536,1000,0,0,0,1000,0,0,1
115073,115073,1800,0,0,1024,776,0,0,1
76540,76540,1000,0,0,0,1000,0,0,1
115081,115081,1800,0,0,1700,100,0,0,1
115089,115089,1800,0,0,1317,483,0,0,1
115097,115097,1800,0,0,1322,478,0,0,1
115101,115221,1000,6000,0,0,1000,6000,0,1
111047,111047,431,0,0,315,116,0,0,1
115105,115105,1800,0,0,1366,434,0,0,1
111055,111055,2000,0,0,0,2000,0,0,1
115113,115113,1800,0,0,1385,415,0,0,1
111063,111063,285,0,0,0,285,0,0,1
115121,115121,1800,0,0,1385,415,0,0,1
111067,111067,200,0,0,100,100,0,0,1
115129,115129,2000,0,0,0,2000,0,0,1
115133,115133,2000,0,0,0,2000,0,0,1
115137,115137,200,0,0,0,200,0,0,1
115141,115141,500,0,0,0,500,0,0,1
115145,115145,500,0,0,0,500,0,0,1
115149,115149,1800,0,0,1700,100,0,0,1
115153,115153,1000,0,0,0,1000,0,0,1
115157,115241,500,500,0,0,500,500,0,1
111071,111071,800,0,0,0,800,0,0,1
115165,124069,1000,500,0,0,500,1000,0,1
115169,124061,1000,1000,0,0,1000,1000,0,1
81050,81050,1200,0,0,0,1200,0,0,1
81054,81054,1200,0,0,0,1200,0,0,1
81058,81058,2500,0,0,0,2500,0,0,1
81062,81062,1200,0,0,0,1200,0,0,1
81066,81066,1200,0,0,0,1200,0,0,1
81070,81070,2500,0,0,0,2500,0,0,1
115173,115173,500,0,0,0,500,0,0,1
115177,115177,500,0,0,0,500,0,0,1
115181,115181,100,0,0,0,100,0,0,1
115185,115185,1800,0,0,1488,312,0,0,1
115189,115189,200,0,0,0,200,0,0,1
115193,115193,500,0,0,0,500,0,0,1
115201,115201,500,0,0,0,500,0,0,1
115205,115205,500,0,0,0,500,0,0,1
115209,115209,1800,0,0,1700,100,0,0,1
115213,115213,500,0,0,0,500,0,0,1
115217,115217,500,0,0,0,500,0,0,1
81074,81074,500,0,0,0,500,0,0,1
81078,81078,3000,0,0,0,3000,0,0,1
115225,115225,200,0,0,0,200,0,0,1
115229,115229,500,0,0,0,500,0,0,1
115233,115233,500,0,0,0,500,0,0,1
115237,115237,500,0,0,0,500,0,0,1
115245,115329,1000,3000,0,0,1000,3000,0,1
115249,115249,500,0,0,0,500,0,0,1
115253,115253,500,0,0,0,500,0,0,1
115257,115257,500,0,0,0,500,0,0,1
115261,115261,1800,0,0,1554,246,0,0,1
115265,115265,200,0,0,0,200,0,0,1
115269,115269,500,0,0,0,500,0,0,1
115273,115273,500,0,0,0,500,0,0,1
115277,115277,500,0,0,0,500,0,0,1
115285,115285,500,0,0,0,500,0,0,1
115289,115289,500,0,0,0,500,0,0,1
115293,115293,1800,0,0,1554,246,0,0,1
115301,115301,500,0,0,0,500,0,0,1
115305,115305,200,0,0,0,200,0,0,1
115309,115309,500,0,0,0,500,0,0,1
115313,115313,500,0,0,0,500,0,0,1
115317,115317,1800,0,0,1531,269,0,0,1
115321,115321,500,0,0,0,500,0,0,1
115325,115325,500,0,0,0,500,0,0,1
115333,115333,200,0,0,0,200,0,0,1
115337,115337,500,0,0,0,500,0,0,1
115341,115341,100,0,0,0,100,0,0,1
115345,115345,100,0,0,0,100,0,0,1
115349,115349,500,0,0,0,500,0,0,1
115353,115353,500,0,0,0,500,0,0,1
115357,115357,500,0,0,0,500,0,0,1
115361,115361,200,0,0,0,200,0,0,1
115365,115365,500,0,0,0,500,0,0,1
115369,115369,500,0,0,0,500,0,0,1
115373,115373,147,0,0,47,100,0,0,1
115377,115377,500,0,0,0,500,0,0,1
115381,115381,500,0,0,0,500,0,0,1
115385,115385,500,0,0,0,500,0,0,1
115389,115389,200,0,0,0,200,0,0,1
115393,115393,500,0,0,0,500,0,0,1
115397,115397,500,0,0,0,500,0,0,1
115401,115401,500,0,0,0,500,0,0,1
115405,115405,500,0,0,0,500,0,0,1
115409,115409,500,0,0,0,500,0,0,1
115413,115413,200,0,0,0,200,0,0,1
115417,115417,500,0,0,0,500,0,0,1
115421,115421,500,0,0,0,500,0,0,1
115425,115425,500,0,0,0,500,0,0,1
115429,115429,500,0,0,300,200,0,0,1
115433,115433,500,0,0,0,500,0,0,1
115437,115437,200,0,0,0,200,0,0,1
115441,115441,500,0,0,0,500,0,0,1
115445,115445,500,0,0,0,500,0,0,1
115449,115449,500,0,0,0,500,0,0,1
115453,115453,500,0,0,0,500,0,0,1
115457,115457,500,0,0,0,500,0,0,1
115461,115461,200,0,0,0,200,0,0,1
111079,111175,500,1000,0,0,500,1000,0,1
111087,111087,1000,0,0,0,1000,0,0,1
115465,115465,500,0,0,0,500,0,0,1
76544,76544,4000,0,0,0,4000,0,0,1
115469,115469,500,0,0,300,200,0,0,1
115473,115473,200,0,0,0,200,0,0,1
76548,76548,800,0,0,0,800,0,0,1
115477,115477,500,0,0,0,500,0,0,1
115481,115481,500,0,0,400,100,0,0,1
76552,76552,700,0,0,0,700,0,0,1
111095,112719,400,400,0,0,400,400,0,1
111099,111099,900,0,0,0,900,0,0,1
115485,115485,500,0,0,0,500,0,0,1
115489,115489,200,0,0,0,200,0,0,1
115493,115493,500,0,0,0,500,0,0,1
115497,115497,500,0,0,400,100,0,0,1
115501,115501,200,0,0,0,200,0,0,1
111103,111103,1000,0,0,0,1000,0,0,1
115505,115505,200,0,0,0,200,0,0,1
76556,76556,600,0,0,0,600,0,0,1
76560,76560,800,0,0,0,800,0,0,1
76564,76564,600,0,0,0,600,0,0,1
111107,111107,3300,0,0,0,3300,0,0,1
76568,76568,500,0,0,0,500,0,0,1
115509,115509,200,0,0,100,100,0,0,1
115513,115513,200,0,0,0,200,0,0,1
115517,115517,500,0,0,400,100,0,0,1
111111,111111,1000,0,0,0,1000,0,0,1
76572,76572,1000,0,0,0,1000,0,0,1
76584,76584,100,0,0,0,100,0,0,1
76588,76588,100,0,0,0,100,0,0,1
76592,710908,1054,85120,0,0,975,85199,0,1
76596,710904,677,57625,0,0,203,58099,0,1
111115,111115,200,0,0,0,200,0,0,1
111119,111119,100,0,0,0,100,0,0,1
115521,115521,500,0,0,0,500,0,0,1
115525,115525,100,0,0,0,100,0,0,1
115529,115529,199,0,0,0,199,0,0,1
76600,76600,400,0,0,0,400,0,0,1
81082,81082,500,0,0,0,500,0,0,1
111123,111123,500,0,0,0,500,0,0,1
115533,115533,300,0,0,0,300,0,0,1
115537,115537,500,0,0,0,500,0,0,1
76616,76616,100,0,0,0,100,0,0,1
76620,76620,246,0,0,6,240,0,0,1
76624,76624,300,0,0,0,300,0,0,1
76628,76628,100,0,0,0,100,0,0,1
111131,111131,188,0,0,24,164,0,0,1
81086,81086,500,0,0,0,500,0,0,1
115541,115541,100,0,0,0,100,0,0,1
76632,76632,250,0,0,0,250,0,0,1
111135,111135,262,0,0,0,262,0,0,1
76636,76636,200,0,0,0,200,0,0,1
76640,76640,200,0,0,0,200,0,0,1
81098,81098,200,0,0,0,200,0,0,1
81102,81102,300,0,0,0,300,0,0,1
111159,111159,100,0,0,0,100,0,0,1
111167,111167,100,0,0,0,100,0,0,1
111179,111179,500,0,0,0,500,0,0,1
81110,85278,200,500,0,0,200,500,0,1
115553,115553,100,0,0,0,100,0,0,1
115561,115561,2700,0,0,0,2700,0,0,1
115565,115633,500,500,0,0,500,500,0,1
115569,115569,500,0,0,400,100,0,0,1
115573,115609,300,200,0,0,200,300,0,1
115577,115577,200,0,0,0,200,0,0,1
115581,115581,200,0,0,0,200,0,0,1
115585,115585,100,0,0,0,100,0,0,1
115589,115589,100,0,0,0,100,0,0,1
115593,115593,100,0,0,0,100,0,0,1
115597,115597,100,0,0,0,100,0,0,1
115601,115601,100,0,0,0,100,0,0,1
115613,115613,100,0,0,0,100,0,0,1
115617,115617,100,0,0,0,100,0,0,1
76644,76644,100,0,0,0,100,0,0,1
111215,111215,393,0,0,272,121,0,0,1
111219,111219,100,0,0,0,100,0,0,1
111227,111227,100,0,0,0,100,0,0,1
111231,111231,100,0,0,0,100,0,0,1
111235,111235,100,0,0,0,100,0,0,1
115637,115693,500,500,0,0,500,500,0,1
76648,76648,700,0,0,500,200,0,0,1
76652,76652,300,0,0,0,300,0,0,1
76656,76656,400,0,0,200,200,0,0,1
111239,111239,426,0,0,80,346,0,0,1
111243,111243,500,0,0,0,500,0,0,1
111247,111247,744,0,0,631,113,0,0,1
76660,76660,3400,0,0,700,2700,0,0,1
76664,76664,4900,0,0,800,4100,0,0,1
76668,76668,100,0,0,0,100,0,0,1
76672,76672,100,0,0,0,100,0,0,1
76676,76676,100,0,0,0,100,0,0,1
76680,76680,100,0,0,0,100,0,0,1
115641,115641,100,0,0,0,100,0,0,1
76684,76684,100,0,0,0,100,0,0,1
111255,111259,100,100,0,0,100,100,0,1
115645,115645,200,0,0,0,200,0,0,1
115657,115657,400,0,0,0,400,0,0,1
111263,111263,413,0,0,0,413,0,0,1
111267,111267,500,0,0,0,500,0,0,1
81126,81126,1600,0,0,1500,100,0,0,1
76688,76688,100,0,0,0,100,0,0,1
111275,111275,200,0,0,0,200,0,0,1
115661,115661,700,0,0,0,700,0,0,1
111279,111279,200,0,0,0,200,0,0,1
115665,115665,500,0,0,0,500,0,0,1
115669,115669,1336,0,0,270,1066,0,0,1
115673,115673,270,0,0,128,142,0,0,1
115677,115677,1109,0,0,93,1016,0,0,1
111283,111283,1052,0,0,759,293,0,0,1
111287,111287,1500,0,0,1100,400,0,0,1
111291,111291,500,0,0,0,500,0,0,1
115685,115685,500,0,0,0,500,0,0,1
111295,111295,500,0,0,0,500,0,0,1
81134,81134,700,0,0,0,700,0,0,1
111299,111299,500,0,0,0,500,0,0,1
81142,81142,500,0,0,0,500,0,0,1
81146,126402,500,6000,0,0,3000,3500,0,1
81150,81150,500,0,0,0,500,0,0,1
81154,81154,500,0,0,0,500,0,0,1
115689,115689,100,0,0,0,100,0,0,1
111303,111303,100,0,0,0,100,0,0,1
111311,111311,470,0,0,47,423,0,0,1
111315,111315,263,0,0,106,157,0,0,1
115697,115697,100,0,0,0,100,0,0,1
115701,115701,500,0,0,0,500,0,0,1
115705,115705,1027,0,0,914,113,0,0,1
115709,115709,738,0,0,624,114,0,0,1
115713,115713,269,0,0,0,269,0,0,1
115717,115717,500,0,0,0,500,0,0,1
115721,115721,220,0,0,120,100,0,0,1
111323,111323,100,0,0,0,100,0,0,1
111327,111327,300,0,0,0,300,0,0,1
81162,81162,300,0,0,0,300,0,0,1
111331,111331,500,0,0,300,200,0,0,1
111335,111335,500,0,0,0,500,0,0,1
111339,111339,1000,0,0,900,100,0,0,1
81170,81170,1800,0,0,1300,500,0,0,1
81174,81174,2000,0,0,1000,1000,0,0,1
111343,111343,800,0,0,700,100,0,0,1
111347,111347,100,0,0,0,100,0,0,1
111351,111351,500,0,0,0,500,0,0,1
76692,76692,900,0,0,0,900,0,0,1
76696,76696,100,0,0,0,100,0,0,1
115725,115725,500,0,0,0,500,0,0,1
115729,115729,100,0,0,0,100,0,0,1
115733,115733,500,0,0,0,500,0,0,1
115737,115917,500,2500,0,0,500,2500,0,1
115741,115741,100,0,0,0,100,0,0,1
81182,81182,125,0,0,0,125,0,0,1
81186,81186,100,0,0,0,100,0,0,1
115749,115749,247,0,0,39,208,0,0,1
81190,81190,100,0,0,0,100,0,0,1
81194,81194,100,0,0,0,100,0,0,1
81198,81198,217,0,0,105,112,0,0,1
115757,115757,127,0,0,27,100,0,0,1
81202,81202,100,0,0,0,100,0,0,1
81206,81206,100,0,0,0,100,0,0,1
81210,81210,100,0,0,0,100,0,0,1
111355,111355,1000,0,0,900,100,0,0,1
111359,111359,2500,0,0,2400,100,0,0,1
111363,111363,500,0,0,0,500,0,0,1
81218,81218,1000,0,0,0,1000,0,0,1
111367,111367,500,0,0,0,500,0,0,1
115765,115821,1000,500,0,0,500,1000,0,1
115769,115769,500,0,0,0,500,0,0,1
115773,115773,200,0,0,0,200,0,0,1
111375,111375,783,0,0,0,783,0,0,1
115777,115777,100,0,0,0,100,0,0,1
111379,111379,495,0,0,0,495,0,0,1
115781,115781,800,0,0,300,500,0,0,1
115785,115785,500,0,0,0,500,0,0,1
115789,115789,500,0,0,0,500,0,0,1
115793,115793,870,0,0,127,743,0,0,1
115797,115797,500,0,0,0,500,0,0,1
76700,76700,100,0,0,0,100,0,0,1
76704,76704,100,0,0,0,100,0,0,1
111383,111383,100,0,0,0,100,0,0,1
81226,81226,100,0,0,0,100,0,0,1
111387,111387,100,0,0,0,100,0,0,1
81230,81230,100,0,0,0,100,0,0,1
81234,81234,100,0,0,0,100,0,0,1
111391,111391,785,0,0,0,785,0,0,1
111395,111395,888,0,0,627,261,0,0,1
115801,115801,100,0,0,0,100,0,0,1
111399,111399,500,0,0,0,500,0,0,1
115805,115805,500,0,0,0,500,0,0,1
111411,111411,1500,0,0,0,1500,0,0,1
76708,76708,1200,0,0,0,1200,0,0,1
115813,115813,135,0,0,0,135,0,0,1
115817,136353,500,1000,0,0,1000,500,0,1
81238,81238,2800,0,0,0,2800,0,0,1
115825,115825,1200,0,0,0,1200,0,0,1
111415,111415,100,0,0,0,100,0,0,1
115829,115829,1300,0,0,0,1300,0,0,1
115833,115833,100,0,0,0,100,0,0,1
111419,111419,947,0,0,759,188,0,0,1
111423,111423,558,0,0,0,558,0,0,1
81250,81250,1000,0,0,0,1000,0,0,1
115837,115837,100,0,0,0,100,0,0,1
111427,111427,200,0,0,0,200,0,0,1
76724,76724,100,0,5,0,95,0,0,1
115841,115841,200,0,0,0,200,0,0,1
76736,77836,300,200,0,0,200,300,0,1
76744,76744,100,0,0,0,100,0,0,1
115845,115845,100,0,0,0,100,0,0,1
115853,115853,1177,0,0,1015,162,0,0,1
115857,115857,100,0,0,0,100,0,0,1
115861,115861,500,0,0,0,500,0,0,1
115865,115865,100,0,0,0,100,0,0,1
115869,115869,500,0,0,0,500,0,0,1
115873,115873,500,0,0,0,500,0,0,1
115877,115877,500,0,0,0,500,0,0,1
115881,115881,301,0,0,0,301,0,0,1
115885,115885,1162,0,0,1010,152,0,0,1
115889,115889,1332,0,0,467,865,0,0,1
115893,115893,100,0,0,0,100,0,0,1
111431,111431,600,0,0,300,300,0,0,1
111435,111435,500,0,0,0,500,0,0,1
111439,111439,500,0,0,0,500,0,0,1
111443,111443,100,0,0,0,100,0,0,1
76748,76748,100,0,0,0,100,0,0,1
76752,76752,100,0,0,0,100,0,0,1
76760,76760,900,0,0,0,900,0,0,1
76764,76764,800,0,0,100,700,0,0,1
115909,115909,100,0,0,0,100,0,0,1
115913,115913,100,0,0,0,100,0,0,1
115921,115921,500,0,0,0,500,0,0,1
81258,81258,100,0,0,0,100,0,0,1
81262,81262,4100,0,0,2600,1500,0,0,1
81266,81266,1200,0,0,0,1200,0,0,1
111447,111447,785,0,0,0,785,0,0,1
111451,111451,500,0,0,0,500,0,0,1
81270,81270,100,0,0,0,100,0,0,1
111455,111455,760,0,0,660,100,0,0,1
76768,76768,100,0,0,0,100,0,0,1
76772,76772,299,0,0,0,299,0,0,1
76776,76776,281,0,0,0,281,0,0,1
76780,76780,187,0,0,0,187,0,0,1
76784,76784,232,0,0,0,232,0,0,1
76788,76876,800,700,0,0,700,800,0,1
76792,76792,700,0,0,0,700,0,0,1
76796,76796,700,0,0,0,700,0,0,1
76800,76800,212,0,0,0,212,0,0,1
111459,111459,600,0,0,0,600,0,0,1
81274,81274,100,0,0,0,100,0,0,1
111463,111463,426,0,0,187,239,0,0,1
81278,81278,100,0,0,0,100,0,0,1
111467,111467,508,0,0,375,133,0,0,1
81282,81282,100,0,0,0,100,0,0,1
111471,111471,500,0,0,0,500,0,0,1
76804,76804,100,0,0,0,100,0,0,1
115925,115925,100,0,0,0,100,0,0,1
81286,81286,2100,0,0,1000,1100,0,0,1
81290,81290,200,0,0,0,200,0,0,1
115929,115929,300,0,0,0,300,0,0,1
115933,115933,200,0,0,0,200,0,0,1
115937,115937,100,0,0,0,100,0,0,1
81294,81294,100,0,0,0,100,0,0,1
115941,115941,200,0,0,0,200,0,0,1
81298,81298,1300,0,0,0,1300,0,0,1
115945,115945,300,0,0,0,300,0,0,1
115949,115949,300,0,0,0,300,0,0,1
81302,81302,500,0,0,0,500,0,0,1
115953,115953,200,0,0,0,200,0,0,1
115957,115957,200,0,0,0,200,0,0,1
115961,115961,300,0,0,0,300,0,0,1
115965,115965,300,0,0,100,200,0,0,1
115969,115969,200,0,0,0,200,0,0,1
115973,115973,500,0,0,200,300,0,0,1
81306,81306,500,0,0,0,500,0,0,1
81310,81310,1300,0,0,0,1300,0,0,1
81314,81314,500,0,0,0,500,0,0,1
81318,81318,600,0,0,400,200,0,0,1
115977,115977,200,0,0,100,100,0,0,1
81322,81322,200,0,0,0,200,0,0,1
81326,81326,1400,0,0,800,600,0,0,1
81330,81330,200,0,0,0,200,0,0,1
81334,81334,200,0,0,0,200,0,0,1
81338,81338,900,0,0,500,400,0,0,1
115981,115981,400,0,0,0,400,0,0,1
81342,81342,1000,0,0,0,1000,0,0,1
115985,115985,100,0,0,0,100,0,0,1
76808,76808,100,0,0,0,100,0,0,1
81346,81346,2100,0,0,1000,1100,0,0,1
81350,81350,200,0,0,0,200,0,0,1
115989,115989,500,0,0,0,500,0,0,1
115993,115993,100,0,0,0,100,0,0,1
81354,81354,300,0,0,0,300,0,0,1
115997,115997,100,0,0,0,100,0,0,1
81358,81358,2100,0,0,1600,500,0,0,1
116001,116001,300,0,0,0,300,0,0,1
81362,81362,619,0,0,0,619,0,0,1
81366,81366,300,0,0,100,200,0,0,1
116005,116005,20,0,0,0,20,0,0,1
81370,81370,500,0,0,300,200,0,0,1
76812,76812,47,0,47,0,0,0,0,1
76816,76816,100,0,0,0,100,0,0,1
81374,81374,1600,0,0,100,1500,0,0,1
81378,81378,100,0,0,0,100,0,0,1
81382,81382,100,0,0,0,100,0,0,1
81386,81386,100,0,0,0,100,0,0,1
81390,81390,100,0,0,0,100,0,0,1
81394,81394,100,0,0,0,100,0,0,1
81398,81398,100,0,0,0,100,0,0,1
81402,81402,100,0,0,0,100,0,0,1
116017,116017,500,0,0,0,500,0,0,1
116021,116021,415,0,0,243,172,0,0,1
116025,116025,500,0,0,0,500,0,0,1
116029,116029,100,0,0,0,100,0,0,1
116033,116033,419,0,0,293,126,0,0,1
81406,81406,100,0,0,0,100,0,0,1
116037,116037,349,0,0,249,100,0,0,1
81410,81410,100,0,0,0,100,0,0,1
111475,111475,20,0,0,0,20,0,0,1
111479,111479,20,0,0,0,20,0,0,1
76820,76820,100,0,0,0,100,0,0,1
76824,76824,100,0,0,0,100,0,0,1
116041,116041,20,0,0,0,20,0,0,1
81414,81414,400,0,0,0,400,0,0,1
81418,81418,300,0,0,0,300,0,0,1
81422,81422,1600,0,2,0,1598,0,0,1
81426,81426,200,0,0,0,200,0,0,1
116045,116045,100,0,0,0,100,0,0,1
116049,116049,500,0,0,0,500,0,0,1
76828,76828,100,0,0,0,100,0,0,1
81430,81430,1600,0,0,700,900,0,0,1
116053,116053,100,0,0,0,100,0,0,1
116057,116057,500,0,0,400,100,0,0,1
116061,116061,500,0,0,0,500,0,0,1
111483,111483,273,0,0,86,187,0,0,1
111487,111487,566,0,0,42,524,0,0,1
111491,111491,100,0,0,0,100,0,0,1
111495,111495,673,0,0,303,370,0,0,1
111499,111499,212,0,0,112,100,0,0,1
111503,111503,435,0,0,318,117,0,0,1
81434,81434,1000,0,0,0,1000,0,0,1
81438,81438,1000,0,0,0,1000,0,0,1
76832,76832,100,0,0,0,100,0,0,1
116065,116065,500,0,0,0,500,0,0,1
116069,116069,500,0,0,0,500,0,0,1
111507,111507,233,0,0,0,233,0,0,1
111511,111511,500,0,0,0,500,0,0,1
111515,111515,500,0,0,0,500,0,0,1
116073,116073,100,0,0,0,100,0,0,1
116077,116077,100,0,0,0,100,0,0,1
111519,111519,100,0,0,0,100,0,0,1
116081,116081,500,0,0,0,500,0,0,1
116085,116085,500,0,0,0,500,0,0,1
116089,116089,300,0,0,0,300,0,0,1
111523,111523,340,0,0,173,167,0,0,1
111527,111527,514,0,0,0,514,0,0,1
111531,111531,500,0,0,0,500,0,0,1
111535,111535,785,0,0,0,785,0,0,1
81442,81442,1000,0,0,0,1000,0,0,1
76836,76836,2500,0,0,0,2500,0,0,1
76840,76840,1500,0,0,0,1500,0,0,1
111543,111543,1200,0,0,900,300,0,0,1
111547,111547,1000,0,0,0,1000,0,0,1
116093,116093,200,0,0,0,200,0,0,1
111551,111551,500,0,0,0,500,0,0,1
116097,116097,500,0,0,0,500,0,0,1
76848,76848,150,0,0,26,124,0,0,1
81450,81450,100,0,0,0,100,0,0,1
76852,76852,224,0,0,0,224,0,0,1
76856,76856,500,0,0,0,500,0,0,1
76860,76860,100,0,0,0,100,0,0,1
111555,111555,5100,0,0,0,5100,0,0,1
81458,81458,2000,0,0,0,2000,0,0,1
76864,76864,300,0,0,0,300,0,0,1
116113,116113,100,0,0,0,100,0,0,1
116117,116117,100,0,0,0,100,0,0,1
76868,76868,343,0,0,145,198,0,0,1
76872,76872,700,0,0,0,700,0,0,1
76880,76880,600,0,0,500,100,0,0,1
76884,78252,700,9200,0,0,800,9100,0,1
76888,76888,800,0,0,0,800,0,0,1
76892,76892,314,0,0,199,115,0,0,1
76900,76916,100,900,0,0,100,900,0,1
76904,76904,557,0,0,152,405,0,0,1
76908,76908,304,0,0,73,231,0,0,1
76920,76920,700,0,0,0,700,0,0,1
116121,116121,100,0,0,0,100,0,0,1
76924,76924,187,0,0,73,114,0,0,1
76928,76928,266,0,0,0,266,0,0,1
76932,76932,700,0,0,0,700,0,0,1
116125,116125,100,0,0,0,100,0,0,1
116129,116129,100,0,0,0,100,0,0,1
116133,116133,100,0,0,0,100,0,0,1
111563,111563,20,0,0,0,20,0,0,1
76936,76936,231,0,0,0,231,0,0,1
76940,76940,145,0,0,0,145,0,0,1
116137,116137,1000,0,0,0,1000,0,0,1
76944,76944,700,0,0,0,700,0,0,1
76948,76948,289,0,0,189,100,0,0,1
76952,76952,231,0,0,0,231,0,0,1
116141,116141,1000,0,0,0,1000,0,0,1
111571,111571,100,0,0,0,100,0,0,1
76960,76960,100,0,0,0,100,0,0,1
76964,76964,100,0,0,0,100,0,0,1
81462,81462,100,0,0,0,100,0,0,1
76968,76968,268,0,0,78,190,0,0,1
76972,76972,700,0,0,0,700,0,0,1
81470,81470,2000,0,0,0,2000,0,0,1
81474,81474,100,0,0,0,100,0,0,1
76976,76976,377,0,0,231,146,0,0,1
76980,76980,343,0,0,0,343,0,0,1
76984,76984,450,0,0,0,450,0,0,1
76988,76988,700,0,0,0,700,0,0,1
76992,76992,100,0,0,0,100,0,0,1
76996,76996,158,0,0,0,158,0,0,1
77004,77020,700,700,0,0,700,700,0,1
77008,78380,700,700,0,0,700,700,0,1
77016,77136,100,2400,0,0,800,1700,0,1
77024,77024,700,0,0,0,700,0,0,1
77028,77028,648,0,0,403,245,0,0,1
116149,116205,500,1000,0,0,500,1000,0,1
111583,111583,500,0,0,0,500,0,0,1
77032,77032,377,0,0,184,193,0,0,1
77036,77036,700,0,0,0,700,0,0,1
116153,116153,120,0,0,20,100,0,0,1
77048,77048,417,0,0,100,317,0,0,1
77052,77052,651,0,0,551,100,0,0,1
116157,116157,100,0,0,0,100,0,0,1
77056,77056,1000,0,0,381,619,0,0,1
77060,77060,231,0,0,0,231,0,0,1
77064,77064,328,0,0,228,100,0,0,1
111591,111591,500,0,0,0,500,0,0,1
81482,81482,2000,0,0,0,2000,0,0,1
77068,77068,500,0,0,0,500,0,0,1
111595,111595,5100,0,0,0,5100,0,0,1
77072,77072,100,0,0,0,100,0,0,1
81490,81490,2000,0,0,0,2000,0,0,1
81494,81494,100,0,0,0,100,0,0,1
77076,77076,284,0,0,132,152,0,0,1
116173,116173,20,0,0,0,20,0,0,1
77080,77080,500,0,0,0,500,0,0,1
77084,77084,100,0,0,0,100,0,0,1
111599,111599,5100,0,0,0,5100,0,0,1
81502,81502,2000,0,0,1300,700,0,0,1
116177,116177,300,0,0,0,300,0,0,1
116181,116181,500,0,0,0,500,0,0,1
116185,116185,400,0,0,300,100,0,0,1
77088,77088,265,0,0,0,265,0,0,1
77092,77092,348,0,0,3,345,0,0,1
77096,77096,605,0,0,505,100,0,0,1
77104,77104,4000,0,0,0,4000,0,0,1
77108,77168,700,700,0,0,700,700,0,1
77112,77112,648,0,0,305,343,0,0,1
77116,77116,348,0,0,201,147,0,0,1
77124,77124,270,0,0,116,154,0,0,1
77128,77128,189,0,0,0,189,0,0,1
77132,77132,377,0,0,0,377,0,0,1
77140,77140,299,0,0,56,243,0,0,1
116189,116189,141,0,0,23,118,0,0,1
116193,116193,100,0,0,0,100,0,0,1
77144,77144,144,0,0,0,144,0,0,1
116201,116201,100,0,0,0,100,0,0,1
116209,116209,500,0,0,0,500,0,0,1
116213,116213,326,0,0,192,134,0,0,1
116217,116217,500,0,0,0,500,0,0,1
111607,111607,500,0,0,0,500,0,0,1
111611,111627,500,500,0,0,500,500,0,1
111615,111615,800,0,0,700,100,0,0,1
111619,111619,100,0,0,0,100,0,0,1
116221,116221,1200,0,0,0,1200,0,0,1
77152,77152,200,0,0,0,200,0,0,1
116225,116229,500,500,0,0,500,500,0,1
116233,116233,100,0,0,0,100,0,0,1
116237,116237,100,0,0,0,100,0,0,1
116241,116241,100,0,0,0,100,0,0,1
116245,116245,100,0,0,0,100,0,0,1
116249,116249,141,0,0,39,102,0,0,1
111631,112123,500,500,0,0,500,500,0,1
111635,111635,1000,0,0,0,1000,0,0,1
81506,81506,300,0,0,0,300,0,0,1
77156,77156,170,0,0,0,170,0,0,1
77160,77160,242,0,0,59,183,0,0,1
111639,111639,652,0,0,552,100,0,0,1
111643,111643,500,0,0,0,500,0,0,1
111647,111647,20,0,0,0,20,0,0,1
111651,111651,20,0,0,0,20,0,0,1
111655,111655,20,0,0,0,20,0,0,1
81510,81510,100,0,0,0,100,0,0,1
81514,81514,500,0,0,0,500,0,0,1
81518,81518,300,0,0,0,300,0,0,1
81522,81522,500,0,0,0,500,0,0,1
81526,81526,100,0,0,0,100,0,0,1
81530,81530,500,0,0,400,100,0,0,1
81534,81534,1000,0,0,500,500,0,0,1
81538,81538,100,0,0,0,100,0,0,1
81542,81542,300,0,0,100,200,0,0,1
81554,81554,100,0,0,0,100,0,0,1
81558,81558,100,0,0,0,100,0,0,1
111659,111659,290,0,0,0,290,0,0,1
116253,116253,500,0,0,0,500,0,0,1
116257,116257,500,0,0,0,500,0,0,1
111663,111663,563,0,0,86,477,0,0,1
111671,111671,100,0,0,0,100,0,0,1
111675,111675,301,0,0,201,100,0,0,1
81566,81566,1100,0,0,0,1100,0,0,1
81570,81570,2000,0,0,1000,1000,0,0,1
116261,116261,2600,0,0,0,2600,0,0,1
81574,81574,100,0,0,0,100,0,0,1
77172,77172,400,0,0,0,400,0,0,1
81582,81582,2000,0,0,0,2000,0,0,1
81586,81586,300,0,0,0,300,0,0,1
111679,111679,500,0,0,0,500,0,0,1
111683,111683,300,0,0,200,100,0,0,1
111687,111687,1300,0,0,1200,100,0,0,1
116265,116265,100,0,0,0,100,0,0,1
81590,81590,1600,0,0,0,1600,0,0,1
77176,77176,1000,0,0,500,500,0,0,1
77180,77180,500,0,0,0,500,0,0,1
111691,111691,300,0,0,100,200,0,0,1
111695,111695,175,0,0,75,100,0,0,1
77184,77184,400,0,0,0,400,0,0,1
111699,111699,500,0,0,0,500,0,0,1
111703,111711,100,100,0,0,100,100,0,1
111707,111707,100,0,0,0,100,0,0,1
111715,111715,100,0,0,0,100,0,0,1
111719,111719,200,0,0,0,200,0,0,1
111727,111727,300,0,0,0,300,0,0,1
77188,77188,500,0,0,0,500,0,0,1
77192,77192,462,0,0,220,242,0,0,1
111731,111731,500,0,0,0,500,0,0,1
81594,81594,100,0,0,0,100,0,0,1
111739,111739,20,0,0,0,20,0,0,1
111743,111743,20,0,0,0,20,0,0,1
111747,111747,2500,0,0,0,2500,0,0,1
111755,111755,100,0,0,0,100,0,0,1
111767,111767,200,0,0,0,200,0,0,1
111771,111771,200,0,0,0,200,0,0,1
116273,116273,102,0,0,0,102,0,0,1
116281,116281,100,0,0,0,100,0,0,1
116285,116285,102,0,0,2,100,0,0,1
116289,116289,1582,0,0,1298,284,0,0,1
116293,116293,100,0,0,0,100,0,0,1
116297,116305,500,500,0,0,500,500,0,1
116301,116301,1200,0,0,700,500,0,0,1
116309,116309,516,0,0,293,223,0,0,1
116313,116313,753,0,0,653,100,0,0,1
77196,77196,200,0,0,0,200,0,0,1
116317,116317,800,0,0,700,100,0,0,1
116321,116321,600,0,0,400,200,0,0,1
116329,116329,500,0,0,0,500,0,0,1
116333,116333,300,0,0,100,200,0,0,1
116337,116337,100,0,0,0,100,0,0,1
116341,116341,1200,0,0,900,300,0,0,1
116349,116729,200,300,0,0,300,200,0,1
116357,116357,500,0,0,0,500,0,0,1
116361,116653,500,500,0,0,500,500,0,1
116365,117445,500,1000,0,0,500,1000,0,1
81598,81598,100,0,0,0,100,0,0,1
116369,116369,100,0,0,0,100,0,0,1
116373,116373,300,0,0,200,100,0,0,1
116377,116377,100,0,0,0,100,0,0,1
116381,116381,1000,0,0,900,100,0,0,1
77200,77200,200,0,0,0,200,0,0,1
116385,116385,200,0,0,0,200,0,0,1
81602,81602,100,0,0,0,100,0,0,1
81610,81610,2000,0,0,0,2000,0,0,1
81614,81614,2000,0,0,0,2000,0,0,1
77208,77208,300,0,0,0,300,0,0,1
81622,81622,2000,0,0,1500,500,0,0,1
111895,111895,5100,0,0,500,4600,0,0,1
77216,77216,100,0,0,0,100,0,0,1
77220,77220,100,0,0,0,100,0,0,1
116401,116401,500,0,0,0,500,0,0,1
116405,116405,500,0,0,0,500,0,0,1
116409,116409,100,0,0,0,100,0,0,1
116413,116413,100,0,0,0,100,0,0,1
81626,81626,1100,0,0,0,1100,0,0,1
81630,81630,1000,0,0,800,200,0,0,1
77224,77224,100,0,0,0,100,0,0,1
77228,77228,100,0,0,0,100,0,0,1
116417,116417,100,0,0,0,100,0,0,1
116421,116665,300,200,0,0,200,300,0,1
81634,81634,500,0,0,0,500,0,0,1
116425,116433,300,400,0,0,200,500,0,1
116437,116437,100,0,0,0,100,0,0,1
77236,77236,100,0,0,0,100,0,0,1
111899,111899,800,0,0,0,800,0,0,1
77240,77240,100,0,0,0,100,0,0,1
111903,111903,800,0,0,0,800,0,0,1
81638,81638,100,0,0,0,100,0,0,1
81642,81642,100,0,0,0,100,0,0,1
116441,116441,100,0,0,0,100,0,0,1
81646,81646,2000,0,0,0,2000,0,0,1
81650,81650,100,0,0,0,100,0,0,1
116445,116445,300,0,0,100,200,0,0,1
77244,77244,100,0,0,0,100,0,0,1
116449,116449,100,0,0,0,100,0,0,1
111907,111907,2000,0,0,0,2000,0,0,1
116453,116453,500,0,0,0,500,0,0,1
111911,111911,500,0,0,0,500,0,0,1
111915,111915,100,0,0,0,100,0,0,1
116457,116457,1000,0,0,0,1000,0,0,1
81654,81654,1000,0,0,0,1000,0,0,1
81658,81658,100,0,0,0,100,0,0,1
81662,81662,500,0,0,400,100,0,0,1
116461,116461,181,0,0,0,181,0,0,1
116465,116465,100,0,0,0,100,0,0,1
81666,81666,2000,0,0,0,2000,0,0,1
116469,116469,100,0,0,0,100,0,0,1
116473,116473,300,0,0,0,300,0,0,1
116477,116477,100,0,0,0,100,0,0,1
116481,116481,285,0,0,0,285,0,0,1
116485,116517,500,1500,0,0,500,1500,0,1
116493,116493,100,0,0,0,100,0,0,1
116497,116497,500,0,0,0,500,0,0,1
116505,116505,500,0,0,0,500,0,0,1
116509,116509,471,0,0,77,394,0,0,1
116513,116513,139,0,0,0,139,0,0,1
116521,116521,394,0,0,144,250,0,0,1
116525,116525,500,0,0,0,500,0,0,1
116529,116529,500,0,0,0,500,0,0,1
111919,111919,400,0,0,0,400,0,0,1
77248,77268,700,700,0,0,700,700,0,1
111923,111923,3800,0,0,0,3800,0,0,1
116533,116533,500,0,0,0,500,0,0,1
111927,111927,500,0,0,0,500,0,0,1
111935,111935,100,0,0,0,100,0,0,1
116537,116537,100,0,0,0,100,0,0,1
116541,116541,100,0,0,0,100,0,0,1
111939,111939,700,0,0,400,300,0,0,1
81670,81670,100,0,0,0,100,0,0,1
81674,81674,500,0,0,0,500,0,0,1
111943,111943,1800,0,0,1500,300,0,0,1
111951,111951,1000,0,0,0,1000,0,0,1
111955,111955,549,0,0,426,123,0,0,1
111959,111959,100,0,0,0,100,0,0,1
81678,81678,100,0,0,0,100,0,0,1
77264,77264,300,0,0,0,300,0,0,1
111963,111963,3800,0,0,0,3800,0,0,1
111967,111967,400,0,0,0,400,0,0,1
111971,111971,800,0,0,0,800,0,0,1
111975,111975,20,0,0,0,20,0,0,1
77272,77272,200,0,0,0,200,0,0,1
111979,111979,20,0,0,0,20,0,0,1
116565,116565,2700,0,0,0,2700,0,0,1
81682,81682,1000,0,0,900,100,0,0,1
116585,116585,300,0,0,0,300,0,0,1
81686,81686,500,0,0,0,500,0,0,1
116589,116589,100,0,0,0,100,0,0,1
116597,116605,1000,1000,0,0,1000,1000,0,1
116601,116601,1800,0,0,1700,100,0,0,1
116609,116609,223,0,0,75,148,0,0,1
116613,116613,100,0,0,0,100,0,0,1
77276,77276,100,0,0,0,100,0,0,1
111987,111987,200,0,0,0,200,0,0,1
116617,116617,234,0,0,0,234,0,0,1
111991,111991,300,0,0,0,300,0,0,1
116621,116621,100,0,0,0,100,0,0,1
116625,116625,100,0,0,0,100,0,0,1
77280,77280,100,0,0,0,100,0,0,1
116629,116629,100,0,0,0,100,0,0,1
77288,77288,300,0,0,0,300,0,0,1
116633,116633,100,0,0,0,100,0,0,1
81690,81690,2000,0,0,1000,1000,0,0,1
77296,77296,100,0,0,0,100,0,0,1
77300,77300,100,0,0,0,100,0,0,1
77304,77304,100,0,0,0,100,0,0,1
77308,77308,100,0,0,0,100,0,0,1
111999,111999,20,0,0,0,20,0,0,1
116641,116641,100,0,0,0,100,0,0,1
116645,116645,800,0,0,700,100,0,0,1
116649,116649,600,0,0,300,300,0,0,1
116657,116657,300,0,0,200,100,0,0,1
116661,116661,1200,0,0,1000,200,0,0,1
116669,116669,200,0,0,0,200,0,0,1
116685,116685,500,0,0,0,500,0,0,1
112007,112007,20,0,0,0,20,0,0,1
77316,77316,100,0,0,0,100,0,0,1
81694,81694,1200,0,0,0,1200,0,0,1
116689,116689,1000,0,0,0,1000,0,0,1
81698,81698,1200,0,0,0,1200,0,0,1
81702,81702,1300,0,0,0,1300,0,0,1
81706,81706,1200,0,0,0,1200,0,0,1
81710,81710,1200,0,0,0,1200,0,0,1
81714,81714,100,0,0,0,100,0,0,1
77320,77320,500,0,0,0,500,0,0,1
81718,81718,100,0,0,0,100,0,0,1
81722,81722,100,0,0,0,100,0,0,1
77324,77324,1200,0,0,0,1200,0,0,1
77328,77328,1500,0,0,1400,100,0,0,1
77332,77332,450,0,0,0,450,0,0,1
116701,116701,500,0,0,400,100,0,0,1
112023,112023,500,0,0,400,100,0,0,1
81726,81726,100,0,0,0,100,0,0,1
116705,116705,600,0,0,200,400,0,0,1
112027,112027,400,0,0,0,400,0,0,1
112031,112031,900,0,0,800,100,0,0,1
77336,77336,683,0,0,381,302,0,0,1
77340,77340,639,0,0,0,639,0,0,1
116709,116709,100,0,0,0,100,0,0,1
116713,116713,500,0,0,0,500,0,0,1
112035,112035,100,0,0,0,100,0,0,1
116717,123501,1500,1500,0,0,300,2700,0,1
112039,112039,300,0,0,0,300,0,0,1
116721,116721,700,0,0,500,200,0,0,1
77344,77344,2900,0,0,2800,100,0,0,1
112043,112043,215,0,0,115,100,0,0,1
112047,112047,2000,0,0,1900,100,0,0,1
112051,112051,200,0,0,0,200,0,0,1
116725,116725,500,0,0,0,500,0,0,1
77348,77532,700,300,0,0,300,700,0,1
112055,112055,600,0,0,0,600,0,0,1
112059,112059,500,0,0,0,500,0,0,1
112063,112063,3000,0,0,0,3000,0,0,1
116733,116733,100,0,0,0,100,0,0,1
112079,112079,367,0,0,0,367,0,0,1
112083,112083,1100,0,0,700,400,0,0,1
81730,81730,300,0,0,100,200,0,0,1
116737,116737,400,0,0,0,400,0,0,1
112087,112087,600,0,0,0,600,0,0,1
112091,112091,700,0,0,0,700,0,0,1
116741,116741,100,0,0,0,100,0,0,1
77352,77352,2500,0,0,2200,300,0,0,1
112095,112095,1900,0,0,1800,100,0,0,1
81734,81734,1200,0,0,0,1200,0,0,1
81738,81738,200,0,0,0,200,0,0,1
112103,112103,1210,0,0,0,1210,0,0,1
77360,77360,123,0,0,0,123,0,0,1
112107,112107,512,0,0,160,352,0,0,1
81742,81742,400,0,0,0,400,0,0,1
77364,77364,720,0,0,620,100,0,0,1
112111,112111,800,0,0,0,800,0,0,1
116745,116745,100,0,0,0,100,0,0,1
116749,116749,500,0,0,0,500,0,0,1
112115,114547,500,2500,0,0,500,2500,0,1
112119,117631,500,500,0,0,500,500,0,1
116753,116753,500,0,0,0,500,0,0,1
112127,112127,300,0,0,0,300,0,0,1
81746,81746,500,0,0,0,500,0,0,1
112131,112131,500,0,0,0,500,0,0,1
77368,77368,200,0,0,0,200,0,0,1
77372,77372,300,0,0,0,300,0,0,1
116761,116761,500,0,0,0,500,0,0,1
116769,116769,300,0,0,0,300,0,0,1
112135,112135,300,0,0,0,300,0,0,1
81750,81750,2000,0,0,0,2000,0,0,1
116777,116777,297,0,0,0,297,0,0,1
112155,112155,1210,0,0,0,1210,0,0,1
116781,116781,201,0,0,60,141,0,0,1
77376,77376,1000,0,0,0,1000,0,0,1
112163,112163,800,0,0,700,100,0,0,1
81754,81754,100,0,0,0,100,0,0,1
77380,77380,1500,0,0,100,1400,0,0,1
81758,81758,100,0,0,0,100,0,0,1
77384,77384,450,0,0,0,450,0,0,1
77388,77388,100,0,0,0,100,0,0,1
77392,77392,1200,0,0,1100,100,0,0,1
77396,77396,450,0,0,0,450,0,0,1
112175,112175,606,0,0,0,606,0,0,1
77400,77400,1400,0,0,1000,400,0,0,1
81770,81770,1000,0,0,0,1000,0,0,1
77408,77408,123,0,0,0,123,0,0,1
81774,81774,200,0,0,0,200,0,0,1
81778,81778,1200,0,0,0,1200,0,0,1
77412,77412,317,0,0,0,317,0,0,1
116793,116793,600,0,0,500,100,0,0,1
116797,117365,300,200,0,0,200,300,0,1
112179,112179,100,0,0,0,100,0,0,1
77416,77416,281,0,0,64,217,0,0,1
112183,112183,200,0,0,0,200,0,0,1
116801,116801,100,0,0,0,100,0,0,1
116805,116805,100,0,0,0,100,0,0,1
116809,117001,500,500,0,0,500,500,0,1
77420,77420,300,0,0,0,300,0,0,1
116813,116813,1000,0,0,0,1000,0,0,1
112187,112187,200,0,0,0,200,0,0,1
116817,116817,800,0,0,700,100,0,0,1
116821,116821,394,0,0,294,100,0,0,1
81786,81786,100,0,0,0,100,0,0,1
112195,112195,100,0,0,0,100,0,0,1
112199,112199,100,0,0,0,100,0,0,1
116825,116825,100,0,0,0,100,0,0,1
112203,112203,668,0,0,0,668,0,0,1
116829,116829,100,0,0,0,100,0,0,1
77428,77428,200,0,0,0,200,0,0,1
116833,116833,500,0,0,0,500,0,0,1
112207,112207,200,0,0,0,200,0,0,1
116841,116841,500,0,0,0,500,0,0,1
112211,112211,300,0,0,0,300,0,0,1
112215,112819,300,100,0,0,100,300,0,1
116845,116845,1000,0,0,0,1000,0,0,1
77432,77432,500,0,0,0,500,0,0,1
112219,112219,15000,0,0,0,15000,0,0,1
116849,116849,100,0,0,0,100,0,0,1
116853,116853,500,0,0,0,500,0,0,1
112223,112223,136,0,0,0,136,0,0,1
116857,116857,100,0,0,0,100,0,0,1
116861,116861,100,0,0,0,100,0,0,1
112227,112227,20,0,0,0,20,0,0,1
81790,81790,100,0,0,0,100,0,0,1
112231,112231,100,0,0,0,100,0,0,1
116865,116865,200,0,0,0,200,0,0,1
116869,116869,200,0,0,0,200,0,0,1
77436,77436,500,0,0,0,500,0,0,1
112235,112235,200,0,0,0,200,0,0,1
77440,77440,317,0,0,0,317,0,0,1
116873,116873,100,0,0,0,100,0,0,1
116881,116881,234,0,0,0,234,0,0,1
116885,116885,20,0,0,0,20,0,0,1
116889,116889,100,0,0,0,100,0,0,1
112239,112239,20,0,0,0,20,0,0,1
77444,77444,791,0,0,0,791,0,0,1
116893,116893,20,0,0,0,20,0,0,1
